StockID,Company,NSE Code,NewsID,Title,Summary,Source,PubDate,URL
GSTK500325,Reliance Industries,RELIANCE,,,,,,
GSTK532454,Bharti Airtel,BHARTIARTL,,,,,,
GSTK500180,HDFC Bank,HDFCBANK,,,,,,
GSTK532174,ICICI Bank,ICICIBANK,,,,,,
GSTK500112,State Bank of India,SBIN,,,,,,
GSTK532540,Tata Consultancy Services,TCS,,,,,,
GSTK500034,Bajaj Finance,BAJFINANCE,,,,,,
GSTK500510,Larsen & Toubro,LT,,,,,,
GSTK543526,Life Insurance Corporation of India Ltd.,LICI,,,,,,
GSTK500696,Hindustan Unilever,HINDUNILVR,,,,,,
GSTK524715,Sun Pharmaceutical Industries,SUNPHARMA,,,,,,
GSTK500209,Infosys,INFY,,,,,,
GSTK532500,Maruti Suzuki India,MARUTI,,,,,,
GSTK500114,Titan Company,TITAN,,,,,,
GSTK500520,Mahindra & Mahindra,M&M,,,,,,
GSTK533096,Adani Power,ADANIPOWER,,,,,,
GSTK512599,Adani Enterprises,ADANIENT,,,,,,
GSTK532921,Adani Ports and Special Economic Zone,ADANIPORTS,,,,,,
GSTK500247,Kotak Mahindra Bank,KOTAKBANK,,,,,,
GSTK532215,Axis Bank,AXISBANK,,,,,,
GSTK532281,HCL Technologies,HCLTECH,,,,,,
GSTK500875,ITC,ITC,,,,,,
GSTK532538,UltraTech Cement,ULTRACEMCO,,,,,,
GSTK532555,NTPC,NTPC,,,,,,
GSTK532978,Bajaj Finserv,BAJAJFINSV,,,,,,
GSTK532977,Bajaj Auto,BAJAJ-AUTO,,,,,,
GSTK541154,Hindustan Aeronautics,HAL,,,,,,
GSTK500228,JSW Steel,JSWSTEEL,,,,,,
GSTK500312,Oil & Natural Gas Corporation,ONGC,,,,,,
GSTK543320,Eternal (Zomato),ETERNAL,,,,,,
GSTK500790,Nestle India,NESTLEIND,,,,,,
GSTK500049,Bharat Electronics,BEL,,,,,,
GSTK532898,Power Grid Corporation of India,POWERGRID,,,,,,
GSTK500820,Asian Paints,ASIANPAINT,,,,,,
GSTK540376,Avenue Supermarts,DMART,,,,,,
GSTK533278,Coal India,COALINDIA,,,,,,
GSTK511218,Shriram Finance,SHRIRAMFIN,,,,,,
GSTK500470,Tata Steel,TATASTEEL,,,,,,
GSTK500188,Hindustan Zinc,HINDZINC,,,,,,
GSTK541450,Adani Green Energy,ADANIGREEN,,,,,,
GSTK500440,Hindalco Industries,HINDALCO,,,,,,
GSTK505200,Eicher Motors,EICHERMOT,,,,,,
GSTK532488,Divi's Laboratories,DIVISLAB,,,,,,
GSTK500300,Grasim Industries,GRASIM,,,,,,
GSTK532343,TVS Motor Company,TVSMOTOR,,,,,,
GSTK539448,Interglobe Aviation,INDIGO,,,,,,
GSTK539254,Adani Energy Solutions,ADANIENSOL,,,,,,
GSTK530965,Indian Oil Corporation,IOC,,,,,,
GSTK500420,Torrent Pharmaceuticals,TORNTPHARM,,,,,,
GSTK540719,SBI Life Insurance Company,SBILIFE,,,,,,
GSTK507685,Wipro,WIPRO,,,,,,
GSTK544780,Vedanta Aluminium Metal,VAML,,,,,,
GSTK544274,Hyundai Motor India,HYUNDAI,,,,,,
GSTK543940,JIO Financial Services,JIOFIN,,,,,,
GSTK532725,Solar Industries India,SOLARINDS,,,,,,
GSTK500331,Pidilite Industries,PIDILITIND,,,,,,
GSTK532868,DLF,DLF,,,,,,
GSTK532755,Tech Mahindra,TECHM,,,,,,
GSTK544569,Tata Motors Commercial Vehicles,TMCV,,,,,,
GSTK500251,Trent,TRENT,,,,,,
GSTK517334,Samvardhana Motherson International,MOTHERSON,,,,,,
GSTK511243,Cholamandalam Investment & Finance Company,CHOLAFIN,,,,,,
GSTK544574,Tata Capital,TATACAP,,,,,,
GSTK500002,ABB India,ABB,,,,,,
GSTK544658,ICICI Prudential Asset Management Company,ICICIAMC,,,,,,
GSTK500480,Cummins India,CUMMINSIND,,,,,,
GSTK540180,Varun Beverages,VBL,,,,,,
GSTK543187,Hitachi Energy India,POWERINDIA,,,,,,
GSTK500103,Bharat Heavy Electricals,BHEL,,,,,,
GSTK532822,Vodafone Idea,IDEA,,,,,,
GSTK532810,Power Finance Corporation,PFC,,,,,,
GSTK500547,Bharat Petroleum Corporation,BPCL,,,,,,
GSTK542652,Polycab India,POLYCAB,,,,,,
GSTK500093,CG Power & Industrial Solutions,CGPOWER,,,,,,
GSTK500550,Siemens,SIEMENS,,,,,,
GSTK532477,Union Bank of India,UNIONBANK,,,,,,
GSTK500825,Britannia Industries,BRITANNIA,,,,,,
GSTK532461,Punjab National Bank,PNB,,,,,,
GSTK540005,LTM,LTM,,,,,,
GSTK508869,Apollo Hospitals Enterprise,APOLLOHOSP,,,,,,
GSTK500490,Bajaj Holdings & Investment,BAJAJHLDNG,,,,,,
GSTK532134,Bank of Baroda,BANKBARODA,,,,,,
GSTK533398,Muthoot Finance,MUTHOOTFIN,,,,,,
GSTK500570,Tata Motors Passenger Vehicles,TMPV,,,,,,
GSTK543287,Lodha Developers,LODHA,,,,,,
GSTK544603,Groww (Billionbrains Garage Ventures),GROWW,,,,,,
GSTK500400,Tata Power Company,TATAPOWER,,,,,,
GSTK500530,Bosch,BOSCHLTD,,,,,,
GSTK532155,GAIL (India),GAIL,,,,,,
GSTK540777,HDFC Life Insurance Company,HDFCLIFE,,,,,,
GSTK500087,Cipla,CIPLA,,,,,,
GSTK543257,Indian Railway Finance Corp,IRFC,,,,,,
GSTK544390,Siemens Energy India,ENRIN,,,,,,
GSTK512455,Lloyds Metals & Energy,LLOYDSME,,,,,,
GSTK532483,Canara Bank,CANBK,,,,,,
GSTK531642,Marico,MARICO,,,,,,
GSTK532814,Indian Bank,INDIANB,,,,,,
GSTK532286,Jindal Steel,JINDALSTEL,,,,,,
GSTK532321,Zydus Lifesciences,ZYDUSLIFE,,,,,,
GSTK541729,HDFC Asset Management Company,HDFCAMC,,,,,,
GSTK532754,GMR Airports,GMRAIRPORT,,,,,,
GSTK540691,Aditya Birla Capital,ABCAPITAL,,,,,,
GSTK522275,GE Vernova T&D India,GVT&D,,,,,,
GSTK500257,Lupin,LUPIN,,,,,,
GSTK532432,United Spirits,UNITDSPR,,,,,,
GSTK532424,Godrej Consumer Products,GODREJCP,,,,,,
GSTK500182,Hero MotoCorp,HEROMOTOCO,,,,,,
GSTK500425,Ambuja Cements,AMBUJACEM,,,,,,
GSTK500800,Tata Consumer Products,TATACONSUM,,,,,,
GSTK543220,Max Healthcare Institute,MAXHEALTH,,,,,,
GSTK500493,Bharat Forge,BHARATFORG,,,,,,
GSTK500850,The Indian Hotels Company,INDHOTEL,,,,,,
GSTK500295,Vedanta,VEDL,,,,,,
GSTK534816,Indus Towers,INDUSTOWER,,,,,,
GSTK543904,Mankind Pharma,MANKIND,,,,,,
GSTK533148,JSW Energy,JSWENERGY,,,,,,
GSTK544576,LG Electronics India,LGEINDIA,,,,,,
GSTK532955,REC Limited,RECLTD,,,,,,
GSTK540222,Laurus Labs,LAURUSLABS,,,,,,
GSTK544600,Lenskart Solutions,LENSKART,,,,,,
GSTK500477,Ashok Leyland,ASHOKLEY,,,,,,
GSTK532466,Oracle Financial Services Software,OFSS,,,,,,
GSTK543237,Mazagon Dock Shipbuilders,MAZDOCK,,,,,,
GSTK500124,Dr Reddy's Laboratories,DRREDDY,,,,,,
GSTK543384,Nykaa - FSN E-Commerce Ventures Ltd.,NYKAA,,,,,,
GSTK500387,Shree Cement,SHREECEM,,,,,,
GSTK524804,Aurobindo Pharma,AUROPHARMA,,,,,,
GSTK500116,IDBI Bank,IDBI,,,,,,
GSTK500469,Federal Bank,FEDERALBNK,,,,,,
GSTK533179,Persistent Systems,PERSISTENT,,,,,,
GSTK540699,Dixon Technologies (India),DIXON,,,,,,
GSTK543396,Paytm - One97 Communications Ltd,PAYTM,,,,,,
GSTK544632,Meesho,MEESHO,,,,,,
GSTK500104,Hindustan Petroleum Corporation,HINDPETRO,,,,,,
GSTK540716,ICICI Lombard General Insurance Company,ICICIGI,,,,,,
GSTK544162,Bharti Hexacom,BHARTIHEXA,,,,,,
GSTK532777,Info Edge (India),NAUKRI,,,,,,
GSTK517354,Havells India,HAVELLS,,,,,,
GSTK533098,NHPC,NHPC,,,,,,
GSTK532187,IndusInd Bank,INDUSINDBK,,,,,,
GSTK544285,Swiggy,SWIGGY,,,,,,
GSTK540611,AU Small Finance Bank,AUBANK,,,,,,
GSTK533519,L&T Finance,LTF,,,,,,
GSTK503806,SRF,SRF,,,,,,
GSTK544277,Waaree Energies,WAAREEENER,,,,,,
GSTK532541,Coforge,COFORGE,,,,,,
GSTK544289,NTPC Green Energy,NTPCGREEN,,,,,,
GSTK526371,NMDC,NMDC,,,,,,
GSTK540133,ICICI Prudential Life Insurance Company,ICICIPRULI,,,,,,
GSTK500096,Dabur India,DABUR,,,,,,
GSTK533106,Oil India,OIL,,,,,,
GSTK540767,Nippon Life India Asset Management,NAM-INDIA,,,,,,
GSTK543390,PolicyBazaar - PB Fintech Ltd.,POLICYBZR,,,,,,
GSTK539437,IDFC First Bank,IDFCFIRSTB,,,,,,
GSTK543994,JSW Infrastructure,JSWINFRA,,,,,,
GSTK544252,Bajaj Housing Finance,BAJAJHFL,,,,,,
GSTK542066,Adani Total Gas,ATGL,,,,,,
GSTK540975,Aster DM Quality Care,ASTERDM,,,,,,
GSTK532648,Yes Bank,YESBANK,,,,,,
GSTK532843,Fortis Healthcare,FORTIS,,,,,,
GSTK532779,Torrent Power,TORNTPOWER,,,,,,
GSTK500113,Steel Authority of India,SAIL,,,,,,
GSTK533274,Prestige Estates Projects,PRESTIGE,,,,,,
GSTK532523,Biocon,BIOCON,,,,,,
GSTK539523,Alkem Laboratories,ALKEM,,,,,,
GSTK534091,Multi Commodity Exchange of India,MCX,,,,,,
GSTK532539,UNO Minda,UNOMINDA,,,,,,
GSTK503100,Phoenix Mills,PHOENIXLTD,,,,,,
GSTK533273,Oberoi Realty,OBEROIRLTY,,,,,,
GSTK532667,Suzlon Energy,SUZLON,,,,,,
GSTK532388,Indian Overseas Bank,IOB,,,,,,
GSTK532234,National Aluminium Co,NATIONALUM,,,,,,
GSTK505790,Schaeffler India,SCHAEFFLER,,,,,,
GSTK533150,Godrej Properties,GODREJPROP,,,,,,
GSTK543278,Kalyan Jewellers India,KALYANKJIL,,,,,,
GSTK532296,Glenmark Pharmaceuticals,GLENMARK,,,,,,
GSTK543066,SBI Cards And Payment Services,SBICARD,,,,,,
GSTK532149,Bank Of India,BANKINDIA,,,,,,
GSTK540755,General Insurance Corporation of India,GICRE,,,,,,
GSTK506395,Coromandel International,COROMANDEL,,,,,,
GSTK532525,Bank of Maharashtra,MAHABANK,,,,,,
GSTK509480,Berger Paints India,BERGEPAINT,,,,,,
GSTK532508,Jindal Stainless,JSL,,,,,,
GSTK500488,Abbott India,ABBOTINDIA,,,,,,
GSTK532497,Radico Khaitan,RADICO,,,,,,
GSTK540065,RBL Bank,RBLBANK,,,,,,
GSTK532259,Apar Industries,APARINDS,,,,,,
GSTK523457,Linde India,LINDEINDIA,,,,,,
GSTK544429,HDB Financial Services,HDBFS,,,,,,
GSTK532819,MindTree,MINDTREE,,,,,,
GSTK500830,Colgate-Palmolive (India),COLPAL,,,,,,
GSTK500290,MRF,MRF,,,,,,
GSTK532720,Mahindra & Mahindra Financial Services,M&MFIN,,,,,,
GSTK590024,Fertilisers & Chemicals Travancore,FACT,,,,,,
GSTK540762,Tube Investments of India,TIINDIA,,,,,,
GSTK590071,Sundaram Finance,SUNDARMFIN,,,,,,
GSTK500271,Max Financial Services,MFSL,,,,,,
GSTK500411,Thermax,THERMAX,,,,,,
GSTK532892,Motilal Oswal Financial Services,MOTILALOFS,,,,,,
GSTK512070,UPL,UPL,,,,,,
GSTK533758,APL Apollo Tubes,APLAPOLLO,,,,,,
GSTK544397,Ather Energy,ATHERENERG,,,,,,
GSTK544307,Vishal Mega Mart,VMM,,,,,,
GSTK500483,Tata Communications,TATACOMM,,,,,,
GSTK542812,Gujarat Fluorochemicals,FLUOROCHEM,,,,,,
GSTK543300,Sona BLW Precision Forgings,SONACOMS,,,,,,
GSTK502355,Balkrishna Industries,BALKRISIND,,,,,,
GSTK517569,KEI Industries,KEI,,,,,,
GSTK513599,Hindustan Copper,HINDCOPPER,,,,,,
GSTK542649,Rail Vikas Nigam,RVNL,,,,,,
GSTK544597,Piramal Finance Ltd.,PIRAMALFIN,,,,,,
GSTK544238,Premier Energies,PREMIERENE,,,,,,
GSTK542772,360 One Wam,360ONE,,,,,,
GSTK541143,Bharat Dynamics,BDL,,,,,,
GSTK539177,Authum Investment & Infrastructure,AIIL,,,,,,
GSTK544449,Anthem Biosciences,ANTHEM,,,,,,
GSTK532827,Page Industries,PAGEIND,,,,,,
GSTK500003,Aegis Logistics,AEGISLOG,,,,,,
GSTK500660,GlaxoSmithKline Pharmaceuticals,GLAXO,,,,,,
GSTK526299,Mphasis,MPHASIS,,,,,,
GSTK500164,Godrej Industries,GODREJIND,,,,,,
GSTK524494,Ipca Laboratories,IPCALAB,,,,,,
GSTK509930,Supreme Industries,SUPREMEIND,,,,,,
GSTK500575,Voltas,VOLTAS,,,,,,
GSTK532144,Welspun Corp,WELCORP,,,,,,
GSTK532331,Ajanta Pharma,AJANTPHARM,,,,,,
GSTK532683,AIA Engineering,AIAENG,,,,,,
GSTK532522,Petronet LNG,PETRONET,,,,,,
GSTK532644,JK Cement,JKCEMENT,,,,,,
GSTK523642,PI Industries,PIIND,,,,,,
GSTK539551,Narayana Hrudayalaya,NH,,,,,,
GSTK543245,Gland Pharma,GLAND,,,,,,
GSTK513683,NLC India,NLCINDIA,,,,,,
GSTK524000,Poonawalla Fincorp Limited,POONAWALLA,,,,,,
GSTK506943,JB Chemicals & Pharmaceuticals,,,,,,,
GSTK531344,Container Corporation of India,CONCOR,,,,,,
GSTK544466,Aditya Infotech,CPPLUS,,,,,,
GSTK542830,Indian Railway Catering & Tourism Corporation,IRCTC,,,,,,
GSTK540530,Housing & Urban Development Corporation,HUDCO,,,,,,
GSTK532830,Astral,ASTRAL,,,,,,
GSTK523395,3M India,3MINDIA,,,,,,
GSTK532504,Navin Fluorine International,NAVINFLUOR,,,,,,
GSTK540153,Endurance Technologies,ENDURANCE,,,,,,
GSTK500368,Patanjali Foods,PATANJALI,,,,,,
GSTK500086,Exide Industries,EXIDEIND,,,,,,
GSTK500184,Himadri Speciality Chemical,HSCL,,,,,,
GSTK543654,Global Health,MEDANTA,,,,,,
GSTK540115,L&T Technology Services,LTTS,,,,,,
GSTK532478,United Breweries,UBL,,,,,,
GSTK540678,Cochin Shipyard,COCHINSHIP,,,,,,
GSTK544210,Emcure Pharmaceuticals,EMCURE,,,,,,
GSTK544609,Physicswallah,PWL,,,,,,
GSTK543529,Delhivery,DELHIVERY,,,,,,
GSTK532889,K.P.R. Mill,KPRMILL,,,,,,
GSTK543412,Star Health and Allied Insurance Company,STARHEALTH,,,,,,
GSTK531213,Manappuram Finance,MANAPPURAM,,,,,,
GSTK500067,Blue Star,BLUESTARCO,,,,,,
GSTK500495,Escorts,ESCORTS,,,,,,
GSTK543415,Anand Rathi Wealth Ltd.,ANANDRATHI,,,,,,
GSTK501301,Tata Investment Corporation,TATAINVEST,,,,,,
GSTK544362,Hexaware Technologies Limited,HEXT,,,,,,
GSTK544325,ITC Hotels,ITCHOTELS,,,,,,
GSTK543308,Krishna Institute of Medical Sciences,KIMS,,,,,,
GSTK542216,Dalmia Bharat,DALBHARAT,,,,,,
GSTK517174,Honeywell Automation India,HONAUT,,,,,,
GSTK544026,Indian Renewable Energy Development Agency,IREDA,,,,,,
GSTK500163,Godfrey Phillips India,GODFRYPHLP,,,,,,
GSTK590003,Karur Vysya Bank,KARURVYSYA,,,,,,
GSTK543988,Nuvama Wealth Management,NUVAMA,,,,,,
GSTK532505,UCO Bank,UCOBANK,,,,,,
GSTK534139,Schneider Electric Infrastructure,SCHNEIDER,,,,,,
GSTK544407,Aegis Vopak Terminals,AEGISVOPAK,,,,,,
GSTK539524,Dr Lal PathLabs,LALPATHLAB,,,,,,
GSTK500092,CRISIL,CRISIL,,,,,,
GSTK533293,Kirloskar Oil Engines,KIRLOSENG,,,,,,
GSTK532300,Wockhardt,WOCKPHARMA,,,,,,
GSTK544309,Inventurus Knowledge Solutions,IKS,,,,,,
GSTK530843,Cupid,CUPID,,,,,,
GSTK544028,Tata Technologies,TATATECH,,,,,,
GSTK542011,Garden Reach Shipbuilders & Engineers,GRSE,,,,,,
GSTK500109,Mangalore Refinery And Petrochemicals,MRPL,,,,,,
GSTK500183,HFCL,HFCL,,,,,,
GSTK520056,TVS Holdings,TVSHLTD,,,,,,
GSTK543981,RR Kabel,RRKABEL,,,,,,
GSTK543374,Aditya Birla Sun Life AMC,ABSLAMC,,,,,,
GSTK541179,ICICI Securities,,,,,,,
GSTK533155,Jubilant FoodWorks,JUBLFOOD,,,,,,
GSTK543299,Shyam Metalics and Energy,SHYAMMETL,,,,,,
GSTK504973,Cholamandalam Financial Holdings,CHOLAHLDNG,,,,,,
GSTK500253,LIC Housing Finance,LICHSGFIN,,,,,,
GSTK540769,New India Assurance Company,NIACL,,,,,,
GSTK543426,Metro Brands,METROBRAND,,,,,,
GSTK541153,Bandhan Bank,BANDHANBNK,,,,,,
GSTK532885,Central Bank of India,CENTRALBK,,,,,,
GSTK544306,Sai Life Sciences,SAILIFE,,,,,,
GSTK500459,Procter & Gamble Hygiene & Health Care,PGHH,,,,,,
GSTK533023,ZF Commercial Vehicle Control Systems India,ZFCVINDIA,,,,,,
GSTK540173,PNB Housing Finance,PNBHOUSING,,,,,,
GSTK543235,Angel One,ANGELONE,,,,,,
GSTK500877,Apollo Tyres,APOLLOTYRE,,,,,,
GSTK533206,SJVN,SJVN,,,,,,
GSTK543498,Motherson Sumi Wiring India,MSUMI,,,,,,
GSTK523610,ITI,ITI,,,,,,
GSTK539006,PTC Industries,PTCIL,,,,,,
GSTK543573,Syrma SGS Technology,SYRMA,,,,,,
GSTK540902,Amber Enterprises India,AMBER,,,,,,
GSTK543635,Piramal Pharma,PPLPHARMA,,,,,,
GSTK532636,IIFL Finance,IIFL,,,,,,
GSTK543276,Craftsman Automation,CRAFTSMAN,,,,,,
GSTK539336,Gujarat Energy,GUJENERGY,,,,,,
GSTK543945,Netweb Technologies India,NETWEB,,,,,,
GSTK544283,Acme Solar Holdings,ACMESOLAR,,,,,,
GSTK534309,NBCC (India),NBCC,,,,,,
GSTK541770,CreditAccess Grameen,CREDITACC,,,,,,
GSTK500410,ACC,ACC,,,,,,
GSTK500302,Piramal Enterprises,,,,,,,
GSTK543664,Kaynes Technology India,KAYNES,,,,,,
GSTK542920,Sumitomo Chemical India,SUMICHEM,,,,,,
GSTK543349,Acutaas Chemicals,ACUTAAS,,,,,,
GSTK532805,Redington,REDINGTON,,,,,,
GSTK543270,MTAR Technologies,MTARTECH,,,,,,
GSTK507815,Gillette India,GILLETTE,,,,,,
GSTK544578,Rubicon Research,RUBICON,,,,,,
GSTK543458,AWL Agri Business,AWL,,,,,,
GSTK524558,Neuland Laboratories,NEULANDLAB,,,,,,
GSTK532947,IRB Infrastructure Developers,IRB,,,,,,
GSTK543428,Data Patterns (India),DATAPATTNS,,,,,,
GSTK522113,Timken India,TIMKEN,,,,,,
GSTK500033,Force Motors,FORCEMOT,,,,,,
GSTK509496,Cemindia Projects,CEMPRO,,,,,,
GSTK544179,Go Digit General Insurance,GODIGIT,,,,,,
GSTK506076,Grindwell Norton,GRINDWELL,,,,,,
GSTK570001,Tata Motors - DVR Ordinary,TATAMTRDVR,,,,,,
GSTK500408,Tata Elxsi,TATAELXSI,,,,,,
GSTK544405,Belrise Industries,BELRISE,,,,,,
GSTK506401,Deepak Nitrite,DEEPAKNTR,,,,,,
GSTK515055,Anant Raj,ANANTRAJ,,,,,,
GSTK531595,Capri Global Capital,CGCL,,,,,,
GSTK542752,Affle 3i,AFFLE,,,,,,
GSTK515030,Asahi India Glass,ASAHIINDIA,,,,,,
GSTK532748,Prime Focus,PFOCUS,,,,,,
GSTK540680,KIOCL,KIOCL,,,,,,
GSTK500680,Pfizer,PFIZER,,,,,,
GSTK544608,Emmvee Photovoltaic Power,EMMVEE,,,,,,
GSTK500084,CESC,CESC,,,,,,
GSTK522287,Kalpataru Projects International,KPIL,,,,,,
GSTK544612,Tenneco Clean Air India,TENNIND,,,,,,
GSTK544176,Aadhar Housing Finance,AADHARHFC,,,,,,
GSTK500260,Ramco Cements Limited,RAMCOCEM,,,,,,
GSTK532809,Firstsource Solutions,FSL,,,,,,
GSTK532514,Indraprastha Gas,IGL,,,,,,
GSTK543358,Sansera Engineering,SANSERA,,,,,,
GSTK505714,Gabriel India,GABRIEL,,,,,,
GSTK500106,IFCI,IFCI,,,,,,
GSTK500403,Sundram Fasteners,SUNDRMFAST,,,,,,
GSTK543534,Aether Industries,AETHER,,,,,,
GSTK532210,City Union Bank,CUB,,,,,,
GSTK500840,EIH,EIHOTEL,,,,,,
GSTK532482,Granules India,GRANULES,,,,,,
GSTK544282,Sagility,SAGILITY,,,,,,
GSTK513375,Carborundum Universal,CARBORUNIV,,,,,,
GSTK506820,Astrazeneca Pharma India,ASTRAZEN,,,,,,
GSTK532733,Sun TV Network,SUNTV,,,,,,
GSTK544515,Urban Company,URBANCO,,,,,,
GSTK517271,HBL Engineering,HBLENGINE,,,,,,
GSTK500620,The Great Eastern Shipping Company,GESHIP,,,,,,
GSTK500027,Atul,ATUL,,,,,,
GSTK543232,Computer Age Management Services,CAMS,,,,,,
GSTK532374,Sterlite Technologies,STLTECH,,,,,,
GSTK531531,Hatsun Agro Product,HATSUN,,,,,,
GSTK500645,Deepak Fertilisers And Petrochemicals Corporation,DEEPAKFERT,,,,,,
GSTK532659,IDFC,IDFC,,,,,,
GSTK522163,Diamond Power Infrastructure,DIACABS,,,,,,
GSTK544344,SPR Auto Technologies,SHRIPISTON,,,,,,
GSTK533655,Triveni Turbine,TRITURBINE,,,,,,
GSTK524742,Caplin Point Laboratories,CAPLIPOINT,,,,,,
GSTK506285,Bayer CropScience,BAYERCROP,,,,,,
GSTK532929,Brigade Enterprises,BRIGADE,,,,,,
GSTK500233,Kajaria Ceramics,KAJARIACER,,,,,,
GSTK500110,Chennai Petroleum Corporation,CHENNPETRO,,,,,,
GSTK540596,Eris Lifesciences,ERIS,,,,,,
GSTK535789,Sammaan Capital,SAMMAANCAP,,,,,,
GSTK544292,Onesource Specialty Pharma,ONESOURCE,,,,,,
GSTK544081,Jyoti CNC Automation,JYOTICNC,,,,,,
GSTK531335,Zydus Wellness,ZYDUSWELL,,,,,,
GSTK531358,Choice International,CHOICEIN,,,,,,
GSTK500870,Castrol India,CASTROLIND,,,,,,
GSTK504614,Sarda Energy & Minerals,SARDAEN,,,,,,
GSTK544480,JSW Cement,JSWCEMENT,,,,,,
GSTK522074,Elgi Equipments,ELGIEQUIP,,,,,,
GSTK532181,Gujarat Mineral Development Corporation,GMDCLTD,,,,,,
GSTK544225,OLA Electric Mobility,OLAELEC,,,,,,
GSTK532548,Century Plyboards (India),CENTURYPLY,,,,,,
GSTK542399,Chalet Hotels,CHALET,,,,,,
GSTK524208,Aarti Industries,AARTIIND,,,,,,
GSTK532493,Astra Micro Wave Products,ASTRAMICRO,,,,,,
GSTK533553,TD Power Systems,TDPOWERSYS,,,,,,
GSTK500085,Chambal Fertilisers & Chemicals,CHAMBLFERT,,,,,,
GSTK533581,PG Electroplast,PGEL,,,,,,
GSTK532927,eClerx Services,ECLERX,,,,,,
GSTK531162,Emami,EMAMILTD,,,,,,
GSTK544203,Allied Blenders And Distillers,ABDL,,,,,,
GSTK544046,Inox India,INOXINDIA,,,,,,
GSTK531768,Poly Medicure,POLYMED,,,,,,
GSTK532209,Jammu & Kashmir Bank,J&KBANK,,,,,,
GSTK500252,LMW,LMW,,,,,,
GSTK500770,Tata Chemicals,TATACHEM,,,,,,
GSTK544443,Travel Food Services,TRAVELFOOD,,,,,,
GSTK502986,Vardhman Textiles,VTL,,,,,,
GSTK539876,Crompton Greaves Consumer Electricals,CROMPTON,,,,,,
GSTK538962,Minda Corporation,MINDACORP,,,,,,
GSTK500008,Amara Raja Energy & Mobility,ARE&M,,,,,,
GSTK544174,TBO Tek,TBOTEK,,,,,,
GSTK500655,Garware Hi-Tech Films,GRWRHITECH,,,,,,
GSTK520111,Ratnamani Metals & Tubes,RATNAMANI,,,,,,
GSTK544408,Leela Palaces Hotels & Resorts,THELEELA,,,,,,
GSTK500165,Kansai Nerolac Paints,KANSAINER,,,,,,
GSTK524816,Natco Pharma,NATCOPHARM,,,,,,
GSTK533295,Punjab & Sind Bank,PSB,,,,,,
GSTK500378,Jindal SAW,JINDALSAW,,,,,,
GSTK542651,KPIT Technologies,KPITTECH,,,,,,
GSTK532734,Godawari Power and Ispat,GPIL,,,,,,
GSTK544467,NSDL (National Securities Depository),,,,,,,
GSTK533158,Thangamayil Jewellery,THANGAMAYL,,,,,,
GSTK543064,Cohance Lifesciences,COHANCE,,,,,,
GSTK543720,KFin Technologies,KFINTECH,,,,,,
GSTK543663,Five-Star Business Finance,FIVESTAR,,,,,,
GSTK523367,DCM Shriram,DCMSHRIRAM,,,,,,
GSTK543653,Bikaji Foods International,BIKAJI,,,,,,
GSTK544286,Niva Bupa Health Insurance Company,NIVABUPA,,,,,,
GSTK544606,Pine Labs,PINELABS,,,,,,
GSTK500040,Aditya Birla Real Estate,ABREL,,,,,,
GSTK544678,Bharat Coking Coal,BHARATCOAL,,,,,,
GSTK500042,BASF India,BASF,,,,,,
GSTK544717,Clean Max Enviro Energy Solutions,CLEANMAX,,,,,,
GSTK544634,Aequs,AEQUS,,,,,,
GSTK533573,Alembic Pharmaceuticals,APLLTD,,,,,,
GSTK513023,Nava,NAVA,,,,,,
GSTK544057,Happy Forgings,HAPPYFORGE,,,,,,
GSTK532605,JBM Auto,JBMA,,,,,,
GSTK539268,Syngene International,SYNGENE,,,,,,
GSTK532756,CIE Automotive India,CIEINDIA,,,,,,
GSTK543524,Rainbow Children's Medicare,RAINBOW,,,,,,
GSTK519600,CCL Products India,CCL,,,,,,
GSTK543530,Paradeep Phosphates,PARADEEP,,,,,,
GSTK544311,International Gemological Institute,IGIL,,,,,,
GSTK544350,Dr. Agarwal's Health Care,AGARWALEYE,,,,,,
GSTK532702,Gujarat State Petronet,,,,,,,
GSTK517146,Usha Martin,USHAMART,,,,,,
GSTK500144,Finolex Cables,FINCABLES,,,,,,
GSTK500390,Reliance Infrastructure,RELINFRA,,,,,,
GSTK514162,Welspun Living,WELSPUNLIV,,,,,,
GSTK530019,Jubilant Pharmova,JUBLPHARMA,,,,,,
GSTK500266,Maharashtra Scooters,MAHSCOOTER,,,,,,
GSTK500249,KSB,KSB,,,,,,
GSTK543960,Concord Biotech,CONCORDBIO,,,,,,
GSTK532726,Gallantt Ispat,GALLANTT,,,,,,
GSTK544061,Azad Engineering,AZAD,,,,,,
GSTK500241,Kirloskar Brothers,KIRLOSBROS,,,,,,
GSTK541557,Fine Organic Industries,FINEORG,,,,,,
GSTK533339,Zen Technologies,ZENTEC,,,,,,
GSTK532784,Sobha,SOBHA,,,,,,
GSTK544014,Honasa Consumer,HONASA,,,,,,
GSTK544321,Ventive Hospitality,VENTIVE,,,,,,
GSTK500048,BEML,BEML,,,,,,
GSTK540879,Apollo Micro Systems,APOLLO,,,,,,
GSTK532783,LT Foods,LTFOODS,,,,,,
GSTK544685,Shadowfax Technologies,SHADOWFAX,,,,,,
GSTK543322,Alivus Life Sciences,ALIVUS,,,,,,
GSTK543330,Devyani International,DEVYANI,,,,,,
GSTK530117,Privi Speciality Chemicals,PRIVISCL,,,,,,
GSTK544679,Amagi Media Labs,AMAGI,,,,,,
GSTK501423,Shaily Engineering Plastics,SHAILY,,,,,,
GSTK544700,Fractal Analytics,FRACTAL,,,,,,
GSTK542904,Ujjivan Small Finance Bank,UJJIVANSFB,,,,,,
GSTK544583,Canara HSBC Life Insurance Company,CANHLIFE,,,,,,
GSTK544782,Vedanta Oil and Gas,VOGL,,,,,,
GSTK500878,CEAT,CEATLTD,,,,,,
GSTK543350,Vijaya Diagnostic Centre,VIJAYA,,,,,,
GSTK532953,V-Guard Industries,VGUARD,,,,,,
GSTK543275,Anupam Rasayan India,ANURAS,,,,,,
GSTK544045,DOMS Industries,DOMS,,,,,,
GSTK500210,Ingersoll-Rand (India),INGERRAND,,,,,,
GSTK543527,Prudent Corporate Advisory Services,PRUDENT,,,,,,
GSTK523598,Shipping Corporation of India,SCI,,,,,,
GSTK544572,SKF India (Industrial),SKFINDUS,,,,,,
GSTK524200,Vinati Organics,VINATIORGA,,,,,,
GSTK539083,INOX Wind,INOXWIND,,,,,,
GSTK500125,EID-Parry (India),EIDPARRY,,,,,,
GSTK544781,Vedanta Power,VEDPOWER,,,,,,
GSTK500101,Arvind,ARVIND,,,,,,
GSTK543596,Tamilnad Mercantile Bank,TMB,,,,,,
GSTK500463,Black Box,BBOX,,,,,,
GSTK500710,JSW Dulux,JSWDULUX,,,,,,
GSTK500405,Supreme Petrochem,SPLPETRO,,,,,,
GSTK539597,Jindal Stainless (Hisar),JSLHISAR,,,,,,
GSTK543333,Cartrade Tech,CARTRADE,,,,,,
GSTK543335,Aptus Value Housing Finance India,APTUS,,,,,,
GSTK539992,Lloyds Engineering Works,LLOYDSENGG,,,,,,
GSTK532498,Shriram City Union Finance,SHRIRAMCIT,,,,,,
GSTK544644,CORONA Remedies,CORONA,,,,,,
GSTK509488,Graphite India,GRAPHITE,,,,,,
GSTK532762,Action Construction Equipment,ACE,,,,,,
GSTK509631,HEG,HEG,,,,,,
GSTK544784,Vedanta Iron And Steel,VISL,,,,,,
GSTK543768,NMDC Steel Ltd.,NSLNISP,,,,,,
GSTK521064,Trident,TRIDENT,,,,,,
GSTK543280,Nazara Technologies,NAZARA,,,,,,
GSTK532627,Jaiprakash Power Ventures,JPPOWER,,,,,,
GSTK532178,Engineers India,ENGINERSIN,,,,,,
GSTK532642,JSW Holdings,JSWHL,,,,,,
GSTK532714,KEC International,KEC,,,,,,
GSTK506590,PCBL Chemical,PCBL,,,,,,
GSTK543259,Home First Finance Company India,HOMEFIRST,,,,,,
GSTK544484,Bluestone Jewellery And Lifestyle,BLUESTONE,,,,,,
GSTK543297,Inox Wind Energy,,,,,,,
GSTK544172,Indegene,INDGN,,,,,,
GSTK500038,Balrampur Chini Mills,BALRAMCHIN,,,,,,
GSTK530005,India Cements,INDIACEM,,,,,,
GSTK533269,VA Tech Wabag,WABAG,,,,,,
GSTK543334,Nuvoco Vistas Corporation,NUVOCO,,,,,,
GSTK512463,Lloyds enterprises limited,LLOYDSENT,,,,,,
GSTK512573,Avanti Feeds,AVANTIFEED,,,,,,
GSTK526612,Blue Dart Express,BLUEDART,,,,,,
GSTK532218,South Indian Bank,SOUTHBANK,,,,,,
GSTK542650,Metropolis Healthcare,METROPOLIS,,,,,,
GSTK543896,Avalon Technologies,AVALON,,,,,,
GSTK544537,Jain Resource Recycling,JAINREC,,,,,,
GSTK530549,Shilpa Medicare,SHILPAMED,,,,,,
GSTK533282,Gravita India,GRAVITA,,,,,,
GSTK504346,RRP Semiconductor,,,,,,,
GSTK544009,Blue Jet Healthcare,BLUEJET,,,,,,
GSTK532527,Ramkrishna Forgings,RKFORGE,,,,,,
GSTK541956,Ircon International,IRCON,,,,,,
GSTK544723,Sedemac Mechatronics,SEDEMAC,,,,,,
GSTK544527,Atlanta Electricals,ATLANTAELE,,,,,,
GSTK540750,Indian Energy Exchange,IEX,,,,,,
GSTK543271,Jubilant Ingrevia,JUBLINGREA,,,,,,
GSTK524404,Marksans Pharma,MARKSANS,,,,,,
GSTK523405,JM Financial,JMFINANCIL,,,,,,
GSTK544613,Fujiyama Power Systems,UTLSOLAR,,,,,,
GSTK543238,UTI Asset Management Company,UTIAMC,,,,,,
GSTK504067,Zensar Technologies,ZENSARTECH,,,,,,
GSTK543990,Signatureglobal (India),SIGNATURE,,,,,,
GSTK544403,Aditya Birla Lifestyle Brands,ABLBL,,,,,,
GSTK530007,JK Tyre & Industries,JKTYRE,,,,,,
GSTK507205,Tilaknagar Industries,TI,,,,,,
GSTK542141,Techno Electric & Engineering Company,TECHNOE,,,,,,
GSTK543413,Tega Industries,TEGA,,,,,,
GSTK532966,Titagarh Rail Systems,TITAGARH,,,,,,
GSTK505537,Zee Entertainment Enterprises,ZEEL,,,,,,
GSTK532689,PVR Inox,PVRINOX,,,,,,
GSTK544226,Brainbees Solutions,FIRSTCRY,,,,,,
GSTK539957,Mahanagar Gas,MGL,,,,,,
GSTK533272,Jupiter Wagons,JWL,,,,,,
GSTK512529,Viyash Scientific,VIYASH,,,,,,
GSTK532800,TV18 Broadcast,TV18BRDCST,,,,,,
GSTK500126,Procter & Gamble Health,PGHL,,,,,,
GSTK532922,Edelweiss Financial Services,EDELWEISS,,,,,,
GSTK511196,Can Fin Homes,CANFINHOME,,,,,,
GSTK532439,Olectra Greentech,OLECTRA,,,,,,
GSTK543417,RateGain Travel Technologies Ltd.,RATEGAIN,,,,,,
GSTK542726,Indiamart Intermesh,INDIAMART,,,,,,
GSTK543980,Jupiter Life Line Hospitals,JLHL,,,,,,
GSTK541988,Aavas Financiers,AAVAS,,,,,,
GSTK532652,Karnataka Bank,KTKBANK,,,,,,
GSTK540743,Godrej Agrovet,GODREJAGRO,,,,,,
GSTK532796,Lumax Auto Technologies,LUMAXTECH,,,,,,
GSTK544783,E2E Networks,E2E,,,,,,
GSTK542773,IIFL Securities,IIFLCAPS,,,,,,
GSTK544250,Sanofi Consumer Healthcare India,SANOFICONR,,,,,,
GSTK544490,Shreeji Shipping Global,SHREEJISPG,,,,,,
GSTK501425,Bombay Burmah Trading Corporation,BBTC,,,,,,
GSTK544022,ASK Automotive,ASKAUTOLTD,,,,,,
GSTK541578,Varroc Engineering,VARROC,,,,,,
GSTK544222,Akums Drugs & Pharmaceuticals,AKUMS,,,,,,
GSTK544570,Wework India Management,WEWORK,,,,,,
GSTK504918,Sandur Manganese & Iron Ores,SANDUMA,,,,,,
GSTK541556,RITES,RITES,,,,,,
GSTK532856,Time Technoplast,TIMETECHNO,,,,,,
GSTK500238,Whirlpool Of India,WHIRLPOOL,,,,,,
GSTK541974,Manorama Industries,MANORAMA,,,,,,
GSTK543367,Paras Defence and Space Technologies,PARAS,,,,,,
GSTK538835,Intellect Design Arena,INTELLECT,,,,,,
GSTK543463,Manyavar- Vedant Fashions Ltd.,MANYAVAR,,,,,,
GSTK532163,Saregama India,SAREGAMA,,,,,,
GSTK500940,Finolex Industries,FINPIPE,,,,,,
GSTK530517,Relaxo Footwears,RELAXO,,,,,,
GSTK532757,Voltamp Transformers,VOLTAMP,,,,,,
GSTK539787,Healthcare Global Enterprises,HCG,,,,,,
GSTK543959,SBFC Finance,SBFC,,,,,,
GSTK541967,Sky Gold and Diamonds,SKYGOLD,,,,,,
GSTK544280,Afcons Infrastructure,AFCONS,,,,,,
GSTK544619,Sudeep Pharma,SUDEEPPHRM,,,,,,
GSTK544288,BlackBuck,BLACKBUCK,,,,,,
GSTK532408,Sigma Advanced Systems,SIGMAADV,,,,,,
GSTK540073,BLS International Services,BLS,,,,,,
GSTK544469,Sri Lotus Developers And Realty,LOTUSDEV,,,,,,
GSTK532939,Reliance Power,RPOWER,,,,,,
GSTK505283,Kirloskar Pneumatic Company,KIRLPNU,,,,,,
GSTK503310,Swan Corp,SWANCORP,,,,,,
GSTK532808,Pearl Global Industries,PGIL,,,,,,
GSTK530343,Genus Power Infrastructures,GENUSPOWER,,,,,,
GSTK534618,Waaree Renewables,WAAREERTL,,,,,,
GSTK500055,Tata Steel BSL,TATASTLBSL,,,,,,
GSTK532531,Strides Pharma Science,STAR,,,,,,
GSTK532175,Cyient,CYIENT,,,,,,
GSTK505700,Elecon Engineering Company,ELECON,,,,,,
GSTK513377,MMTC,MMTC,,,,,,
GSTK539871,Thyrocare Technologies,THYROCARE,,,,,,
GSTK506767,Alkyl Amines Chemicals,ALKYLAMINE,,,,,,
GSTK540595,Tejas Networks,TEJASNET,,,,,,
GSTK543265,Railtel Corporation of India,RAILTEL,,,,,,
GSTK500039,Banco Products (India),BANCOINDIA,,,,,,
GSTK544256,PN Gadgil Jewellers,PNGJL,,,,,,
GSTK532221,Sonata Software,SONATSOFTW,,,,,,
GSTK520113,Vesuvius India,VESUVIUS,,,,,,
GSTK534809,PC Jeweller,PCJEWELLER,,,,,,
GSTK500043,Bata India,BATAINDIA,,,,,,
GSTK532928,Transformers & Rectifiers (India),TARIL,,,,,,
GSTK500294,NCC,NCC,,,,,,
GSTK517506,TTK Prestige,TTKPRESTIG,,,,,,
GSTK512329,SG Mart,SGMART,,,,,,
GSTK544192,Le Travenues Technology,IXIGO,,,,,,
GSTK543482,Eureka Forbes,EUREKAFORB,,,,,,
GSTK530239,Suven Life Sciences,SUVEN,,,,,,
GSTK500133,Esab India,ESABINDIA,,,,,,
GSTK541233,Lemon Tree Hotels,LEMONTREE,,,,,,
GSTK543243,Equitas Small Finance Bank,EQUITASBNK,,,,,,
GSTK540203,Sheela Foam,SFL,,,,,,
GSTK543317,G R Infraprojects,GRINFRA,,,,,,
GSTK532375,Tips Music,TIPSMUSIC,,,,,,
GSTK532832,Embassy Developments,EMBDL,,,,,,
GSTK544367,Quality Power Electrical Equipments,QPOWER,,,,,,
GSTK540293,Pricol,PRICOLLTD,,,,,,
GSTK543427,Medplus Health Services,MEDPLUS,,,,,,
GSTK532400,Birlasoft,BSOFT,,,,,,
GSTK532915,Religare Enterprises,RELIGARE,,,,,,
GSTK532313,Mahindra Lifespace Developers,MAHLIFE,,,,,,
GSTK522285,Jayaswal Neco Industries,JAYNECOIND,,,,,,
GSTK540205,Aditya Vision,AVL,,,,,,
GSTK505192,SML Mahindra,SMLMAH,,,,,,
GSTK540575,Star Cement,STARCEMENT,,,,,,
GSTK532553,Welspun Enterprises,WELENT,,,,,,
GSTK539302,Power Mech Projects,POWERMECH,,,,,,
GSTK506655,Sudarshan Chemical Industries,SUDARSCHEM,,,,,,
GSTK530813,KRBL,KRBL,,,,,,
GSTK532468,Kama Holdings,KAMAHOLD,,,,,,
GSTK534076,RHI Magnesita India Ltd.,RHIM,,,,,,
GSTK532867,V2 Retail,V2RETAIL,,,,,,
GSTK521016,Indo Count Industries,ICIL,,,,,,
GSTK540900,Newgen Software Technologies,NEWGEN,,,,,,
GSTK544044,India Shelter Finance Corporation,INDIASHLTR,,,,,,
GSTK505533,Westlife Foodworld Ltd,WESTLIFE,,,,,,
GSTK532443,Cera Sanitaryware,CERA,,,,,,
GSTK524226,Gujarat Ambuja Exports,GAEL,,,,,,
GSTK543950,Yatharth Hospital & Trauma Care Services,YATHARTH,,,,,,
GSTK502219,Borosil Renewables,BORORENEW,,,,,,
GSTK543318,Clean Science and Technology,CLEAN,,,,,,
GSTK532371,Tata Teleservices (Maharashtra),TTML,,,,,,
GSTK500245,Kirloskar Ferrous Industries,KIRLFER,,,,,,
GSTK533047,Indian Metals & Ferro Alloys,IMFA,,,,,,
GSTK532790,Tanla Platforms,TANLA,,,,,,
GSTK543490,GMR Power and Urban Infra,GMRP&UI,,,,,,
GSTK500201,India Glycols,INDIAGLYCO,,,,,,
GSTK543387,SJS Enterprises,SJS,,,,,,
GSTK523025,Safari Industries (India),SAFARI,,,,,,
GSTK500674,Sanofi India,SANOFI,,,,,,
GSTK544595,Orkla India,ORKLAINDIA,,,,,,
GSTK500265,Maharashtra Seamless,MAHSEAMLES,,,,,,
GSTK544012,Cello World,CELLO,,,,,,
GSTK500339,Rain Industries,RAIN,,,,,,
GSTK505355,Nesco,NESCO,,,,,,
GSTK500670,Gujarat Narmada Valley Fertilizers & Chemicals Ltd,GNFC,,,,,,
GSTK500123,ELANTAS Beck India,ELANTAS,,,,,,
GSTK541195,Mishra Dhatu Nigam,MIDHANI,,,,,,
GSTK538666,Sharda Cropchem,SHARDACROP,,,,,,
GSTK542323,KPI Green Energy,KPIGREEN,,,,,,
GSTK535755,Aditya Birla Fashion & Retail,ABFRL,,,,,,
GSTK543957,Redtape,REDTAPE,,,,,,
GSTK500472,SKF India,SKFINDIA,,,,,,
GSTK532926,Jyothy Labs,JYOTHYLAB,,,,,,
GSTK544476,Jeena Sikho Lifecare,JSLL,,,,,,
GSTK509557,Garware Technical Fibres,GARFIBRES,,,,,,
GSTK544263,KRN Heat Exchanger And Refrigeration,KRN,,,,,,
GSTK533248,Gujarat Pipavav Port,GPPL,,,,,,
GSTK544622,Kwality Wall's (India),KWIL,,,,,,
GSTK530305,Piccadily Agro Industries,PICCADIL,,,,,,
GSTK544720,Omnitech Engineering,OMNI,,,,,,
GSTK532349,Transport Corporation of India,TCI,,,,,,
GSTK500135,EPL,EPL,,,,,,
GSTK524019,Kingfa Science & Technology (India),KINGFA,,,,,,
GSTK533095,Bengal & Assam Company,BENGALASM,,,,,,
GSTK532162,JK Paper,JKPAPER,,,,,,
GSTK526433,ASM Technologies,,,,,,,
GSTK524230,Rashtriya Chemicals & Fertilizers,RCF,,,,,,
GSTK505242,Dynamatic Technologies,DYNAMATECH,,,,,,
GSTK500380,JK Lakshmi Cement,JKLAKSHMI,,,,,,
GSTK532976,Jai Balaji Industries,JAIBALAJI,,,,,,
GSTK540047,Dilip Buildcon,DBL,,,,,,
GSTK543434,Supriya Lifescience,SUPRIYA,,,,,,
GSTK519126,Hindustan Foods,HNDFDS,,,,,,
GSTK532509,Suprajit Engineering,SUPRAJIT,,,,,,
GSTK530999,Balaji Amines,BALAMINES,,,,,,
GSTK540935,Galaxy Surfactants,GALAXYSURF,,,,,,
GSTK543532,Ethos,ETHOSLTD,,,,,,
GSTK544647,Nephrocare Health Services,NEPHROPLUS,,,,,,
GSTK500335,Birla Corporation,BIRLACORPN,,,,,,
GSTK533229,Bajaj Consumer Care,BAJAJCON,,,,,,
GSTK523539,Precision Wires India,PRECWIRE,,,,,,
GSTK543523,Campus Activewear,CAMPUS,,,,,,
GSTK543667,Inox Green Energy Services,INOXGREEN,,,,,,
GSTK544317,Transrail Lighting,TRANSRAILL,,,,,,
GSTK527001,Ashapura Minechem,ASHAPURMIN,,,,,,
GSTK532872,Sun Pharma Advanced Research Company,SPARC,,,,,,
GSTK531599,FDC,FDC,,,,,,
GSTK544356,Ajax Engineering,AJAXENGG,,,,,,
GSTK539725,Gokul Agro Resources,GOKULAGRO,,,,,,
GSTK543936,Senco Gold,SENCO,,,,,,
GSTK532395,Axiscades Technologies,AXISCADES,,,,,,
GSTK500404,Sunflag Iron & Steel Co,SUNFLAG,,,,,,
GSTK543398,Latent View Analytics,LATENTVIEW,,,,,,
GSTK506854,Tanfac Industries,,,,,,,
GSTK539874,Ujjivan Financial Services,UJJIVAN,,,,,,
GSTK543657,Archean Chemical Industries,ACI,,,,,,
GSTK532900,Paisalo Digital,PAISALO,,,,,,
GSTK523323,Kovai Medical Center & Hospital,KOVAI,,,,,,
GSTK543425,CE Info Systems,MAPMYINDIA,,,,,,
GSTK538566,Apollo Tricoat Tubes,,,,,,,
GSTK532301,Tata Coffee,TATACOFFEE,,,,,,
GSTK538979,Greenlam Industries,GREENLAM,,,,,,
GSTK544488,Vikram Solar,VIKRAMSOLR,,,,,,
GSTK544008,Max Estates,MAXESTATES,,,,,,
GSTK531431,Shakti Pumps India,SHAKTIPUMP,,,,,,
GSTK544322,Unimech Aerospace and Manufacturing,UNIMECH,,,,,,
GSTK533160,Valor Estate,DBREALTY,,,,,,
GSTK543253,Mrs Bectors Food Specialities,BECTORFOOD,,,,,,
GSTK500690,Gujarat State Fertilizers & Chemicals,GSFC,,,,,,
GSTK539150,PNC Infratech,PNCINFRA,,,,,,
GSTK512065,Mrugesh Trading,,,,,,,
GSTK543306,Dodla Dairy,DODLA,,,,,,
GSTK532706,INOX Leisure,INOXLEISUR,,,,,,
GSTK534976,V-Mart Retail,VMART,,,,,,
GSTK505890,Kennametal India,KENNAMET,,,,,,
GSTK500214,Ion Exchange (India),IONEXCHANG,,,,,,
GSTK526367,Ganesh Housing,GANESHHOU,,,,,,
GSTK544423,Kalpataru,KALPATARU,,,,,,
GSTK532768,Fiem Industries,FIEMIND,,,,,,
GSTK535648,Just Dial,JUSTDIAL,,,,,,
GSTK544118,Jana Small Finance Bank,JSFB,,,,,,
GSTK533033,ISGEC Heavy Engineering,ISGEC,,,,,,
GSTK544455,GNG Electronics,EBGNG,,,,,,
GSTK543273,Knowledge Marine & Engineering Works,KMEW,,,,,,
GSTK543748,Aarti Pharmalabs Ltd.,AARTIPHARM,,,,,,
GSTK542484,Arvind Fashions,ARVINDFASN,,,,,,
GSTK532189,India Tourism Development Corp,ITDC,,,,,,
GSTK532772,DCB Bank,DCBBANK,,,,,,
GSTK544319,Senores Pharmaceuticals,SENORES,,,,,,
GSTK544223,Ceigall India,CEIGALL,,,,,,
GSTK543397,Sapphire Foods India,SAPPHIRE,,,,,,
GSTK532630,Gokaldas Exports,GOKEX,,,,,,
GSTK540673,SIS,SIS,,,,,,
GSTK543965,TVS Supply Chain Solutions,TVSSCS,,,,,,
GSTK538562,Skipper,SKIPPER,,,,,,
GSTK521070,Alok Industries,ALOKINDS,,,,,,
GSTK532804,Technocraft Industries (India),TIIL,,,,,,
GSTK523704,Mastek,MASTEK,,,,,,
GSTK540749,MAS Financial Services,MASFIN,,,,,,
GSTK544027,Fedbank Financial Services Ltd,FEDFINA,,,,,,
GSTK543972,Aeroflex Industries,AEROFLEX,,,,,,
GSTK543227,Happiest Minds Technologies,HAPPSTMNDS,,,,,,
GSTK522205,Praj Industries,PRAJIND,,,,,,
GSTK526951,Stylam Industries,STYLAMIND,,,,,,
GSTK542867,CSB Bank,CSBBANK,,,,,,
GSTK533286,MOIL,MOIL,,,,,,
GSTK530135,Optiemus Infracom,OPTIEMUS,,,,,,
GSTK544664,KSH International,KSHINTL,,,,,,
GSTK526729,Goldiam International,GOLDIAM,,,,,,
GSTK500185,Hindustan Construction Company,HCC,,,,,,
GSTK544533,Seshaasai Technologies,STYL,,,,,,
GSTK539837,Raghav Productivity Enhancers,RPEL,,,,,,
GSTK500307,Nirlon,NIRLON,,,,,,
GSTK544067,Innova Captab,INNOVACAP,,,,,,
GSTK506197,Bliss GVS Pharma,BLISSGVS,,,,,,
GSTK542665,Neogen Chemicals,NEOGEN,,,,,,
GSTK501455,Greaves Cotton,GREAVESCOT,,,,,,
GSTK539807,AvenuesAI,CCAVENUE,,,,,,
GSTK544526,Saatvik Green Energy,SAATVIKGL,,,,,,
GSTK544119,Rashi Peripherals,RPTECH,,,,,,
GSTK532811,Ahluwalia Contracts (India),AHLUCONT,,,,,,
GSTK544333,Standard Engineering Technology,SETL,,,,,,
GSTK544122,Entero Healthcare Solutions,ENTERO,,,,,,
GSTK544447,Smartworks Coworking Spaces,SMARTWORKS,,,,,,
GSTK500338,Prism Johnson,PRSMJOHNSN,,,,,,
GSTK531112,Balu Forge Industries,BALUFORGE,,,,,,
GSTK500414,Timex Group India,TIMEX,,,,,,
GSTK517168,Subros,SUBROS,,,,,,
GSTK505726,IFB Industries,IFBIND,,,,,,
GSTK543933,Cyient DLM,CYIENTDLM,,,,,,
GSTK543258,Indigo Paints,INDIGOPNTS,,,,,,
GSTK538567,Gulf Oil Lubricants India,GULFOILLUB,,,,,,
GSTK520051,Jamna Auto Industries,JAMNAAUTO,,,,,,
GSTK531201,Shilchar Technologies,SHILCTECH,,,,,,
GSTK517544,Centum Electronics,CENTUM,,,,,,
GSTK544580,Canara Robeco Asset Management Co,CRAMC,,,,,,
GSTK532524,PTC India,PTC,,,,,,
GSTK500336,Surya Roshni,SURYAROSNI,,,,,,
GSTK519156,Vadilal Industries,VADILALIND,,,,,,
GSTK534804,CARE Ratings,CARERATING,,,,,,
GSTK538730,PDS Limited,PDSL,,,,,,
GSTK500250,LG Balakrishnan & Bros,LGBBROSLTD,,,,,,
GSTK543669,Keystone Realtors Ltd,RUSTOMJEE,,,,,,
GSTK530655,Goodluck India,GOODLUCK,,,,,,
GSTK543248,Restaurant Brands Asia,RBA,,,,,,
GSTK543626,Electronics Mart India,EMIL,,,,,,
GSTK535602,Sharda Motor Industries,SHARDAMOTR,,,,,,
GSTK524372,Orchid Pharma,ORCHPHARMA,,,,,,
GSTK532891,Puravankara,PURVA,,,,,,
GSTK532532,Jaiprakash Associates,JPASSOCIAT,,,,,,
GSTK539978,Quess Corp,QUESS,,,,,,
GSTK543277,Laxmi Organic Industries,LXCHEM,,,,,,
GSTK517206,Lumax Industries,LUMAXIND,,,,,,
GSTK530001,Gujarat Alkalies & Chemicals,GUJALKALI,,,,,,
GSTK544209,Bansal Wire Industries,BANSALWIRE,,,,,,
GSTK532528,Datamatics Global Services,DATAMATICS,,,,,,
GSTK500413,Thomas Cook India,THOMASCOOK,,,,,,
GSTK532356,Triveni Engineering & Industries,TRIVENI,,,,,,
GSTK513262,Steel Strips Wheels,SSWL,,,,,,
GSTK532309,GE Power India,GVPIL,,,,,,
GSTK542760,Sterling and Wilson Renewable Energy,SWSOLAR,,,,,,
GSTK539883,Pilani Investment & Industries Corporation,PILANIINVS,,,,,,
GSTK504036,Hirect,HIRECT,,,,,,
GSTK517385,Symphony,SYMPHONY,,,,,,
GSTK532835,ICRA,ICRA,,,,,,
GSTK504212,Universal Cables,UNIVCABLES,,,,,,
GSTK526650,Tourism Finance Corporation of India,TFCILTD,,,,,,
GSTK542919,Artemis Medicare Services,ARTEMISMED,,,,,,
GSTK543332,Epigral,EPIGRAL,,,,,,
GSTK533122,RattanIndia Power,RTNPOWER,,,,,,
GSTK531500,Rajesh Exports,RAJESHEXPO,,,,,,
GSTK541167,Yasho Industries,YASHO,,,,,,
GSTK544260,Northern Arc Capital,NORTHARC,,,,,,
GSTK532670,Shree Renuka Sugars,RENUKA,,,,,,
GSTK539118,VRL Logistics,VRLLOG,,,,,,
GSTK532440,MPS,MPSLTD,,,,,,
GSTK500187,AGI Greenpac,AGI,,,,,,
GSTK533333,Fineotex Chemical,FCL,,,,,,
GSTK532983,RPG Life Sciences,RPGLIFE,,,,,,
GSTK505509,Responsive Industries,RESPONIND,,,,,,
GSTK507717,Dhanuka Agritech,DHANUKA,,,,,,
GSTK532798,Network18 Media & Investments,NETWORK18,,,,,,
GSTK533326,Texmaco Rail & Engineering,TEXRAIL,,,,,,
GSTK504966,Tinplate Company of India,TINPLATE,,,,,,
GSTK505872,WPIL,WPIL,,,,,,
GSTK508486,Hawkins Cookers,HAWKINCOOK,,,,,,
GSTK539199,SG Finserve,SGFIN,,,,,,
GSTK533520,Indiabulls,IBULLSLTD,,,,,,
GSTK532156,Vaibhav Global,VAIBHAVGBL,,,,,,
GSTK512179,Sunteck Realty,SUNTECK,,,,,,
GSTK544550,Pace Digitek,PACEDIGITK,,,,,,
GSTK524709,NACL Industries,NACLIND,,,,,,
GSTK533088,Mahindra Holidays & Resorts India,MHRIL,,,,,,
GSTK500407,Swaraj Engines,SWARAJENG,,,,,,
GSTK500128,Electrosteel Castings,ELECTCAST,,,,,,
GSTK506222,Styrenix Performance Materials,STYRENIX,,,,,,
GSTK500041,Bannari Amman Sugars,BANARISUG,,,,,,
GSTK542597,MSTC,MSTCLTD,,,,,,
GSTK543441,CMS Info Systems,CMSINFO,,,,,,
GSTK544129,Juniper Hotels,JUNIPER,,,,,,
GSTK542460,Anup Engineering,ANUP,,,,,,
GSTK534597,RattanIndia Enterprises,RTNINDIA,,,,,,
GSTK544587,Midwest,MIDWESTLTD,,,,,,
GSTK544240,Raymond Lifestyle,RAYMONDLSL,,,,,,
GSTK526570,Midwest Gold,,,,,,,
GSTK513097,Shivalik Bimetal Controls,SBCL,,,,,,
GSTK532406,Avantel,AVANTEL,,,,,,
GSTK524164,IOL Chemicals & Pharmaceuticals,IOLCP,,,,,,
GSTK526881,63 Moons Technologies,63MOONS,,,,,,
GSTK544420,Raymond Realty,RAYMONDREL,,,,,,
GSTK532638,Shoppers Stop,SHOPERSTOP,,,,,,
GSTK507880,VIP Industries,VIPIND,,,,,,
GSTK500147,John Cockerill India Ltd,COCKERILL,,,,,,
GSTK500355,Rallis India,RALLIS,,,,,,
GSTK517498,Websol Energy System,WEBELSOLAR,,,,,,
GSTK543321,Tatva Chintan Pharma Chem,TATVA,,,,,,
GSTK544055,Muthoot Microfin,MUTHOOTMF,,,,,,
GSTK522281,Ram Ratna Wires,RAMRAT,,,,,,
GSTK532884,Refex Industries,REFEX,,,,,,
GSTK544642,Wakefit Innovations,WAKEFIT,,,,,,
GSTK500243,Kirloskar Industries,KIRLOSIND,,,,,,
GSTK516072,Vishnu Chemicals,VISHNU,,,,,,
GSTK524667,Savita Oil Technologies,SOTL,,,,,,
GSTK539844,Equitas Holdings,EQUITAS,,,,,,
GSTK544699,AYE Finance,AYE,,,,,,
GSTK540768,Mahindra Logistics,MAHLOG,,,,,,
GSTK532054,KDDL,KDDL,,,,,,
GSTK532668,Aurionpro Solutions,AURIONPRO,,,,,,
GSTK543249,TARC,TARC,,,,,,
GSTK541336,IndoStar Capital Finance,INDOSTAR,,,,,,
GSTK532407,Moschip Technologies,MOSCHIP,,,,,,
GSTK532899,Kaveri Seed Company,KSCL,,,,,,
GSTK500171,GHCL,GHCL,,,,,,
GSTK500032,Bajaj Hindusthan Sugar,BAJAJHIND,,,,,,
GSTK532626,Pondy Oxides & Chemicals,POCL,,,,,,
GSTK543984,Samhi Hotels,SAMHI,,,,,,
GSTK544314,Sanathan Textiles,SANATHAN,,,,,,
GSTK513269,Man Industries India,MANINDS,,,,,,
GSTK530367,NRB Bearings,NRBBEARING,,,,,,
GSTK544614,Capillary Technologies India,CAPILLARY,,,,,,
GSTK533169,Man InfraConstruction,MANINFRA,,,,,,
GSTK512068,Deccan Gold Mines,DECNGOLD,,,,,,
GSTK523716,Ashiana Housing,ASHIANA,,,,,,
GSTK500150,Foseco India,FOSECOIND,,,,,,
GSTK520057,JTEKT India,JTEKTINDIA,,,,,,
GSTK506879,Gujarat Themis Biosyn,GUJTHEM,,,,,,
GSTK509079,Gufic Biosciences,GUFICBIO,,,,,,
GSTK540725,Share India Securities,SHAREINDIA,,,,,,
GSTK539042,AGI Infra,AGIIL,,,,,,
GSTK540544,PSP Projects,PSPPROJECT,,,,,,
GSTK505255,GMM Pfaudler,GMMPFAUDLR,,,,,,
GSTK524348,Aarti Drugs,AARTIDRUGS,,,,,,
GSTK500330,Raymond,RAYMOND,,,,,,
GSTK543533,eMudhra,EMUDHRA,,,,,,
GSTK544290,Enviro Infra Engineers,EIEL,,,,,,
GSTK532686,Kernex Microsystems (India),KERNEX,,,,,,
GSTK500031,Bajaj Electricals,BAJAJELEC,,,,,,
GSTK531266,VST Tillers Tractors,VSTTILLERS,,,,,,
GSTK543242,Hemisphere Properties India,HEMIPROP,,,,,,
GSTK500235,Kalyani Steels,KSL,,,,,,
GSTK501261,Lords Mark Industries,,,,,,,
GSTK543288,Deep Industries,DEEPINDS,,,,,,
GSTK531543,Jindal Worldwide,JINDWORLD,,,,,,
GSTK500672,Novartis India,NOVARTIND,,,,,,
GSTK523398,Bosch Home Comfort India,BOSCH-HCIL,,,,,,
GSTK541163,Sandhar Technologies,SANDHAR,,,,,,
GSTK531719,Bhagiradha Chemicals & Industries,BHAGCHEM,,,,,,
GSTK532029,Sindhu Trade Links,SINDHUTRAD,,,,,,
GSTK509966,VST Industries,VSTIND,,,,,,
GSTK500444,West Coast Paper Mills,WSTCSTPAPR,,,,,,
GSTK544418,Oswal Pumps,OSWALPUMPS,,,,,,
GSTK519477,Cian Agro Industries & Infrastructure,,,,,,,
GSTK539542,Lux Industries,LUXIND,,,,,,
GSTK513010,Tata Steel Long Products,TATASTLLP,,,,,,
GSTK543325,Rolex Rings,ROLEXRINGS,,,,,,
GSTK533151,DB Corp,DBCORP,,,,,,
GSTK541301,Orient Electric,ORIENTELEC,,,,,,
GSTK544421,Ellenbarrie Industrial Gases,ELLEN,,,,,,
GSTK544386,Spectrum Electrical Industries,SPECTRUM,,,,,,
GSTK526807,Seamec,SEAMECLTD,,,,,,
GSTK543766,Ashika Global Securities,ASHIKAG,,,,,,
GSTK530011,Mangalore Chemicals & Fertilisers,,,,,,,
GSTK532940,J Kumar Infraprojects,JKIL,,,,,,
GSTK544454,Indiqube Spaces,INDIQUBE,,,,,,
GSTK543600,Harsha Engineers International,HARSHA,,,,,,
GSTK544545,TruAlt Bioenergy,TRUALT,,,,,,
GSTK506690,Unichem Laboratories,UNICHEMLAB,,,,,,
GSTK544294,Rossell Techsys Ltd.,ROSSTECH,,,,,,
GSTK526247,Premier Explosives,PREMEXPLN,,,,,,
GSTK526797,Greenply Industries,GREENPLY,,,,,,
GSTK530073,Sanghvi Movers,SANGHVIMOV,,,,,,
GSTK543932,Ideaforge Technology,IDEAFORGE,,,,,,
GSTK544430,Sambhv Steel Tubes,SAMBHV,,,,,,
GSTK540025,Advanced Enzyme Technologies,ADVENZYMES,,,,,,
GSTK541019,HG Infra Engineering (Part IX),HGINFRA,,,,,,
GSTK590013,Xpro India,XPROINDIA,,,,,,
GSTK513434,Tata Metaliks,TATAMETALI,,,,,,
GSTK532815,SMS Pharmaceuticals,SMSPHARMA,,,,,,
GSTK523630,National Fertilizers,NFL,,,,,,
GSTK513519,Pitti Engineering,PITTIENG,,,,,,
GSTK544198,Dee Development Engineers Ltd,DEEDEV,,,,,,
GSTK534758,Cigniti Technologies,,,,,,,
GSTK524051,Polyplex Corporation,POLYPLEX,,,,,,
GSTK505710,Grauer & Weil (India),GRAUWEIL,,,,,,
GSTK500292,Heidelberg Cement India,HEIDELBERG,,,,,,
GSTK543528,Venus Pipes & Tubes,VENUSPIPES,,,,,,
GSTK532960,Dhani Services,,,,,,,
GSTK590073,Wheels India,WHEELS,,,,,,
GSTK532942,KNR Constructions,KNRCON,,,,,,
GSTK544439,Crizac,CRIZAC,,,,,,
GSTK532924,Kolte-Patil Developers,KOLTEPATIL,,,,,,
GSTK500148,Uflex,UFLEX,,,,,,
GSTK533271,Ashoka Buildcon,ASHOKA,,,,,,
GSTK543228,Route Mobile,ROUTE,,,,,,
GSTK500365,Welspun Specialty Solutions,WELSPLSOL,,,,,,
GSTK544140,Gopal Snacks,GOPAL,,,,,,
GSTK543652,Fusion Finance,FUSION,,,,,,
GSTK532150,Indraprastha Medical Corporation,INDRAMEDCO,,,,,,
GSTK504341,Ravindra Energy,RELTD,,,,,,
GSTK524091,Carysil,CARYSIL,,,,,,
GSTK539921,Shanti Educational Initiatives,SEIL,,,,,,
GSTK543952,NIIT Learning Systems ,NIITMTS,,,,,,
GSTK543689,Uniparts India,UNIPARTS,,,,,,
GSTK526227,Filatex India,FILATEX,,,,,,
GSTK522249,Mayur Uniquoters,MAYURUNIQ,,,,,,
GSTK544530,Anand Rathi Share & Stock Brokers,ARSSBL,,,,,,
GSTK532661,Rane (Madras),RML,,,,,,
GSTK523618,Dredging Corporation of India,DREDGECORP,,,,,,
GSTK544402,Jash Engineering,JASH,,,,,,
GSTK544396,Network People Services Technologies,NPST,,,,,,
GSTK539940,Max Ventures & Industries,MAXVIL,,,,,,
GSTK514167,Ganesha Ecosphere,GANECOS,,,,,,
GSTK522034,Shanthi Gears,SHANTIGEAR,,,,,,
GSTK523694,Apcotex Industries,APCOTEXIND,,,,,,
GSTK513517,Steelcast,STEELCAS,,,,,,
GSTK500288,Morepen Laboratories,MOREPENLAB,,,,,,
GSTK544519,Euro Pratik Sales,EUROPRATIK,,,,,,
GSTK532735,R Systems International,RSYSTEMS,,,,,,
GSTK511551,Monarch Networth Capital,MONARCH,,,,,,
GSTK542333,RPSG Ventures,RPSGVENT,,,,,,
GSTK543336,Chemplast Sanmar,CHEMPLASTS,,,,,,
GSTK519552,Heritage Foods,HERITGFOOD,,,,,,
GSTK514234,Sangam (India),SANGAMIND,,,,,,
GSTK532698,Nitin Spinners,NITINSPIN,,,,,,
GSTK532732,Kewal Kiran Clothing,KKCL,,,,,,
GSTK532479,ISMT,ISMTLTD,,,,,,
GSTK544320,Carraro India,CARRARO,,,,,,
GSTK544232,Interarch Building Solutions,INTERARCH,,,,,,
GSTK538268,Wonderla Holidays,WONDERLA,,,,,,
GSTK544342,Stallion India Fluorochemicals,STALLION,,,,,,
GSTK509243,TVS Srichakra,TVSSRICHAK,,,,,,
GSTK544161,DP Abhushan,DPABHUSHAN,,,,,,
GSTK544517,Shankara Buildpro,BUILDPRO,,,,,,
GSTK504000,Elpro International,ELPROINTL,,,,,,
GSTK519183,ADF Foods,ADFFOODS,,,,,,
GSTK522215,HLE Glascoat,HLEGLAS,,,,,,
GSTK508989,Navneet Education,NAVNETEDUL,,,,,,
GSTK523319,Balmer Lawrie & Company,BALMLAWRIE,,,,,,
GSTK543812,Divgi Torqtransfer Systems,DIVGIITTS,,,,,,
GSTK534392,Vardhman Special Steels,VSSL,,,,,,
GSTK540701,Dishman Carbogen Amcis,DCAL,,,,,,
GSTK521248,Kitex Garments,KITEX,,,,,,
GSTK542907,Prince Pipes & Fittings,PRINCEPIPE,,,,,,
GSTK532486,Pokarna,POKARNA,,,,,,
GSTK544243,Baazar Style Retail,STYLEBAAZA,,,,,,
GSTK543489,Gateway Distriparks,GATEWAY,,,,,,
GSTK500052,Bhansali Engineering Polymers,BEPL,,,,,,
GSTK530075,Antelopus Selan Energy,ANTELOPUS,,,,,,
GSTK512008,EFC (I),EFCIL,,,,,,
GSTK534600,JTL Industries Ltd,JTLIND,,,,,,
GSTK523301,TCPL Packaging,TCPLPACK,,,,,,
GSTK522029,Windsor Machines,WINDMACHIN,,,,,,
GSTK542866,Colab Platforms,,,,,,,
GSTK590078,Maithan Alloys,MAITHANALL,,,,,,
GSTK503960,Bharat Bijlee,BBL,,,,,,
GSTK532256,Nalwa Sons Investments,NSIL,,,,,,
GSTK500097,Dalmia Bharat Sugar & Industries,DALMIASUG,,,,,,
GSTK532369,Ramco Industries,RAMCOIND,,,,,,
GSTK544786,Schneider Electric President Systems,,,,,,,
GSTK533676,Indo Thai Securities,INDOTHAI,,,,,,
GSTK526125,BN Agrochem,BNAGROCHEM,,,,,,
GSTK543212,Borosil,BOROLTD,,,,,,
GSTK535754,Orient Cement,ORIENTCEM,,,,,,
GSTK501421,TechNVision Ventures,TECHNVISN,,,,,,
GSTK543213,Rossari Biotech,ROSSARI,,,,,,
GSTK543547,Ddev Plastiks Industries,DDEVPLSTIK,,,,,,
GSTK500227,Jindal Poly Films,JINDALPOLY,,,,,,
GSTK532717,Indo Tech Transformers,INDOTECH,,,,,,
GSTK540724,Prataap Snacks,DIAMONDYD,,,,,,
GSTK544066,Sundaram-Clayton,SUNCLAY,,,,,,
GSTK532663,Sasken Technologies,SASKEN,,,,,,
GSTK544355,Jubilant Agri And Consumer Products,JUBLCPL,,,,,,
GSTK543283,United Foodbrands,UFBL,,,,,,
GSTK524820,Panama Petrochem,PANAMAPET,,,,,,
GSTK543985,Zaggle Prepaid Ocean Services,ZAGGLE,,,,,,
GSTK500730,Nocil,NOCIL,,,,,,
GSTK514446,LS Industries,,,,,,,
GSTK544030,Flair Writing Industries,FLAIR,,,,,,
GSTK503811,Siyaram Silk Mills,SIYSIL,,,,,,
GSTK524735,Hikal,HIKAL,,,,,,
GSTK544107,BLS E-Services,BLSE,,,,,,
GSTK505010,Automotive Axles,AUTOAXLES,,,,,,
GSTK539301,Arvind Smartspaces,ARVSMART,,,,,,
GSTK524394,Vimta Labs,VIMTALABS,,,,,,
GSTK531120,Patel Engineering,PATELENG,,,,,,
GSTK532799,Hubtown,HUBTOWN,,,,,,
GSTK532967,Kiri Industries,KIRIINDUS,,,,,,
GSTK539889,Parag Milk Foods,PARAGMILK,,,,,,
GSTK544540,EPack Prefab Technologies,EPACKPEB,,,,,,
GSTK539997,Kwality Pharmaceuticals,KPL,,,,,,
GSTK523385,Nilkamal,NILKAMAL,,,,,,
GSTK544088,Medi Assist Healthcare Services,MEDIASSIST,,,,,,
GSTK539056,Imagicaaworld Entertainment,IMAGICAA,,,,,,
GSTK532240,India Nippon Electricals,INDNIPPON,,,,,,
GSTK539404,Satin Creditcare Network,SATIN,,,,,,
GSTK526829,Confidence Petroleum India,CONFIPET,,,,,,
GSTK522241,MM Forgings,MMFL,,,,,,
GSTK505744,Federal-Mogul Goetze (India),FMGOETZE,,,,,,
GSTK543272,EaseMyTrip,EASEMYTRIP,,,,,,
GSTK544525,GK Energy,GKENERGY,,,,,,
GSTK503101,Marathon Nextgen Realty,MARATHON,,,,,,
GSTK533262,Ramky Infrastructure,RAMKY,,,,,,
GSTK544111,Apeejay Surrendra Park Hotels,PARKHOTELS,,,,,,
GSTK542774,Mufin Green Finance,MUFIN,,,,,,
GSTK502157,Mangalam Cement,MANGLMCEM,,,,,,
GSTK544261,Arkade Developers,ARKADE,,,,,,
GSTK543942,Utkarsh Small Finance Bank,UTKARSHBNK,,,,,,
GSTK532722,Nitco,NITCO,,,,,,
GSTK543260,Stove Kraft,STOVEKRAFT,,,,,,
GSTK531349,Panacea Biotec,PANACEABIO,,,,,,
GSTK533104,Globus Spirits,GLOBUSSPR,,,,,,
GSTK543525,Silver Touch Technologies,SILVERTUC,,,,,,
GSTK539221,Sportking India,SPORTKING,,,,,,
GSTK524743,Fischer Medical Ventures,FISCHER,,,,,,
GSTK543230,Advait Energy Transitions,ADVAIT,,,,,,
GSTK505160,Talbros Automotive Components,TALBROAUTO,,,,,,
GSTK517522,Rajratan Global Wire,RAJRATAN,,,,,,
GSTK517041,Ador Welding,ADOR,,,,,,
GSTK540048,SP Apparels,SPAL,,,,,,
GSTK500020,Bombay Dyeing And Manufacturing Company,BOMDYEING,,,,,,
GSTK544021,Protean e-Gov Technologies,PROTEAN,,,,,,
GSTK517300,Gujarat Industries Power Company,GIPCL,,,,,,
GSTK539533,Elitecon International,ELITECON,,,,,,
GSTK500215,Sundrop Brands,SUNDROP,,,,,,
GSTK543514,Veranda Learning Solutions,VERANDA,,,,,,
GSTK505800,Rane Holdings,RANEHOLDIN,,,,,,
GSTK531508,Eveready Industries India,EVEREADY,,,,,,
GSTK513349,Ajmera Realty & Infra India,AJMERA,,,,,,
GSTK541700,TCNS Clothing Co,TCNSBRANDS,,,,,,
GSTK543620,Insolation Energy,INA,,,,,,
GSTK532834,Camlin Fine Sciences,CAMLINFINE,,,,,,
GSTK541540,Solara Active Pharma Sciences,SOLARA,,,,,,
GSTK544167,JNK India,JNKINDIA,,,,,,
GSTK522101,Kilburn Engineering,KLBRENG-B,,,,,,
GSTK543590,Rhetan TMT,RHETAN,,,,,,
GSTK590005,Veedol Corporation,VEEDOL,,,,,,
GSTK526783,Dr Agarwal's Eye Hospital,DRAGARWQ,,,,,,
GSTK535322,Repco Home Finance,REPCOHOME,,,,,,
GSTK526953,Venus Remedies,VENUSREM,,,,,,
GSTK543686,SIRCA Paints India,SIRCA,,,,,,
GSTK533302,Kalyani Investment Company,KICL,,,,,,
GSTK590086,Orissa Minerals Development Company,ORISSAMINE,,,,,,
GSTK532930,BGR Energy Systems,BGRENERGY,,,,,,
GSTK539682,Mobavenue Ai Tech,,,,,,,
GSTK542857,Greenpanel Industries,GREENPANEL,,,,,,
GSTK523606,Sika Interplant Systems,SIKA,,,,,,
GSTK543977,Rishabh Instruments,RISHABH,,,,,,
GSTK519091,Tasty Bite Eatables,TASTYBITE,,,,,,
GSTK517015,Vindhya Telelinks,VINDHYATEL,,,,,,
GSTK500314,Oriental Hotels,ORIENTHOT,,,,,,
GSTK506235,Alembic,ALEMBICLTD,,,,,,
GSTK508814,Cosmo First,COSMOFIRST,,,,,,
GSTK519588,DFM Foods,DFMFOODS,,,,,,
GSTK504112,Nelco,NELCO,,,,,,
GSTK540124,GNA Axles,GNA,,,,,,
GSTK543983,EMS,EMSLIMITED,,,,,,
GSTK500333,Pix Transmissions,PIXTRANS,,,,,,
GSTK502090,Sagar Cements,SAGCEM,,,,,,
GSTK539450,SH Kelkar And Company,SHK,,,,,,
GSTK532390,Taj GVK Hotels & Resorts,TAJGVK,,,,,,
GSTK531761,Apollo Pipes,APOLLOPIPE,,,,,,
GSTK544457,Brigade Hotel Ventures,BRIGHOTEL,,,,,,
GSTK509820,Huhtamaki India,HUHTAMAKI,,,,,,
GSTK590051,Saksoft,SAKSOFT,,,,,,
GSTK544217,Sanstar,SANSTAR,,,,,,
GSTK543714,Landmark Cars,LANDMARK,,,,,,
GSTK513228,Pennar Industries,PENIND,,,,,,
GSTK515008,Modern Insulators,,,,,,,
GSTK533080,Mold-Tek Packaging,MOLDTKPAC,,,,,,
GSTK503681,Elcid Investments,ELCIDIN,,,,,,
GSTK506022,Prakash Industries,PRAKASH,,,,,,
GSTK544095,EPACK Durable,EPACK,,,,,,
GSTK544133,Exicom Tele-Systems,EXICOM,,,,,,
GSTK544029,Gandhar Oil Refinery (India),GANDHAR,,,,,,
GSTK544020,ESAF Small Finance Bank,ESAFSFB,,,,,,
GSTK538920,Vintage Coffee and Beverages,VINCOFE,,,,,,
GSTK532370,Ramco Systems,RAMCOSYS,,,,,,
GSTK500306,Jaykay Enterprises,JAYKAY,,,,,,
GSTK544512,Shringar House of Mangalsutra,SHRINGARMS,,,,,,
GSTK532430,BF Utilities,BFUTILITIE,,,,,,
GSTK513119,Onix Solar Energy,,,,,,,
GSTK500219,Jain Irrigation Systems,JISLJALEQS,,,,,,
GSTK540136,HPL Electric & Power,HPL,,,,,,
GSTK535136,NIBE,NIBE,,,,,,
GSTK505504,GHV Infra Projects,,,,,,,
GSTK533644,Ujaas Energy,UEL,,,,,,
GSTK590021,Bharat Rasayan,BHARATRAS,,,,,,
GSTK532285,Geojit Financial Services,GEOJITFSL,,,,,,
GSTK500186,Hindustan Oil Exploration Company,HINDOILEXP,,,,,,
GSTK522064,Honda India Power Products,HONDAPOWER,,,,,,
GSTK530555,Paramount Communications,PARACABLES,,,,,,
GSTK523261,Venky's India,VENKEYS,,,,,,
GSTK524669,Hester Biosciences,HESTERBIO,,,,,,
GSTK500412,Thirumalai Chemicals,TIRUMALCHM,,,,,,
GSTK542759,Spandana Sphoorty Financial,SPANDANA,,,,,,
GSTK590066,KCP,KCP,,,,,,
GSTK540212,TCI Express,TCIEXP,,,,,,
GSTK524520,KMC Speciality Hospitals (India),,,,,,,
GSTK539686,KP ENERGY,KPEL,,,,,,
GSTK539658,TeamLease Services,TEAMLEASE,,,,,,
GSTK504741,Indian Hume Pipe Company,INDIANHUME,,,,,,
GSTK890145,Dhani Services - Partly Paid,DHANIPP,,,,,,
GSTK507488,GM Breweries,GMBREW,,,,,,
GSTK544042,Bajel Projects,BAJEL,,,,,,
GSTK533267,Cantabil Retail India,CANTABIL,,,,,,
GSTK526947,La Opala Rg,LAOPALA,,,,,,
GSTK531179,Arman Financial Services,ARMANFIN,,,,,,
GSTK500460,Mukand,MUKANDLTD,,,,,,
GSTK530131,Udaipur Cement Works,,,,,,,
GSTK544379,Prabha Energy Ltd,PRABHA,,,,,,
GSTK532612,Indoco Remedies,INDOCO,,,,,,
GSTK505196,TIL,TIL,,,,,,
GSTK524774,NGL Fine Chem,NGLFINE,,,,,,
GSTK543650,DCX Systems,DCXINDIA,,,,,,
GSTK530475,Tinna Rubber & Infrastructure,TINNARUBR,,,,,,
GSTK531548,Somany Ceramics,SOMANYCERA,,,,,,
GSTK542725,SBC Exports,SBC,,,,,,
GSTK522263,JMC Projects (India),JMCPROJECT,,,,,,
GSTK544181,Awfis Space Solutions,AWFIS,,,,,,
GSTK506480,GOCL Corporation,GOCLCORP,,,,,,
GSTK532859,Hinduja Global Solutions,HGS,,,,,,
GSTK544138,JG Chemicals,JGCHEM,,,,,,
GSTK532305,Ind-Swift Laboratories,INDSWFTLAB,,,,,,
GSTK544633,Vidya Wires,VIDYAWIRES,,,,,,
GSTK532650,MSP Steel & Power,MSPL,,,,,,
GSTK530355,Asian Energy Services,ASIANENE,,,,,,
GSTK543214,NDR Auto Components,NDRAUTO,,,,,,
GSTK500168,Goodyear India,GOODYEAR,,,,,,
GSTK505725,Algoquant Fintech,ALGOQUANT,,,,,,
GSTK540795,Dynamic Cables,DYCL,,,,,,
GSTK544142,Shipping Corporation of India Land and Assets Ltd.,SCILAL,,,,,,
GSTK520008,Rico Auto Industries,RICOAUTO,,,,,,
GSTK538992,SAR Auto Products,,,,,,,
GSTK533162,Hathway Cable & Datacom,HATHWAY,,,,,,
GSTK517467,Marsons,MARSONS,,,,,,
GSTK523127,EIH Associated Hotels,EIHAHOTELS,,,,,,
GSTK532368,Brightcom Group,BCG,,,,,,
GSTK544496,Vikran Engineering,VIKRAN,,,,,,
GSTK523838,Simplex Infrastructures,SIMPLEXINF,,,,,,
GSTK532851,Insecticides (India),INSECTICID,,,,,,
GSTK531449,GRM Overseas,GRMOVER,,,,,,
GSTK539981,Max India Ltd,MAXINDIA,,,,,,
GSTK542905,Hindware Home Innovation Limited,HINDWAREAP,,,,,,
GSTK534369,Tribhovandas Bhimji Zaveri,TBZ,,,,,,
GSTK523862,Grand Oak Canyons Distillery,GRANDOAK,,,,,,
GSTK516038,KS Smart Technologies,,,,,,,
GSTK513446,JSW Ispat Special Products,JSWISPL,,,,,,
GSTK540710,Capacite Infraprojects,CAPACITE,,,,,,
GSTK533265,Gallantt Ispat,GALLISPAT,,,,,,
GSTK531209,Nucleus Software Exports,NUCLEUS,,,,,,
GSTK539724,Hypersoft Technologies,,,,,,,
GSTK539607,Blue Cloud Softech Solutions,,,,,,,
GSTK533320,Jubilant Industries,JUBLINDS,,,,,,
GSTK511034,Jindal Drilling & Industries,JINDRILL,,,,,,
GSTK500068,DISA India,DISAQ,,,,,,
GSTK512237,Jai Corp,JAICORPLTD,,,,,,
GSTK533344,PTC India Financial Services,PFS,,,,,,
GSTK543311,India Pesticides,IPL,,,,,,
GSTK543329,Windlas Biotech,WINDLAS,,,,,,
GSTK538734,Ceinsys Tech,CEINSYS,,,,,,
GSTK540797,Shalby,SHALBY,,,,,,
GSTK506532,Nitta Gelatin India,NITTAGELA,,,,,,
GSTK520066,Jay Bharat Maruti,JAYBARMARU,,,,,,
GSTK538891,Magellanic Cloud,MCLOUD,,,,,,
GSTK544414,Bluspring Enterprises,BLUSPRING,,,,,,
GSTK544599,Studds Accessories,STUDDS,,,,,,
GSTK524717,Titan Biotech,,,,,,,
GSTK543401,Go Fashion (India),GOCOLORS,,,,,,
GSTK500285,Spicejet,,,,,,,
GSTK509732,Kothari Industrial Corporation,KOTIC,,,,,,
GSTK543411,Hi-Tech Pipes,HITECH,,,,,,
GSTK543279,Suryoday Small Finance Bank,SURYODAY,,,,,,
GSTK533303,BF Investment,BFINVEST,,,,,,
GSTK543328,Krsnaa Diagnostics,KRSNAA,,,,,,
GSTK500108,Mahanagar Telephone Nigam,MTNL,,,,,,
GSTK532268,Accelya Solutions India,ACCELYA,,,,,,
GSTK890164,Wardwizard Inno Mobi Partly Paid,,,,,,,
GSTK539895,Spice Lounge Food Works,,,,,,,
GSTK543263,SMC Global Securities,SMCGLOBAL,,,,,,
GSTK532848,Delta Corp,DELTACORP,,,,,,
GSTK544470,M&B Engineering,MBEL,,,,,,
GSTK543992,Yatra Online Ltd,YATRA,,,,,,
GSTK543399,Tarsons Products,TARSONS,,,,,,
GSTK512267,Media Matrix Worldwide,MMWL,,,,,,
GSTK511144,Axis Solution Ltd.,,,,,,,
GSTK522073,Hi-Tech Gears,HITECHGEAR,,,,,,
GSTK531717,Vidhi Specialty Food Ingredients,VIDHIING,,,,,,
GSTK532708,GVK Power & Infrastructure,GVKPIL,,,,,,
GSTK505412,Wendt (India),WENDT,,,,,,
GSTK513554,Mahamaya Steel Industries,MAHASTEEL,,,,,,
GSTK504092,Indokem,,,,,,,
GSTK540776,5Paisa Capital,5PAISA,,,,,,
GSTK533306,Summit Securities,SUMMITSEC,,,,,,
GSTK539730,Fredun Pharmaceuticals,,,,,,,
GSTK544532,Solarworld Energy Solutions,SOLARWORLD,,,,,,
GSTK500402,SPML Infra,SPMLINFRA,,,,,,
GSTK532888,Asian Granito India,ASIANTILES,,,,,,
GSTK544053,Motisons Jewellers,MOTISONS,,,,,,
GSTK543644,Infobeans Technologies,INFOBEAN,,,,,,
GSTK544305,One Mobikwik Systems,MOBIKWIK,,,,,,
GSTK544271,Garuda Construction & Engineering,GARUDA,,,,,,
GSTK533146,D-Link (India),DLINKINDIA,,,,,,
GSTK522195,Frontier Springs,FRONTSP,,,,,,
GSTK543449,Wonder Electricals,WEL,,,,,,
GSTK538668,Meghna Infracon Infrastructure,,,,,,,
GSTK539289,Aurum Proptech,AURUM,,,,,,
GSTK507410,Walchandnagar Industries,WALCHANNAG,,,,,,
GSTK522261,Dolphin Offshore Enterprises (India),DOLPHIN,,,,,,
GSTK532775,GTL Infrastructure,GTLINFRA,,,,,,
GSTK532880,Omaxe,OMAXE,,,,,,
GSTK532365,Dynacons Systems & Solutions,DSSL,,,,,,
GSTK544459,Shanti Gold International,SHANTIGOLD,,,,,,
GSTK532485,Balmer Lawrie Investments,BLIL,,,,,,
GSTK543597,Virtuoso Optoelectronics,VOEPL,,,,,,
GSTK514211,Sumeet Industries,SUMEETINDS,,,,,,
GSTK532742,Paushak,PAUSHAKLTD,,,,,,
GSTK543923,IKIO Technologies,IKIO,,,,,,
GSTK539332,Navkar Corporation,NAVKARCORP,,,,,,
GSTK502450,Seshasayee Paper & Boards,SESHAPAPER,,,,,,
GSTK507526,Associated Alcohols & Breweries,ASALCBR,,,,,,
GSTK500279,MIRC Electronics,MIRCELECTR,,,,,,
GSTK537392,Keto Motors,,,,,,,
GSTK532366,PNB Gilts,PNBGILTS,,,,,,
GSTK507789,Jagsonpal Pharmaceuticals,JAGSNPHARM,,,,,,
GSTK544748,One Point One Solutions,ONEPOINT,,,,,,
GSTK544413,Digitide Solutions,DIGITIDE,,,,,,
GSTK544117,Signpost India,SIGNPOST,,,,,,
GSTK539151,Arfin India,ARFIN,,,,,,
GSTK541403,Dollar Industries,DOLLAR,,,,,,
GSTK540774,IFGL Refractories,IFGLEXPOR,,,,,,
GSTK544523,Ivalue Infosolutions,IVALUE,,,,,,
GSTK533761,GPT Infraprojects,GPTINFRA,,,,,,
GSTK507514,Som Distilleries And Breweries,SDBL,,,,,,
GSTK506373,Citurgia Biochemicals,,,,,,,
GSTK544631,Creative Peripherals & Distribution,CNL,,,,,,
GSTK532341,Izmo,IZMO,,,,,,
GSTK590006,Amrutanjan Health Care,AMRUTANJAN,,,,,,
GSTK520073,RACL Geartech,RACLGEAR,,,,,,
GSTK511742,Ugro Capital,UGROCAP,,,,,,
GSTK506414,Fermenta Biotech,FERMENTA,,,,,,
GSTK508933,Aym Syntex,AYMSYNTEX,,,,,,
GSTK500207,Indo Rama Synthetics (India),INDORAMA,,,,,,
GSTK533138,Astec Lifesciences,ASTEC,,,,,,
GSTK513307,Belding India,,,,,,,
GSTK505400,Texmaco Infrastructure & Holdings,TEXINFRA,,,,,,
GSTK544479,All Time Plastics,ALLTIME,,,,,,
GSTK507747,TTK Healthcare,TTKHLTCARE,,,,,,
GSTK500199,IG Petrochemicals,IGPL,,,,,,
GSTK543711,Sula Vineyards,SULA,,,,,,
GSTK513536,Gujarat Natural Resources,GNRL,,,,,,
GSTK543419,Shriram Properties,SHRIRAMPPS,,,,,,
GSTK544264,Diffusion Engineers,DIFFNKG,,,,,,
GSTK534748,Steel Exchange India,STEELXIND,,,,,,
GSTK531795,Atul Auto,ATULAUTO,,,,,,
GSTK543451,AGS Transact Technologies,AGSTRA,,,,,,
GSTK530307,Chaman Lal Setia Exports,CLSEL,,,,,,
GSTK517380,Igarashi Motors India,IGARASHI,,,,,,
GSTK544244,Gala Precision Engineering,GALAPREC,,,,,,
GSTK544184,Borosil Scientific,BOROSCI,,,,,,
GSTK506618,Punjab Chemicals & Crop Protection,PUNJABCHEM,,,,,,
GSTK544131,GPT Healthcare,GPTHEALTH,,,,,,
GSTK523229,Bharat Seats,BHARATSE,,,,,,
GSTK532705,Jagran Prakashan,JAGRAN,,,,,,
GSTK544336,Quadrant Future Tek,QUADFUTURE,,,,,,
GSTK512038,TCC Concept,TCC,,,,,,
GSTK524109,Kabra Extrusiontechnik,KABRAEXTRU,,,,,,
GSTK543989,Sai Silks (Kalamandir),KALAMANDIR,,,,,,
GSTK543331,Meghmani Organics,MOL,,,,,,
GSTK543996,Updater Services,UDS,,,,,,
GSTK500117,DCW,DCW,,,,,,
GSTK526173,Andrew Yule & Co,,,,,,,
GSTK590065,India Motor Parts & Accessories,IMPAL,,,,,,
GSTK512020,Saraswati Commercial (India),ZSARACOM,,,,,,
GSTK590030,Southern Petrochemical Industries Corporation,SPIC,,,,,,
GSTK544448,Pashupati Cotspin,PASHUPATI,,,,,,
GSTK511076,AEROFLEX ENTERPRISES LIMITED,AEROENTER,,,,,,
GSTK539799,Bharat Wire Ropes,BHARATWIRE,,,,,,
GSTK544718,PNGS Reva Diamond Jewellery,PNGSREVA,,,,,,
GSTK544279,Godavari Biorefineries,GODAVARIB,,,,,,
GSTK539636,Precision Camshafts,PRECAM,,,,,,
GSTK500280,Century Enka,CENTENKA,,,,,,
GSTK509438,Benares Hotels,,,,,,,
GSTK505036,Automobile Corporation of Goa,,,,,,,
GSTK543386,Fino Payments Bank,FINOPB,,,,,,
GSTK544120,Capital Small Finance Bank,CAPITALSFB,,,,,,
GSTK524632,Shukra Pharmaceuticals,,,,,,,
GSTK532143,SKM Egg Products Export India,SKMEGGPROD,,,,,,
GSTK500304,NIIT,NIITLTD,,,,,,
GSTK533137,DEN Networks,DEN,,,,,,
GSTK544293,Suraksha Diagnostic,SURAKSHA,,,,,,
GSTK530079,Faze Three,FAZE3Q,,,,,,
GSTK544395,STL Networks,STLNETWORK,,,,,,
GSTK508929,Avishkar Infra Realty,,,,,,,
GSTK543978,Ratnaveer Precision Engineering,RATNAVEER,,,,,,
GSTK526521,Sanghi Industries,,,,,,,
GSTK517421,Butterfly Gandhimathi Appliances,BUTTERFLY,,,,,,
GSTK513250,Jyoti Structures,JYOTISTRUC,,,,,,
GSTK539469,Panorama Studios International,,,,,,,
GSTK526608,Electrotherm (India),ELECTHERM,,,,,,
GSTK539046,Manaksia Coated Metals & Industries,MANAKCOAT,,,,,,
GSTK500023,Asian Hotels (North),ASIANHOTNR,,,,,,
GSTK533552,Rupa & Company,RUPA,,,,,,
GSTK539334,Shree Pushkar Chemicals & Fertilisers,SHREEPUSHK,,,,,,
GSTK517500,Roto Pumps,ROTO,,,,,,
GSTK533257,Indosolar Ltd.,WAAREEINDO,,,,,,
GSTK532180,Dhanlaxmi Bank,DHANBANK,,,,,,
GSTK544253,Kross,KROSS,,,,,,
GSTK517035,RIR Power Electronics,RIR,,,,,,
GSTK532923,Renaissance Global,RGL,,,,,,
GSTK543324,Gretex Corporate Services,GCSL,,,,,,
GSTK533315,Innovassynth Technologies (India),,,,,,,
GSTK533121,Expleo Solutions,EXPLEOSOL,,,,,,
GSTK532633,Alldigi Tech,ALLDIGI,,,,,,
GSTK500650,Excel Industries,EXCELINDUS,,,,,,
GSTK500078,Oriental Aromatics,OAL,,,,,,
GSTK544134,Platinum Industries,PLATIND,,,,,,
GSTK524470,Syncom Formulations (India),SYNCOMF,,,,,,
GSTK532457,Gulshan Polyols,GULPOLY,,,,,,
GSTK507912,Gyftr,GYFTR,,,,,,
GSTK532719,B L Kashyap & Sons,BLKASHYAP,,,,,,
GSTK539956,TAAL Tech,TAALTECH,,,,,,
GSTK502330,Andhra Paper,ANDHRAPAP,,,,,,
GSTK543517,Hariom Pipe Industries,HARIOMPIPE,,,,,,
GSTK524342,Indo Borax and Chemicals,INDOBORAX,,,,,,
GSTK543254,Antony Waste Handling Cell,AWHCL,,,,,,
GSTK532749,Allcargo Logistics,ALLCARGO,,,,,,
GSTK532684,Everest Kanto Cylinder,EKC,,,,,,
GSTK544235,Orient Technologies,ORIENTTECH,,,,,,
GSTK505526,Dolat Algotech,DOLATALGO,,,,,,
GSTK544339,Laxmi Dental,LAXMIDENTL,,,,,,
GSTK533263,Orient Green Power Company,GREENPOWER,,,,,,
GSTK540692,Apex Frozen Foods,APEX,,,,,,
GSTK501150,Centrum Capital,CENTRUM,,,,,,
GSTK531633,Lincoln Pharmaceuticals,LINCOLN,,,,,,
GSTK506194,Arihant Superstructures,ARIHANTSUP,,,,,,
GSTK544158,SRM Contractors Limited,SRM,,,,,,
GSTK506109,Genesys International Corporation,GENESYS,,,,,,
GSTK539872,Bajaj Healthcare,BAJAJHCARE,,,,,,
GSTK532945,SEPC,SEPC,,,,,,
GSTK530499,AK Capital Serv,AKCAPIT,,,,,,
GSTK506685,Ultramarine & Pigments,ULTRAMAR,,,,,,
GSTK531381,Arihant Foundations & Housing,ARIHANT,,,,,,
GSTK503169,Ruby Mills,RUBYMILLS,,,,,,
GSTK523445,Reliance Industrial Infrastructure,RIIL,,,,,,
GSTK507878,Unitech,UNITECH,,,,,,
GSTK515043,Saint-Gobain Sekurit India,,,,,,,
GSTK509152,GRP,GRPLTD,,,,,,
GSTK500268,Manali Petrochemicals,MANALIPETC,,,,,,
GSTK590062,Andhra Sugars,ANDHRSUGAR,,,,,,
GSTK514448,Jyoti Resins & Adhesives,,,,,,,
GSTK526775,Valiant Communications,,,,,,,
GSTK501298,Industrial & Prudential Investment Co,INDPRUD,,,,,,
GSTK506248,Amines & Plasticizers,AMNPLST,,,,,,
GSTK514330,One Global Service Provider,,,,,,,
GSTK507753,TGV SRAAC,,,,,,,
GSTK539300,Sunrakshakk Industries India,,,,,,,
GSTK531147,Alicon Castalloy,ALICON,,,,,,
GSTK538836,Monte Carlo Fashions,MONTECARLO,,,,,,
GSTK532624,Jindal Photo,JINDALPHOT,,,,,,
GSTK543918,GHCL Textiles Ltd.,GHCLTEXTIL,,,,,,
GSTK524332,BCL Industries,BCLIND,,,,,,
GSTK519105,AVT Natural Products,AVTNPL,,,,,,
GSTK544316,DAM Capital Advisors,DAMCAPITAL,,,,,,
GSTK536773,Jindal Poly Investment & Finance Company,JPOLYINVST,,,,,,
GSTK542669,BMW Industries,,,,,,,
GSTK500439,Vardhman Holdings,VHL,,,,,,
GSTK590134,Madras Fertilizers,MADRASFERT,,,,,,
GSTK532067,3B Blackbio Dx,3BBLACKBIO,,,,,,
GSTK544764,Mangalam Worldwide,MWL,,,,,,
GSTK502180,Shree Digvijay Cement Company,SHREDIGCEM,,,,,,
GSTK511413,Crest Ventures,CREST,,,,,,
GSTK513108,Gandhi Special Tubes,GANDHITUBE,,,,,,
GSTK533316,STEL Holdings,STEL,,,,,,
GSTK544004,IRM Energy,IRMENERGY,,,,,,
GSTK532864,Nelcast,NELCAST,,,,,,
GSTK544419,Arisinfra Solutions,ARIS,,,,,,
GSTK531426,Tamilnadu Newsprint & Papers,TNPL,,,,,,
GSTK544534,Jaro Institute of Technology Management and Research,JARO,,,,,,
GSTK530845,Sunshield Chemicals,,,,,,,
GSTK512025,Asgard Alcobev,,,,,,,
GSTK517059,Salzer Electronics,SALZERELEC,,,,,,
GSTK543929,HMA Agro Industries,HMAAGRO,,,,,,
GSTK524212,Wanbury,WANBURY,,,,,,
GSTK523708,Eimco Elecon India,EIMCOELECO,,,,,,
GSTK543712,Abans Financial Services Limited,AFSL,,,,,,
GSTK540642,Salasar Techno Engineering,SALASAR,,,,,,
GSTK500296,Nahar Spinning Mills,NAHARSPING,,,,,,
GSTK526666,Bhartiya International,BIL,,,,,,
GSTK513532,Pradeep Metals,PRADPME,,,,,,
GSTK532382,Balaji Telefilms,BALAJITELE,,,,,,
GSTK520059,Munjal Auto Industries,MUNJALAU,,,,,,
GSTK537259,Suyog Telematics,SUYOG,,,,,,
GSTK541096,Bharat Parenterals,,,,,,,
GSTK511768,Master Trust,MASTERTR,,,,,,
GSTK540649,Avadh Sugar & Energy,AVADHSUGAR,,,,,,
GSTK509675,BirlaNu,BIRLANU,,,,,,
GSTK544757,Bombay Super Hybrid Seeds,BSHSL,,,,,,
GSTK544666,Gujarat Kidney And Super Speciality,GKSL,,,,,,
GSTK544318,Mamata Machinery,MAMATA,,,,,,
GSTK524648,Indo Amines,INDOAMIN,,,,,,
GSTK524280,Kopran,KOPRAN,,,,,,
GSTK514043,Himatsingka Seide,HIMATSEIDE,,,,,,
GSTK544416,Krishival Foods,KRISHIVAL,,,,,,
GSTK544491,Gem Aromatics,GEMAROMA,,,,,,
GSTK530803,Bhageria Industries,BHAGERIA,,,,,,
GSTK533259,Health X Platform,HEALTHX,,,,,,
GSTK544536,Wealth First Portfolio Managers,WEALTH,,,,,,
GSTK523411,ADC India Communications,,,,,,,
GSTK534742,Zuari Agro Chemicals,ZUARI,,,,,,
GSTK526530,IIRM Holdings India,,,,,,,
GSTK539678,Quick Heal Technologies,QUICKHEAL,,,,,,
GSTK504786,Investment & Precision Castings,INVPRECQ,,,,,,
GSTK531978,Ambika Cotton Mills,AMBIKCO,,,,,,
GSTK539351,Prabhat Dairy,PRABHAT,,,,,,
GSTK532345,Allcargo Gati,,,,,,,
GSTK532850,MIC Electronics,MICEL,,,,,,
GSTK500264,Mafatlal Industries,MAFATIND,,,,,,
GSTK530199,Themis Medicare,THEMISMED,,,,,,
GSTK519031,Shah Foods,,,,,,,
GSTK530643,Eco Recycling,,,,,,,
GSTK522108,Yuken India,YUKEN,,,,,,
GSTK500350,RSWM,RSWM,,,,,,
GSTK524370,Bodal Chemicals,BODALCHEM,,,,,,
GSTK512233,Jaybharat Textiles & Real Estate,,,,,,,
GSTK512014,Sobhaygya Mercantile,,,,,,,
GSTK539984,Hindusthan Insulators & Industries,,,,,,,
GSTK544227,Unicommerce eSolutions,UNIECOM,,,,,,
GSTK531847,Asian Star Co,ASTAR,,,,,,
GSTK543252,Fairchem Organics,FAIRCHEMOR,,,,,,
GSTK522257,Rajoo Engineers,RAJOOENG,,,,,,
GSTK544345,Denta Water And Infra Solutions,DENTA,,,,,,
GSTK500337,Prime Securities,PRIMESECU,,,,,,
GSTK513605,Srikalahasthi Pipes,SRIPIPES,,,,,,
GSTK504605,Uni-Abex Alloy Products,,,,,,,
GSTK541929,Synergy Green Industries,SGIL,,,,,,
GSTK544709,Gaudium IVF and Women Health,GAUDIUMIVF,,,,,,
GSTK544054,Suraj Estate Developers,SURAJEST,,,,,,
GSTK526506,Systematix Corporate Services,SYSTMTXC,,,,,,
GSTK506261,Modison,MODISONLTD,,,,,,
GSTK530929,RRP Defense,,,,,,,
GSTK532993,Sejal Glass,SEJALLTD,,,,,,
GSTK506528,Keltech Energies,,,,,,,
GSTK500136,Ester Industries,ESTER,,,,,,
GSTK522295,Control Print,CONTROLPR,,,,,,
GSTK506597,Amal,,,,,,,
GSTK544258,Western Carriers (India),WCIL,,,,,,
GSTK539843,NINtec Systems,NINSYS,,,,,,
GSTK530759,Sterling Tools,STERTOOLS,,,,,,
GSTK532513,TVS Electronics,TVSELECT,,,,,,
GSTK533193,Kirloskar Electric Company,KECL,,,,,,
GSTK507836,Mac Charles (India),MCCHRLS-B,,,,,,
GSTK507438,IFB Agro Industries,IFBAGRO,,,,,,
GSTK521238,Bharat Global Developers,,,,,,,
GSTK543687,Dharmaj Crop Guard,DHARMAJ,,,,,,
GSTK526935,Kalind,,,,,,,
GSTK523828,Menon Bearings,MENONBE,,,,,,
GSTK543223,Max India,MAXIND,,,,,,
GSTK539785,Pudumjee Paper Products,PDMJEPAPER,,,,,,
GSTK540704,Matrimony.Com,MATRIMONY,,,,,,
GSTK532051,Swelect Energy Systems,SWELECTES,,,,,,
GSTK542851,Gensol Engineering,GENSOL,,,,,,
GSTK544202,Stanley Lifestyles,STANLEY,,,,,,
GSTK516064,Arrow Greentech,ARROWGREEN,,,,,,
GSTK513361,India Homes,,,,,,,
GSTK544617,Excelsoft Technologies,EXCELSOFT,,,,,,
GSTK520086,Sical Logistics,SICALLOG,,,,,,
GSTK534328,Hexa Tradex,HEXATRADEX,,,,,,
GSTK533156,Vascon Engineers,VASCONEQ,,,,,,
GSTK544485,Regaal Resources,REGAAL,,,,,,
GSTK500153,Ganesh Benzoplast,GANESHBE,,,,,,
GSTK544411,Scoda Tubes,SCODATUBES,,,,,,
GSTK500777,Tamilnadu Petroproducts,TNPETRO,,,,,,
GSTK508954,Finkurve Financial Services,FINKURVE,,,,,,
GSTK543240,Likhitha Infrastructure,LIKHITHA,,,,,,
GSTK540311,JITF Infralogistics,JITFINFRA,,,,,,
GSTK532529,New Delhi Television,NDTV,,,,,,
GSTK500119,Dhampur Sugar Mills,DHAMPURSUG,,,,,,
GSTK539986,Commercial Syn Bags,COMSYN,,,,,,
GSTK531092,Om Infra,OMINFRAL,,,,,,
GSTK512296,Bhagyanagar India,BHAGYANGR,,,,,,
GSTK511605,Arihant Capital Markets,ARIHANTCAP,,,,,,
GSTK539436,Coffee Day Enterprises,COFFEEDAY,,,,,,
GSTK544404,Borana Weaves,BORANA,,,,,,
GSTK532741,Kamdhenu,KAMDHENU,,,,,,
GSTK532699,Royal Orchid Hotels,ROHLTD,,,,,,
GSTK531910,JOJO,,,,,,,
GSTK532944,Onmobile Global,ONMOBILE,,,,,,
GSTK532729,Uttam Sugar Mills,UTTAMSUGAR,,,,,,
GSTK511628,Fedders Holding,FEDDERSHOL,,,,,,
GSTK523207,Kokuyo Camlin,KOKUYOCMLN,,,,,,
GSTK540125,Radhika Jeweltech,RADHIKAJWE,,,,,,
GSTK519152,Vadilal Enterprises,,,,,,,
GSTK506390,Sudarshan Colorants India,SUDARCOLOR,,,,,,
GSTK513121,Oricon Enterprises,ORICONENT,,,,,,
GSTK544149,Krystal Integrated Services Limited,KRYSTAL,,,,,,
GSTK523475,Lotus Chocolate Company,,,,,,,
GSTK523736,Dhunseri Ventures,DVL,,,,,,
GSTK532604,SAL Steel,SALSTEEL,,,,,,
GSTK542383,Ritco Logistics,RITCO,,,,,,
GSTK532842,Sree Rayalaseema Hi-Strength Hypo,SRHHYPOLTD,,,,,,
GSTK526885,Sarla Performance Fibers,SARLAPOLY,,,,,,
GSTK544239,Ecos (India) Mobility & Hospitality,ECOSMOBLTY,,,,,,
GSTK507944,Bajaj Steel Industries,BAJAJST,,,,,,
GSTK502168,NCL Industries,NCLIND,,,,,,
GSTK543995,Manoj Vaibhav Gems 'N' Jewellers,MVGJL,,,,,,
GSTK540145,Valiant Organics,VALIANTORG,,,,,,
GSTK530879,Capital India Finance,CIFL,,,,,,
GSTK508906,Everest Industries,EVERESTIND,,,,,,
GSTK540737,Shree Ganesh Remedies,,,,,,,
GSTK516082,NR Agarwal Industries,NRAIL,,,,,,
GSTK544562,Advance Agrolife,ADVANCE,,,,,,
GSTK543389,Sigachi Industries,SIGACHI,,,,,,
GSTK532904,Supreme Infrastructure India,SUPREMEINF,,,,,,
GSTK544756,United Polyfab Gujarat,UNITEDPOLY,,,,,,
GSTK540980,Yamuna Syndicate,,,,,,,
GSTK511333,VLS Finance,VLSFINANCE,,,,,,
GSTK511676,GIC Housing Finance,GICHSGFIN,,,,,,
GSTK544456,RM Drip & Sprinklers Systems,RMDRIP,,,,,,
GSTK506166,Apis India,,,,,,,
GSTK544446,Advent Hotels International,ADVENTHTL,,,,,,
GSTK506260,Anuh Pharma,ANUHPHR,,,,,,
GSTK520119,Automotive Stampings & Assemblies,ASAL,,,,,,
GSTK544492,Mangal Electrical Industries,MEIL,,,,,,
GSTK543986,South West Pinnacle Exploration,SOUTHWEST,,,,,,
GSTK544497,Anlon Healthcare,AHCL,,,,,,
GSTK544328,Indo Farm Equipments,INDOFARM,,,,,,
GSTK539018,Beekay Steel Industries,BEEKAY,,,,,,
GSTK531637,Praveg,PRAVEG,,,,,,
GSTK532721,VISA Chrome,VISASTEEL,,,,,,
GSTK544144,Popular Vehicles and Services Limited,PVSL,,,,,,
GSTK543539,Modi's Navnirman,MODIS,,,,,,
GSTK542684,Prakash Pipes,PPL,,,,,,
GSTK500780,Zuari Industries,ZUARIIND,,,,,,
GSTK502137,Deccan Cements,DECCANCE,,,,,,
GSTK541276,Hardwyn India,HARDWYN,,,,,,
GSTK508807,IST,,,,,,,
GSTK530477,Vikram Thermo India,,,,,,,
GSTK504398,SJ Corporation,,,,,,,
GSTK505232,Veljan Denison,VELJAN,,,,,,
GSTK532974,Aditya Birla Money,BIRLAMONEY,,,,,,
GSTK523329,Eldeco Housing and Industries,ELDEHSG,,,,,,
GSTK539309,Rama Steel Tubes,RAMASTEEL,,,,,,
GSTK532503,Rajapalayam Mills,RAJPALAYAM,,,,,,
GSTK523160,Foseco Crucible (India),,,,,,,
GSTK544487,Patel Retail,PATELRMART,,,,,,
GSTK509960,U. P. Hotels,,,,,,,
GSTK538563,SMT Engineering,,,,,,,
GSTK544364,Indef Manufacturing Limited,BAJAJINDEF,,,,,,
GSTK511702,Yogi,,,,,,,
GSTK519602,Kellton Tech Solutions,KELLTONTEC,,,,,,
GSTK522229,Taneja Aerospace & Aviation,,,,,,,
GSTK526725,Sandesh,SANDESH,,,,,,
GSTK531921,Agarwal Industrial Corporation,AGARIND,,,,,,
GSTK544410,Prostarm Info Systems,PROSTARM,,,,,,
GSTK506642,Sadhana Nitro Chem,SADHNANIQ,,,,,,
GSTK532616,Xchanging Solutions,XCHANGING,,,,,,
GSTK509055,Visaka Industries,VISAKAIND,,,,,,
GSTK532906,Maan Aluminium,MAANALU,,,,,,
GSTK531859,Oriental Rail Infrastructure,,,,,,,
GSTK506808,Tuticorin Alkali Chemicals & Fertilizers,,,,,,,
GSTK543828,Sudarshan Pharma Industries,,,,,,,
GSTK506687,Transpek Industry,TRANSPEK,,,,,,
GSTK514354,Premier Polyfilm,PREMIERPOL,,,,,,
GSTK544465,Laxmi India Finance,LAXMIINDIA,,,,,,
GSTK512531,State Trading Corporation of India,STCINDIA,,,,,,
GSTK532764,GeeCee Ventures,GEECEE,,,,,,
GSTK504132,Permanent Magnets,,,,,,,
GSTK512062,Tandhan Industries,,,,,,,
GSTK542351,Gloster,GLOSTERLTD,,,,,,
GSTK544528,Ganesh Consumer Products,GANESHCP,,,,,,
GSTK532712,Reliance Communications,RCOM,,,,,,
GSTK543266,Heranba Industries,HERANBA,,,,,,
GSTK543898,BEML Land Assets Ltd.,BLAL,,,,,,
GSTK524500,Kilitch Drugs (India),KILITCH,,,,,,
GSTK533006,Birla Cotsyn (India) Ltd.,,,,,,,
GSTK543378,CWD Ltd,,,,,,,
GSTK533208,Emami Paper Mills,EMAMIPAP,,,,,,
GSTK530245,Aryaman Financial Services,,,,,,,
GSTK517166,SPEL Semiconductor,,,,,,,
GSTK532475,Aptech,APTECHT,,,,,,
GSTK540650,Magadh Sugar & Energy,MAGADSUGAR,,,,,,
GSTK523850,Axtel Industries,,,,,,,
GSTK506405,DMCC Speciality Chemicals,DMCC,,,,,,
GSTK517556,PVP Ventures,PVP,,,,,,
GSTK533217,Hindustan Media Ventures,HMVL,,,,,,
GSTK544278,OCCL Ltd.,OCCLLTD,,,,,,
GSTK543233,Chemcon Speciality Chemicals,CHEMCON,,,,,,
GSTK532902,Consolidated Construction Consortium,CCCL,,,,,,
GSTK533252,Welspun Investments and Commercials,WELINV,,,,,,
GSTK532610,Dwarikesh Sugar Industries,DWARKESH,,,,,,
GSTK515147,Haldyn Glass,HALDYNGL,,,,,,
GSTK524330,Jayant Agro-Organics,JAYAGROGN,,,,,,
GSTK544262,Manba Finance,MANBA,,,,,,
GSTK533022,20 Microns,20MICRONS,,,,,,
GSTK532515,TV Today Network,TVTODAY,,,,,,
GSTK532839,Dish TV India,DISHTV,,,,,,
GSTK544135,Mukka Proteins,MUKKA,,,,,,
GSTK532937,Kuantum Papers,KUANTUM,,,,,,
GSTK539660,Best Agrolife,BESTAGRO,,,,,,
GSTK540602,GTPL Hathway,GTPL,,,,,,
GSTK535667,India Finsec,,,,,,,
GSTK502175,Saurashtra Cement,SAURASHCEM,,,,,,
GSTK544558,Fabtech Technologies,FABTECH,,,,,,
GSTK544302,Innovana Thinklabs,INNOVANA,,,,,,
GSTK532737,Emkay Global Financial Services,EMKAY,,,,,,
GSTK531357,Mercury Ev-Tech,MERCURYEV,,,,,,
GSTK543969,Pyramid Technoplast,PYRAMID,,,,,,
GSTK543599,Ksolves India,KSOLVES,,,,,,
GSTK537254,JTL Defence,,,,,,,
GSTK590057,Equippp Social Impact Technologies,EQUIPPP,,,,,,
GSTK523391,Nahar Poly Films,NAHARPOLY,,,,,,
GSTK500429,Uniphos Enterprises,UNIENTER,,,,,,
GSTK533477,Enkei Wheels (India),,,,,,,
GSTK500456,Pasupati Acrylon,PASUPTAC,,,,,,
GSTK532875,Allied Digital Services,ADSL,,,,,,
GSTK543593,Dhampur Bio Organics,DBOL,,,,,,
GSTK517536,Onward Technologies,ONWARDTEC,,,,,,
GSTK511431,Vakrangee Limited,VAKRANGEE,,,,,,
GSTK534425,Speciality Restaurants,SPECIALITY,,,,,,
GSTK530943,Aqylon Nexus,AQYLON,,,,,,
GSTK526817,Cheviot Co,CHEVIOT,,,,,,
GSTK540757,Sheetal Cool Products,SCPL,,,,,,
GSTK514183,Black Rose Industries,BLACKROSE,,,,,,
GSTK540061,Bigbloc Construction,BIGBLOC,,,,,,
GSTK509525,Empire Industries,,,,,,,
GSTK544281,AB Infrabuild,ABINFRA,,,,,,
GSTK544557,Glottis,GLOTTIS,,,,,,
GSTK538635,Snowman Logistics,SNOWMAN,,,,,,
GSTK500240,Kinetic Engineering,,,,,,,
GSTK519397,Sharat Industries,SHINDL,,,,,,
GSTK534675,Prozone Realty,PROZONER,,,,,,
GSTK503031,Peninsula Land,PENINLAND,,,,,,
GSTK524723,Arvaya Healthcare,,,,,,,
GSTK512626,Orbit Exports,ORBTEXP,,,,,,
GSTK522122,Voith Paper Fabrics India,,,,,,,
GSTK509635,Hindustan Composites,HINDCOMPOS,,,,,,
GSTK517344,Mindteck (India),MINDTECK,,,,,,
GSTK519421,KSE,,,,,,,
GSTK532893,VTM,,,,,,,
GSTK539201,Satia Industries,SATIA,,,,,,
GSTK526582,TPL Plastech,TPLPLASTEH,,,,,,
GSTK511634,Axentra Corp,,,,,,,
GSTK532348,Subex,SUBEXLTD,,,,,,
GSTK539400,Mallcom (India),MALLCOM,,,,,,
GSTK532782,Sutlej Textiles & Industries,SUTLEJTEX,,,,,,
GSTK533407,True Green Bio Energy,,,,,,,
GSTK544186,Forbes Precision Tools And Machine Parts,,,,,,,
GSTK519003,Modi Naturals,MODINATUR,,,,,,
GSTK506852,Primo Chemicals,PRIMO,,,,,,
GSTK531771,Towa Sokki,,,,,,,
GSTK531241,Linc,LINC,,,,,,
GSTK541269,Chemfab Alkalis,CHEMFAB,,,,,,
GSTK504028,GEE,,,,,,,
GSTK505163,ZF Steering Gear (India),ZFSTEERING,,,,,,
GSTK543955,Transindia Real Estate,TREL,,,,,,
GSTK532467,Hazoor Multi Projects,,,,,,,
GSTK507155,Jagatjit Industries,,,,,,,
GSTK544060,RBZ Jewellers,RBZJEWEL,,,,,,
GSTK544315,Concord Enviro Systems,CEWATER,,,,,,
GSTK544502,Amanta Healthcare,AMANTA,,,,,,
GSTK590043,Harita Seating Systems,HARITASEAT,,,,,,
GSTK543954,Allcargo Terminals,ATL,,,,,,
GSTK531889,Nurture Well Industries,,,,,,,
GSTK532662,HT Media,HTMEDIA,,,,,,
GSTK532987,Rane Brake Linings,,,,,,,
GSTK513511,Panchmahal Steel,,,,,,,
GSTK505358,Integra Engineering India,,,,,,,
GSTK543917,Sigma Solve,SIGMA,,,,,,
GSTK532760,Deep Energy Resources,DEEPENR,,,,,,
GSTK522134,Artson,,,,,,,
GSTK530129,Nile,NILE,,,,,,
GSTK544187,Kronox Lab Sciences,KRONOX,,,,,,
GSTK541400,Zim Laboratories,ZIMLAB,,,,,,
GSTK509874,Shalimar Paints,SHALPAINTS,,,,,,
GSTK537750,Kiran Vyapar,KIRANVYPAR,,,,,,
GSTK531647,Prabhatam Infra Venture,,,,,,,
GSTK502958,Lakshmi Mills Company,,,,,,,
GSTK505703,Satani Bearings,,,,,,,
GSTK520043,Munjal Showa,MUNJALSHOW,,,,,,
GSTK543974,Vishnu Prakash R Punglia,VPRPL,,,,,,
GSTK517286,RNIT AI Solutions Ltd.,,,,,,,
GSTK532687,Repro India,REPRO,,,,,,
GSTK543636,DC Infotech & Communication,DCI,,,,,,
GSTK539290,Oswal Greentech,OSWALGREEN,,,,,,
GSTK544058,Credo Brands Marketing,MUFTI,,,,,,
GSTK540693,Shish Industries,,,,,,,
GSTK539195,POCL Enterprises,,,,,,,
GSTK505141,Scooters India,,,,,,,
GSTK532740,Lokesh Machines,LOKESHMACH,,,,,,
GSTK505978,Triton Valves,,,,,,,
GSTK524480,Riddhi Siddhi Gluco Biols,,,,,,,
GSTK532934,PPAP Automotive,PPAP,,,,,,
GSTK544361,Covance Softsol,,,,,,,
GSTK533336,Dhunseri Investments,DHUNINV,,,,,,
GSTK514440,Blue Pearl Agriventures,,,,,,,
GSTK509220,PTL Enterprises,PTL,,,,,,
GSTK532310,Shree Rama Multi-Tech,SHREERAMA,,,,,,
GSTK531359,Shriram Asset Management Co,,,,,,,
GSTK505850,Mangal Credit & Fincorp,MANCREDIT,,,,,,
GSTK514215,Binny,,,,,,,
GSTK544136,RK Swamy,RKSWAMY,,,,,,
GSTK524542,Sukhjit Starch & Chemicals,SUKHJITS,,,,,,
GSTK532700,Entertainment Network (India),ENIL,,,,,,
GSTK500173,GFL,GFLLIMITED,,,,,,
GSTK504731,Azad India Mobility,,,,,,,
GSTK507779,Kanpur Plastipack,KANPRPLA,,,,,,
GSTK530023,Investment Trust Of India,THEINVEST,,,,,,
GSTK540735,IRIS RegTech Solutions,IRIS,,,,,,
GSTK523710,Sayaji Hotels,SAYAJIHOTL,,,,,,
GSTK504176,High Energy Batteries (India),,,,,,,
GSTK512453,Shri Jagdamba Polymers,,,,,,,
GSTK500317,Oswal Agro Mills,OSWALAGRO,,,,,,
GSTK533470,Rushil Decor,RUSHIL,,,,,,
GSTK523792,Mazda,MAZDA,,,,,,
GSTK532774,Inspirisys Solutions,INSPIRISYS,,,,,,
GSTK540497,S Chand & Co,SCHAND,,,,,,
GSTK538716,Aryaman Capital Markets,,,,,,,
GSTK544273,Mangalam Global Enterprise,MGEL,,,,,,
GSTK532654,McLeod Russel India,MCLEODRUSS,,,,,,
GSTK517449,Magna Electro Castings,,,,,,,
GSTK504882,National Standard (India),NATIONSTD,,,,,,
GSTK517214,Digispice Technologies,DIGISPICE,,,,,,
GSTK543725,Elin Electronics,ELIN,,,,,,
GSTK533218,Emami Realty,EMAMIREAL,,,,,,
GSTK514336,CCME Global,,,,,,,
GSTK514418,Mangalam Organics,MANORG,,,,,,
GSTK535601,Sreeleathers,SREEL,,,,,,
GSTK543668,B & B Triplewall Containers,BBTCL,,,,,,
GSTK519136,Nahar Industrial Enterprises,NAHARINDUS,,,,,,
GSTK544450,Chembond Chemicals,CHEMBONDCH,,,,,,
GSTK532323,Shiva Cement,,,,,,,
GSTK532794,Zee Media Corporation,ZEEMEDIA,,,,,,
GSTK530521,Virat Industries,,,,,,,
GSTK544543,BMW Ventures,BMWVENTLTD,,,,,,
GSTK534733,Aerpace Industries,,,,,,,
GSTK526668,Kamat Hotels (India),KAMATHOTEL,,,,,,
GSTK530431,Ador Fontech,,,,,,,
GSTK544432,Indogulf Cropsciences,IGCL,,,,,,
GSTK522014,United Drilling Tools,UNIDT,,,,,,
GSTK517172,Pervasive Commodities,,,,,,,
GSTK504879,Orient Ceratech,ORIENTCER,,,,,,
GSTK523648,Plastiblends India,PLASTIBLEN,,,,,,
GSTK539518,Uday Jewellery Industries,,,,,,,
GSTK532011,Vashu Bhagnani Industries,,,,,,,
GSTK520021,Omax Autos,OMAXAUTO,,,,,,
GSTK535693,Brahmaputra Infrastructure,,,,,,,
GSTK541358,Unifinz Capital India,,,,,,,
GSTK530067,CSL Finance,CSLFINANCE,,,,,,
GSTK532628,3i Infotech,3IINFOLTD,,,,,,
GSTK590031,De Nora India,DENORA,,,,,,
GSTK526987,Urja Global,URJA,,,,,,
GSTK539834,Balgopal Commercial,,,,,,,
GSTK524731,Jenburkt Pharmaceuticals,,,,,,,
GSTK533982,Tera Software,TERASOFT,,,,,,
GSTK532329,Danlaw Technologies India,,,,,,,
GSTK509709,International Conveyors,INTLCONV,,,,,,
GSTK523269,Advani Hotels & Resorts (India),ADVANIHOTR,,,,,,
GSTK532173,Cybertech Systems & Software,CYBERTECH,,,,,,
GSTK500089,DIC India,DICIND,,,,,,
GSTK512229,Veritas India,,,,,,,
GSTK538715,Dhabriya Polywood,,,,,,,
GSTK500193,HLV,HLVLTD,,,,,,
GSTK526423,Kriti Industries (India),KRITI,,,,,,
GSTK500060,Birla Cable,BIRLACABLE,,,,,,
GSTK542231,Nila Spaces,NILASPACES,,,,,,
GSTK502742,Sintex Industries,SINTEX,,,,,,
GSTK544346,RDB Real Estate Constructions,,,,,,,
GSTK530365,Orient Bell,ORIENTBELL,,,,,,
GSTK532989,Bafna Pharmaceuticals,BAFNAPH,,,,,,
GSTK890161,Natural Capsules Ltd. - Partly Paid up Equity Shares (Rights Entitlements (REs),,,,,,,
GSTK522650,Bemco Hydraulics,,,,,,,
GSTK540679,Haleos Labs,HALEOSLABS,,,,,,
GSTK526642,Mirza International,MIRZAINT,,,,,,
GSTK543267,Davangere Sugar Company,DAVANGERE,,,,,,
GSTK507794,Khaitan Chemicals & Fertilizers,KHAICHEM,,,,,,
GSTK526217,Hitech Corporation,HITECHCORP,,,,,,
GSTK504220,WS Industries India,WSI,,,,,,
GSTK530363,Ugar Sugar Works,UGARSUGAR,,,,,,
GSTK530627,Vipul Organics,,,,,,,
GSTK538772,Niyogin Fintech,,,,,,,
GSTK524037,Rama Phosphates,RAMAPHO,,,,,,
GSTK544726,Kotyark Industries,KOTYARK,,,,,,
GSTK531225,Xtglobal Infotech,XTGLOBAL,,,,,,
GSTK539044,Manaksia Steels,MANAKSTEEL,,,,,,
GSTK541741,Fratelli Vineyards,,,,,,,
GSTK522017,Fluidomat,,,,,,,
GSTK523105,Cropster Agro,,,,,,,
GSTK500267,Majestic Auto,MAJESAUT,,,,,,
GSTK522217,Gujarat Apollo Industries,GUJAPOLLO,,,,,,
GSTK523371,Mawana Sugars,MAWANASUG,,,,,,
GSTK521194,SIL Investments,SILINV,,,,,,
GSTK524129,Vinyl Chemicals India,VINYLINDIA,,,,,,
GSTK538598,Vishal Fabrics,,,,,,,
GSTK526596,Liberty Shoes,LIBERTSHOE,,,,,,
GSTK534680,SRG Housing Finance,SRGHFL,,,,,,
GSTK526263,Mold-Tek Technologies,MOLDTECH,,,,,,
GSTK533152,MBL Infrastructure,MBLINFRA,,,,,,
GSTK590025,Ginni Filaments,GINNIFILA,,,,,,
GSTK526071,Stellant Securities (India),,,,,,,
GSTK531035,EBIX,,,,,,,
GSTK544191,Purple Finance,,,,,,,
GSTK544522,AB Cotspin India,ABCOTS,,,,,,
GSTK533941,Thomas Scott India,THOMASCOTT,,,,,,
GSTK532935,Aries Agro,ARIES,,,,,,
GSTK532141,Andhra Cements,ACL,,,,,,
GSTK543218,Suratwwala Business Group,SBGLP,,,,,,
GSTK512519,Donear Industries,DONEAR,,,,,,
GSTK539235,Grandeur Products,,,,,,,
GSTK500189,NDL Ventures,NDLVENTURE,,,,,,
GSTK532829,Lehar Footwears,,,,,,,
GSTK533285,RDB Infrastructure And Power,,,,,,,
GSTK506525,Kanoria Chemicals & Industries,KANORICHEM,,,,,,
GSTK543998,Valiant Laboratories,VALIANTLAB,,,,,,
GSTK531191,Filtron Engineers,,,,,,,
GSTK538786,Citizen Solar,,,,,,,
GSTK536974,Captain Polyplast,CPL,,,,,,
GSTK531676,Emrock Corporation,,,,,,,
GSTK500356,Shree Rama Newsprint,RAMANEWS,,,,,,
GSTK503722,Banswara Syntex,BANSWRAS,,,,,,
GSTK543470,SoftTech Engineers,SOFTTECH,,,,,,
GSTK511714,Nimbus Projects,NIMBSPROJ,,,,,,
GSTK539276,Kaya,KAYA,,,,,,
GSTK543910,AVG Logistics,AVG,,,,,,
GSTK543688,Sarveshwar Foods,SARVESHWAR,,,,,,
GSTK538446,Moneyboxx Finance,MONEYBOXX,,,,,,
GSTK523888,Megamont,,,,,,,
GSTK532853,Asahi Songwon Colors Lucky Laminates,ASAHISONG,,,,,,
GSTK526873,Rajasthan Securities,,,,,,,
GSTK513472,Simplex Castings,,,,,,,
GSTK543193,DJ Mediaprint & Logistics,DJML,,,,,,
GSTK533704,Essar Shipping,ESSARSHPNG,,,,,,
GSTK526179,Ludlow Jute & Specialities,,,,,,,
GSTK532952,Nahar Capital & Financial Services,NAHARCAP,,,,,,
GSTK500284,Lords Chloro Alkali,LORDSCHLO,,,,,,
GSTK512393,Shardul Securities,SHARDUL,,,,,,
GSTK531638,Suraj,SURAJLTD,,,,,,
GSTK542933,Universus Photo Imagings,UNIVPHOTO,,,,,,
GSTK543911,Atal Realtech,ATALREAL,,,,,,
GSTK544200,Akme Fintrade (India),AFIL,,,,,,
GSTK544204,Vraj Iron & Steel,VRAJ,,,,,,
GSTK544254,Tolins Tyres,TOLINS,,,,,,
GSTK500012,Andhra Petrochemicals,,,,,,,
GSTK505729,Singer India,SINGERIND,,,,,,
GSTK507552,Foods and Inns,FOODSIN,,,,,,
GSTK544547,Jinkushal Industries,JKIPL,,,,,,
GSTK514238,MKVentures Capital,,,,,,,
GSTK536264,Tiger Logistics India,TIGERLOGS,,,,,,
GSTK526586,Wim Plast,,,,,,,
GSTK540937,Medico Remedies,MEDICO,,,,,,
GSTK530299,Kothari Products,KOTHARIPRO,,,,,,
GSTK540717,Polo Queen Industrial & Fintech,,,,,,,
GSTK500467,Harrisons Malayalam,HARRMALAYA,,,,,,
GSTK539148,Shivalik Rasayan,SHIVALIK,,,,,,
GSTK538685,Shemaroo Entertainment,SHEMAROO,,,,,,
GSTK524075,Albert David,ALBERTDAVD,,,,,,
GSTK517273,S & S Power Switchgear,S&SPOWER,,,,,,
GSTK500166,Goodricke Group,,,,,,,
GSTK532797,Autoline Industries,AUTOIND,,,,,,
GSTK521113,Suditi Industries,,,,,,,
GSTK543364,Markolines Pavement Technologies,MARKOLINES,,,,,,
GSTK532980,Gokul Refoils & Solvent,GOKUL,,,,,,
GSTK502420,Orient Paper & Industries,ORIENTPPR,,,,,,
GSTK543732,Radiant Cash Management Services,RADIANTCMS,,,,,,
GSTK500367,Rubfila International,RUBFILA,,,,,,
GSTK544564,Om Freight Forwarders,OMFREIGHT,,,,,,
GSTK544461,Euro Panel Products,EUROBOND,,,,,,
GSTK511766,Muthoot Capital Services,MUTHOOTCAP,,,,,,
GSTK514316,Raghuvir Synthetics,,,,,,,
GSTK539594,Mishtann Foods,,,,,,,
GSTK522004,Batliboi,BATLIBOI,,,,,,
GSTK505720,Hercules Investments,,,,,,,
GSTK502937,Kesoram Industries,KESORAMIND,,,,,,
GSTK544080,Sayaji Hotels (Indore),,,,,,,
GSTK543416,Zodiac Energy,ZODIAC,,,,,,
GSTK531628,Tejassvi Aaharam,,,,,,,
GSTK531161,ABM Knowledgeware,ABMKNO,,,,,,
GSTK533275,Shah Metacorp,SHAH,,,,,,
GSTK511672,Scan Steels,SCANSTL,,,,,,
GSTK530579,UY Fincorp,UYFINCORP,,,,,,
GSTK540396,Manomay Tex India,MANOMAY,,,,,,
GSTK544499,Career Point Edutech,CPEDU,,,,,,
GSTK504240,Delton Cables,,,,,,,
GSTK539841,Lancer Container Lines,,,,,,,
GSTK500179,HCL Infosystems,HCL-INSYS,,,,,,
GSTK543715,Indiabulls Enterprises,,,,,,,
GSTK523023,Sinclairs Hotels,SINCLAIR,,,,,,
GSTK517246,B C C Fuba India,,,,,,,
GSTK541352,Megastar Foods,MEGASTAR,,,,,,
GSTK539922,Rotographics India,,,,,,,
GSTK532780,Parsvnath Developers,PARSVNATH,,,,,,
GSTK540175,Regency Fincorp,,,,,,,
GSTK500298,Naperol Investments,,,,,,,
GSTK512600,Astal Laboratories,,,,,,,
GSTK500422,Transchem,,,,,,,
GSTK532932,Manaksia,MANAKSIA,,,,,,
GSTK520151,Transworld Shipping Lines,TRANSWORLD,,,,,,
GSTK538476,Capital Trade Links,,,,,,,
GSTK533210,Kriti Nutrients,KRITINUT,,,,,,
GSTK542670,Artemis Electricals and Projects,AEPL,,,,,,
GSTK533207,Jaypee Infratech,JPINFRATEC,,,,,,
GSTK531727,Menon Pistons,MENNPIS,,,,,,
GSTK533192,KCP Sugar & Industries Corporation,KCPSUGIND,,,,,,
GSTK531364,Ekansh Concepts,,,,,,,
GSTK531279,Trishakti Industries,,,,,,,
GSTK500111,Reliance Capital,RELCAPITAL,,,,,,
GSTK543591,Dreamfolks Services,DREAMFOLKS,,,,,,
GSTK531652,UVS Hospitality and Services,,,,,,,
GSTK500013,Ansal Properties & Infrastructure,ANSALAPI,,,,,,
GSTK504959,Stovec Industries,,,,,,,
GSTK521167,Maxgrow India,,,,,,,
GSTK524634,Alufluoride,,,,,,,
GSTK513496,Sizemasters Technology,,,,,,,
GSTK538987,Talbros Engineering,,,,,,,
GSTK542770,Alphalogic Techsys,,,,,,,
GSTK533270,Bedmutha Industries,BEDMUTHA,,,,,,
GSTK509567,Goa Carbon,GOACARBON,,,,,,
GSTK523558,Swiss Military Consumer Goods,,,,,,,
GSTK514286,Ashima,ASHIMASYN,,,,,,
GSTK539546,Agribio Spirits,,,,,,,
GSTK512527,Super Sales India,,,,,,,
GSTK540064,Future Retail,FRETAIL,,,,,,
GSTK512165,Abans Enterprises,ABANSENT,,,,,,
GSTK540425,Shankara Building Products,SHANKARA,,,,,,
GSTK526721,Nicco Parks & Resorts,,,,,,,
GSTK590041,Kavveri Defence & Wireless Technologies,KAVDEFENCE,,,,,,
GSTK532090,Atvo Enterprises,,,,,,,
GSTK543210,Aarti Surfactants,AARTISURF,,,,,,
GSTK516030,Pakka,PAKKA,,,,,,
GSTK523369,DCM Shriram Industries,DCMSRIND,,,,,,
GSTK532641,Nandan Denim,NDL,,,,,,
GSTK539479,GTV Engineering,,,,,,,
GSTK513544,Mardia Samyoung Capillary Tubes Company,,,,,,,
GSTK509077,Pressman Advertising,PRESSMN,,,,,,
GSTK513252,Jay Ushin,,,,,,,
GSTK590072,Sundaram Brake Linings,SUNDRMBRAK,,,,,,
GSTK526159,Nikhil Adhesives,,,,,,,
GSTK532841,Sahyadri Industries,SAHYADRI,,,,,,
GSTK544477,Highway Infrastructure,HILINFRA,,,,,,
GSTK512595,KD Green Industries,,,,,,,
GSTK524622,iStreet Network,,,,,,,
GSTK544205,National Peroxide,,,,,,,
GSTK542233,Trejhara Solutions,TREJHARA,,,,,,
GSTK521034,Soma Textiles & Industries,SOMATEX,,,,,,
GSTK501831,Coastal Corporation,COASTCORP,,,,,,
GSTK543264,Nureca,NURECA,,,,,,
GSTK532707,Dynemic Products,DYNPRO,,,,,,
GSTK524828,BDH Industries,,,,,,,
GSTK543638,Tracxn Technologies,TRACXN,,,,,,
GSTK532731,Rohit Ferro-Tech,ROHITFERRO,,,,,,
GSTK540956,Bhatia Communications & Retail (India),,,,,,,
GSTK544513,Dev Accelerator,DEVX,,,,,,
GSTK532785,Ruchira Papers,RUCHIRA,,,,,,
GSTK505075,Setco Automotive,SETCO,,,,,,
GSTK511644,Omega Interactive Technologies,,,,,,,
GSTK533108,Bhilwara Technical Textiles,BTTL,,,,,,
GSTK514324,Omnitex Industries (India),,,,,,,
GSTK531146,Medicamen Biotech,MEDICAMEQ,,,,,,
GSTK539399,Bella Casa Fashion & Retail,BELLACASA,,,,,,
GSTK500500,Hindustan Motors,,,,,,,
GSTK538537,Pipan Oils,,,,,,,
GSTK511589,Avonmore Capital & Management Services,AVONMORE,,,,,,
GSTK514274,Varvee Global,VGL,,,,,,
GSTK543363,Prevest Denpro,,,,,,,
GSTK539359,Pritika Auto Industries,PRITIKAUTO,,,,,,
GSTK502865,Forbes & Company,,,,,,,
GSTK532890,Take,TAKE,,,,,,
GSTK512026,Vega Jewellers,,,,,,,
GSTK523449,Sharp India,,,,,,,
GSTK532941,Cords Cable Industries,CORDSCABLE,,,,,,
GSTK531281,Marble City India,,,,,,,
GSTK538961,Genus Paper & Boards,GENUSPAPER,,,,,,
GSTK526827,Spice Islands Industries,,,,,,,
GSTK543962,DP Wires,DPWIRES,,,,,,
GSTK500313,Oil Country Tubular,OILCOUNTUB,,,,,,
GSTK500143,PH Capital,,,,,,,
GSTK530197,Fundviser Capital (India),,,,,,,
GSTK530219,Nutricircle,,,,,,,
GSTK539854,Halder Venture,HALDER,,,,,,
GSTK537291,Nath Bio-Genes (I),NATHBIOGEN,,,,,,
GSTK526739,Narmada Gelatines,,,,,,,
GSTK500890,Modi Rubber,MODIRUBBER,,,,,,
GSTK532807,Cineline India,CINELINE,,,,,,
GSTK524790,Everest Organics,,,,,,,
GSTK535916,Alacrity Securities,,,,,,,
GSTK518091,Anjani Portland Cement,APCL,,,,,,
GSTK533284,RPP Infra Projects,RPPINFRA,,,,,,
GSTK539927,Likhami Consulting,,,,,,,
GSTK543433,HP Adhesives,HPAL,,,,,,
GSTK500270,Baroda Rayon Corporation,,,,,,,
GSTK504084,Kaycee Industries,,,,,,,
GSTK532102,SBEC Sugar,,,,,,,
GSTK518029,Gujarat Sidhee Cement,GSCLCEMENT,,,,,,
GSTK542337,Spencer's Retail,SPENCERS,,,,,,
GSTK523754,Mahindra EPC Irrigation,MAHEPC,,,,,,
GSTK530919,Remsons Industries,REMSONSIND,,,,,,
GSTK543901,Robust Hotels,RHL,,,,,,
GSTK530377,Nila Infrastructures,NILAINFRA,,,,,,
GSTK531439,AION-Tech Solutions,GOLDTECH,,,,,,
GSTK526081,SC Agrotech,,,,,,,
GSTK533608,RDB Rasayans,,,,,,,
GSTK540199,Corporate Merchant Bankers,,,,,,,
GSTK542729,DCM Nouvelle,DCMNVL,,,,,,
GSTK532759,Atlantaa,ATLANTAA,,,,,,
GSTK514175,Vardhman Polytex,VARDMNPOLY,,,,,,
GSTK507525,Amrit Corp.,,,,,,,
GSTK532070,Gujjubhai Industries,,,,,,,
GSTK501295,Industrial Investment Trust,IITL,,,,,,
GSTK509470,Bombay Oxygen Investments,,,,,,,
GSTK517258,Precision Electronics,,,,,,,
GSTK524444,Evexia Lifecare,,,,,,,
GSTK542285,Axita Cotton,AXITA,,,,,,
GSTK538942,Mercantile Ventures,MERCANTILE,,,,,,
GSTK532344,Madala Holdings,,,,,,,
GSTK530215,Kings Infra Ventures,,,,,,,
GSTK505712,HIM Teknoforge,,,,,,,
GSTK517393,Vintron Informatics,,,,,,,
GSTK524570,Poddar Pigments,PODDARMENT,,,,,,
GSTK505750,Josts Engineering Company,,,,,,,
GSTK530745,ACS Technologies Ltd.,ACSTECH,,,,,,
GSTK506522,JL Morison (India),,,,,,,
GSTK533292,A2Z Infra Engineering,A2ZINFRA,,,,,,
GSTK539112,SAB Industries,,,,,,,
GSTK507265,Emerald Leisures,,,,,,,
GSTK543737,Aveer Foods,,,,,,,
GSTK532039,Zenotech Laboratories,,,,,,,
GSTK543251,Ravinder Heights,RVHL,,,,,,
GSTK540097,Gamco,,,,,,,
GSTK543327,Exxaro Tiles,EXXARO,,,,,,
GSTK500259,Lyka Labs,LYKALABS,,,,,,
GSTK519606,Integrated Proteins,,,,,,,
GSTK508875,Nitin Castings,,,,,,,
GSTK530145,Kisan Mouldings,,,,,,,
GSTK500009,Ambalal Sarabhai Enterprises,AMBALALSA,,,,,,
GSTK524412,Aarey Drugs & Pharmaceuticals,AAREYDRUGS,,,,,,
GSTK541161,Dharan Infra-EPC,KBCGLOBAL,,,,,,
GSTK531253,India Gelatine & Chemicals,,,,,,,
GSTK544003,Plaza Wires,PLAZACABLE,,,,,,
GSTK500069,Quest Capital Markets,,,,,,,
GSTK540358,RMC Switchgears,RMC,,,,,,
GSTK534796,Jujhar Logistics,,,,,,,
GSTK540404,Prime Fresh,,,,,,,
GSTK511208,IL&FS Investment Managers,IVC,,,,,,
GSTK539331,Veto Switch Gears & Cables,VETO,,,,,,
GSTK523204,Aban Offshore,ABAN,,,,,,
GSTK500074,BPL,BPL,,,,,,
GSTK526073,Galaxy Bearings,,,,,,,
GSTK512381,Starteck Finance,STARTECK,,,,,,
GSTK532649,Nectar Lifesciences,NECLIFE,,,,,,
GSTK544100,Nova Agritech,NOVAAGRI,,,,,,
GSTK512399,Sera Investments & Finance India,,,,,,,
GSTK532460,Ponni Sugars (Erode),PONNIERODE,,,,,,
GSTK543531,Tierra Agrotech,,,,,,,
GSTK507435,Khoday India,,,,,,,
GSTK532666,FCS Software Solutions,FCSSOFT,,,,,,
GSTK531400,Almondz Global Securities,ALMONDZ,,,,,,
GSTK539917,Nagarjuna Fertilizers & Chemicals,NAGAFERT,,,,,,
GSTK538795,Shree Ajit Pulp & Paper,SAPPL,,,,,,
GSTK522273,Ahmedabad Steel Craft,,,,,,,
GSTK509162,Indag Rubber,,,,,,,
GSTK540728,Sayaji Industries,,,,,,,
GSTK530871,Chembond Material Technologies,CHEMBOND,,,,,,
GSTK502015,ASI Industries,,,,,,,
GSTK532673,KM Sugar Mills,KMSUGAR,,,,,,
GSTK532713,Sakuma Exports,SAKUMA,,,,,,
GSTK505681,Bimetal Bearings,BIMETAL,,,,,,
GSTK542332,Hi-Klass Trading & Investment,,,,,,,
GSTK543915,Pavna Industries,PAVNAIND,,,,,,
GSTK542012,A-1,,,,,,,
GSTK500464,UCAL,UCAL,,,,,,
GSTK539141,UFO Moviez India,UFO,,,,,,
GSTK533227,Asian Hotels East,AHLEAST,,,,,,
GSTK505285,Tulive Developers,,,,,,,
GSTK540796,Ratnabhumi Developers,,,,,,,
GSTK512361,Cupid Breweries And Distilleries Ltd.,,,,,,,
GSTK532776,Shivam Autotech,SHIVAMAUTO,,,,,,
GSTK540403,CL Educate,CLEDUCATE,,,,,,
GSTK523100,Cosmo Ferrites,,,,,,,
GSTK544090,Sayaji Hotels (Pune),,,,,,,
GSTK500449,Hindustan Organic Chemicals,,,,,,,
GSTK505854,TRF,TRF,,,,,,
GSTK522091,United Van Der Horst,,,,,,,
GSTK523586,Indian Toners & Developers,,,,,,,
GSTK532767,Gayatri Projects,GAYAPROJ,,,,,,
GSTK533287,Zee Learn,ZEELEARN,,,,,,
GSTK503635,Shree Salasar Investments,,,,,,,
GSTK517530,Surana Telecom & Power,SURANAT&P,,,,,,
GSTK532998,Lotus Eye Hospital & Institute,LOTUSEYE,,,,,,
GSTK504058,Indo National,NIPPOBATRY,,,,,,
GSTK538119,R & B Denims,RNBDENIMS,,,,,,
GSTK532613,VIP Clothing,VIPCLOTHNG,,,,,,
GSTK513043,Remi Edelstahl Tubulars,,,,,,,
GSTK532694,Avio Smart Market Stack,ASMS,,,,,,
GSTK532016,Espire Hospitality,,,,,,,
GSTK511557,Pro Fin Capital Services,,,,,,,
GSTK500223,J C T,JCT,,,,,,
GSTK512103,Nidhi Granites,,,,,,,
GSTK500213,International Travel House,,,,,,,
GSTK526443,Artificial Electronics Intelligent Material,,,,,,,
GSTK544521,VMS TMT,VMSTMT,,,,,,
GSTK531879,Pioneer Distilleries,PIONDIST,,,,,,
GSTK500120,Diamines & Chemicals,DIAMINESQ,,,,,,
GSTK542232,Shankar Lal Rampal Dye-Chem,SRD,,,,,,
GSTK511754,Shalibhadra Finance,SAHLIBHFI,,,,,,
GSTK540829,Chandrima Mercantiles,,,,,,,
GSTK526821,Dai Ichi Karkaria,DAICHI,,,,,,
GSTK526703,Ecoplast,,,,,,,
GSTK504903,Rathi Steel & Power,,,,,,,
GSTK542655,Vikas Lifecare,VIKASLIFE,,,,,,
GSTK539132,Wardwizard Foods and Beverages,,,,,,,
GSTK526407,Hampton Sky Realty,,,,,,,
GSTK516022,Star Paper Mills,STARPAPER,,,,,,
GSTK521018,Maral Overseas,MARALOVER,,,,,,
GSTK526519,Alpine Housing Development Corporation,,,,,,,
GSTK522105,Birla Precision Technologies,BIRLAPREC,,,,,,
GSTK509715,Jay Shree Tea & Industries,JAYSREETEA,,,,,,
GSTK543442,Brand Concepts,BCONCEPTS,,,,,,
GSTK517514,D & H India,,,,,,,
GSTK543284,EKI Energy Services,,,,,,,
GSTK544112,Jasch Gauging Technologies,,,,,,,
GSTK542862,Shahlon Silk Industries,,,,,,,
GSTK523756,SREI Infrastructure Finance,SREINFRA,,,,,,
GSTK532773,Global Vectra Helicorp,GLOBALVECT,,,,,,
GSTK540366,Music Broadcast,RADIOCITY,,,,,,
GSTK532988,Rane Engine Valve,,,,,,,
GSTK532320,Vaarad Ventures,,,,,,,
GSTK532425,Genus Prime Infra,,,,,,,
GSTK539045,Manaksia Aluminium Company,MANAKALUCO,,,,,,
GSTK530585,Swastika Investmart,,,,,,,
GSTK544424,Globe Civil Projects,GLOBECIVIL,,,,,,
GSTK535621,SV Global Mill,,,,,,,
GSTK539407,Generic Engineering Construction & Projects,GENCON,,,,,,
GSTK531525,ACE Software Exports,,,,,,,
GSTK526169,Multibase India,,,,,,,
GSTK544577,Worth Peripherals,WORTHPERI,,,,,,
GSTK532674,Bannari Amman Spinning Mills,BASML,,,,,,
GSTK504351,Empower India,EMPOWER,,,,,,
GSTK543743,Aeroflex Neu,AERONEU,,,,,,
GSTK526747,PG Foils,,,,,,,
GSTK531412,Radix Industries India,,,,,,,
GSTK531216,Comfort Intech,COMFINTE,,,,,,
GSTK544249,Shree Tirupati Balajee Agro Trading Company Ltd,BALAJEE,,,,,,
GSTK890165,Tilak Ventures Partly Paid,,,,,,,
GSTK508941,Panasonic Carbon India Company,,,,,,,
GSTK513509,Kalyani Forge,KALYANIFRG,,,,,,
GSTK538890,MK Exim (India),,,,,,,
GSTK531069,Vijay Solvex,,,,,,,
GSTK543912,Power & Instrumentation (Gujarat),PIGL,,,,,,
GSTK533170,Tamboli Industries,TAMBOLIIN,,,,,,
GSTK507998,Simmonds Marshall,,,,,,,
GSTK544246,Revathi Equipment India,RVTH,,,,,,
GSTK531739,Gennex Laboratories,,,,,,,
GSTK533168,Rossell India,ROSSELLIND,,,,,,
GSTK531041,Competent Automobiles Company,,,,,,,
GSTK514010,Rudra Ecovation,,,,,,,
GSTK540954,Indian Wood Products Co,IWP,,,,,,
GSTK521163,Zodiac Clothing Company,ZODIACLOTH,,,,,,
GSTK542628,Northern Spirits,,,,,,,
GSTK541402,Affordable Robotic & Automation,AFFORDABLE,,,,,,
GSTK526550,Country Club Hospitality & Holidays,CCHHL,,,,,,
GSTK532678,Bombay Rayon Fashions,BRFL,,,,,,
GSTK531082,Alankit,ALANKIT,,,,,,
GSTK544124,Vibhor Steel Tubes,VSTL,,,,,,
GSTK539894,Madhav Infra Projects,MADHAVIPL,,,,,,
GSTK511108,Shiva Texyarn,SHIVATEX,,,,,,
GSTK531550,Jhaveri Credits & Capital,,,,,,,
GSTK544230,Saraswati Saree Depot,SSDL,,,,,,
GSTK543499,Achyut Healthcare,,,,,,,
GSTK540078,Mitsu Chem Plast,,,,,,,
GSTK509546,Graviss Hospitality,GRAVISSHO,,,,,,
GSTK531307,RRIL,RRIL,,,,,,
GSTK505216,Alfred Herbert (India),,,,,,,
GSTK532679,SORIL Infra Resources,SORILINFRA,,,,,,
GSTK501151,Kartik Investments Trust,,,,,,,
GSTK511726,Vipul,VIPULLTD,,,,,,
GSTK542753,Seacoast Shipping Services,,,,,,,
GSTK524506,Coral Laboratories,,,,,,,
GSTK506863,Swadeshi Industries & Leasing,,,,,,,
GSTK530163,Kerala Ayurveda,,,,,,,
GSTK530977,Shri Keshav Cements & Infra,,,,,,,
GSTK505688,Bharat Gears,BHARATGEAR,,,,,,
GSTK543376,Samor Reality,,,,,,,
GSTK531173,Syschem (India),,,,,,,
GSTK500220,Jasch Industries,,,,,,,
GSTK533452,Ebixcash World Money India,DELPHIFX,,,,,,
GSTK526961,Last Mile Enterprises,,,,,,,
GSTK511559,Team India Guaranty,TEAMGTY,,,,,,
GSTK526723,NTC Industries,,,,,,,
GSTK540709,Reliance Home Finance,RHFL,,,,,,
GSTK532543,GP Petroleums,GULFPETRO,,,,,,
GSTK538970,Wardwizard Innovations & Mobility,,,,,,,
GSTK531569,Sanjivani Paranteral,,,,,,,
GSTK507315,Sakthi Sugars,SAKHTISUG,,,,,,
GSTK540775,Khadim India,KHADIM,,,,,,
GSTK532326,Intense Technologies,INTENTECH,,,,,,
GSTK536565,Novelix Pharmaceuticals,,,,,,,
GSTK516108,South India Paper Mills,,,,,,,
GSTK533014,Sicagen India,SICAGEN,,,,,,
GSTK504646,Bhagwati Autocast,,,,,,,
GSTK532362,Nagpur Power & Industries,,,,,,,
GSTK533261,Eros International Media,EROSMEDIA,,,,,,
GSTK512634,Savera Industries,,,,,,,
GSTK512345,Lexora Global,,,,,,,
GSTK500327,PIL ITALICA Lifestyle,PILITA,,,,,,
GSTK524598,Aksharchem (India),AKSHARCHEM,,,,,,
GSTK526717,HCP Plastene Bulkpack,,,,,,,
GSTK512109,Aviva Industries,,,,,,,
GSTK530961,Vikas Ecotech,VIKASECO,,,,,,
GSTK503804,Shri Dinesh Mills,,,,,,,
GSTK522292,Candour Techtex,,,,,,,
GSTK513353,Cochin Minerals & Rutile,,,,,,,
GSTK532411,MPS Infotecnics,VISESHINFO,,,,,,
GSTK509048,Lancor Holdings,LANCORHOL,,,,,,
GSTK508670,Neelamalai Agro Industries,NEAGI,,,,,,
GSTK516016,Shreyans Industries,SHREYANIND,,,,,,
GSTK531373,Byke Hospitality,BYKE,,,,,,
GSTK532022,Filatex Fashions,FILATFASH,,,,,,
GSTK532716,Gillanders Arbuthnot & Co,GILLANDERS,,,,,,
GSTK533543,Brooks Laboratories,BROOKS,,,,,,
GSTK539126,MEP Infrastructure Developers,MEP,,,,,,
GSTK542694,Parshva Enterprises,,,,,,,
GSTK542679,Dhanashree Electronics,,,,,,,
GSTK504258,Lakshmi Electrical Control Systems,,,,,,,
GSTK540401,Maximus International,,,,,,,
GSTK537785,Race Eco Chain,RACE,,,,,,
GSTK526604,Lippi Systems,,,,,,,
GSTK506180,Emergent Industrial Solutions,,,,,,,
GSTK504093,Panasonic Energy India Co,,,,,,,
GSTK530457,GTT Data Solutions,,,,,,,
GSTK539598,AMPL Capital,,,,,,,
GSTK543811,Airan,AIRAN,,,,,,
GSTK543268,DRC Systems India,DRCSYSTEMS,,,,,,
GSTK500231,Umang Dairies,,,,,,,
GSTK532275,Landmarc Leisure Corporation,,,,,,,
GSTK524174,Kesar Petroproducts,,,,,,,
GSTK511571,Crescentis Capital,,,,,,,
GSTK533161,Emmbi Industries,EMMBI,,,,,,
GSTK514318,Jattashankar Industries,,,,,,,
GSTK514470,Winsome Textile Industries,,,,,,,
GSTK524636,Oxygenta Pharmaceutical,,,,,,,
GSTK533167,Coromandel Engineering Company,,,,,,,
GSTK509953,Trade Wings,,,,,,,
GSTK532986,Niraj Cement Structurals,NIRAJ,,,,,,
GSTK515037,Murudeshwar Ceramics,MURUDCERA,,,,,,
GSTK539515,Quint Digital,QUINT,,,,,,
GSTK532334,HB Estate Developers,HBESD,,,,,,
GSTK507785,Tainwala Chemicals & Plastics (India),TAINWALCHM,,,,,,
GSTK517417,Patels Airtemp (India),,,,,,,
GSTK507580,IVP,IVP,,,,,,
GSTK509009,Ausom Enterprise,AUSOMENT,,,,,,
GSTK534615,North Eastern Carrying Corporation,NECCLTD,,,,,,
GSTK535958,Integra Essentia,ESSENTIA,,,,,,
GSTK539115,Alan Scott Enterprises,,,,,,,
GSTK541144,Active Clothing Co,,,,,,,
GSTK507490,Rana Sugars,RANASUG,,,,,,
GSTK511066,Sakthi Finance,,,,,,,
GSTK531694,Rainbow Foundations,,,,,,,
GSTK512149,Avance Technologies,,,,,,,
GSTK540874,7Seas Entertainment,,,,,,,
GSTK540062,Golden Crest Education & Services,,,,,,,
GSTK538714,Sangam Finserv,,,,,,,
GSTK533400,Future Consumer,FCONSUMER,,,,,,
GSTK538896,Kanchi Karpooram,KANCHI,,,,,,
GSTK523660,Waterbase,,,,,,,
GSTK538713,Atishay,,,,,,,
GSTK507621,Milkfood,,,,,,,
GSTK530495,Stratmont Industries,,,,,,,
GSTK530139,Kreon Finnancial Services,,,,,,,
GSTK537839,HBG Hotels,,,,,,,
GSTK523283,Super House,SUPERHOUSE,,,,,,
GSTK539255,Star Delta Transformers,,,,,,,
GSTK538882,Emerald Finance,,,,,,,
GSTK530677,Supreme Holdings & Hospitality (India),SUPREME,,,,,,
GSTK514138,Suryalata Spinning Mills,SURYALA,,,,,,
GSTK526241,Amrapali Industries,,,,,,,
GSTK524592,Jaysynth Orgochem,,,,,,,
GSTK539226,Rudra Global Infra Products,RUDRA,,,,,,
GSTK532372,Virinchi,VIRINCHI,,,,,,
GSTK500282,Modern Threads (India),MODTHREAD,,,,,,
GSTK532894,Indowind Energy,INDOWIND,,,,,,
GSTK533260,CP Capital,CPCAP,,,,,,
GSTK503015,Modern India,,,,,,,
GSTK502820,DCM,DCM,,,,,,
GSTK519216,Ajanta Soya,,,,,,,
GSTK542013,Dolfin Rubbers,,,,,,,
GSTK526614,Expo Engineering And Projects,,,,,,,
GSTK533576,Vaswani Industries,VASWANI,,,,,,
GSTK540198,Osiajee Texfab,,,,,,,
GSTK538546,Bansal Roofing Products,,,,,,,
GSTK505299,KPT Industries,,,,,,,
GSTK532852,Mcdowell Holdings,MCDHOLDING,,,,,,
GSTK519295,Bambino Agro Industries,,,,,,,
GSTK523638,IP Rings,,,,,,,
GSTK533221,Asian Hotels (West),AHLWEST,,,,,,
GSTK506074,Arshiya,ARSHIYA,,,,,,
GSTK543614,Tips Films,TIPSFILMS,,,,,,
GSTK540168,Supra Pacific Financial Services,,,,,,,
GSTK506134,Gourmet Gateway India,,,,,,,
GSTK539227,Loyal Equipments,,,,,,,
GSTK517562,Trigyn Technologies,TRIGYN,,,,,,
GSTK513369,Krishanveer Forge,,,,,,,
GSTK523676,Golkunda Diamonds & Jewellery,,,,,,,
GSTK523248,Machino Plastics,,,,,,,
GSTK513528,Glittek Granites,,,,,,,
GSTK539288,AVI Polymers,,,,,,,
GSTK532376,Umiya Buildcon,UMIYA-MRO,,,,,,
GSTK524218,Resonance Specialties,,,,,,,
GSTK543958,VL E-Governance & IT Solutions,VLEGOV,,,,,,
GSTK541304,Indo US Bio-Tech,INDOUS,,,,,,
GSTK531175,BLS Infotech,,,,,,,
GSTK532994,Archidply Industries,ARCHIDPLY,,,,,,
GSTK543993,ARCL Organics,,,,,,,
GSTK514142,TT,TTL,,,,,,
GSTK532419,Smartlink Holdings,SMARTLINK,,,,,,
GSTK526981,Shri Bajrang Alliance,SHBAJRG,,,,,,
GSTK513502,Baroda Extrusion,,,,,,,
GSTK508136,B&A,BNALTD,,,,,,
GSTK544716,Shree Ram Twistex,SRTL,,,,,,
GSTK512608,Bhandari Hosiery Exports,BHANDARI,,,,,,
GSTK500343,AMJ Land Holdings,AMJLAND,,,,,,
GSTK500159,Metroglobal,METROGLOBL,,,,,,
GSTK505690,Brady & Morris Engineering Co,,,,,,,
GSTK517096,Aplab,,,,,,,
GSTK532992,CHL,,,,,,,
GSTK523874,East India Drums And Barrels Manufacturing,,,,,,,
GSTK506640,ZR2 Bioenergy Ltd.,,,,,,,
GSTK538365,Adhunik Industries,INCREDIBLE,,,,,,
GSTK500083,Century Extrusions,CENTEXT,,,,,,
GSTK509945,Thacker & Company,THACKER,,,,,,
GSTK531399,GG Automotive Gears,,,,,,,
GSTK531306,DHP India,,,,,,,
GSTK543351,NAAPBOOKS Limited,,,,,,,
GSTK539113,Paul Merchants,PML,,,,,,
GSTK543919,MK Proteins,MKPL,,,,,,
GSTK531390,Upsurge Investment & Finance,,,,,,,
GSTK506128,Parnax Lab,,,,,,,
GSTK530393,DB (International) Stock Brokers,DBSTOCKBRO,,,,,,
GSTK532710,Sadbhav Engineering,SADBHAV,,,,,,
GSTK531726,Panchsheel Organics,,,,,,,
GSTK538540,Raama Finance,,,,,,,
GSTK531065,Oswal Overseas,,,,,,,
GSTK512131,Signet Industries,SIGIND,,,,,,
GSTK542803,Vaxfab Enterprises,,,,,,,
GSTK530741,Ovobel Foods,,,,,,,
GSTK540254,Marg Techno-Projects,,,,,,,
GSTK511724,Baid Leasing & Finance Co,BAIDFIN,,,,,,
GSTK532738,Twamev Construction And Infrastructure,TICL,,,,,,
GSTK531841,Indus Finance,,,,,,,
GSTK542580,Aartech Solonics,AARTECH,,,,,,
GSTK543747,Kamdhenu Ventures Ltd.,KAMOPAINTS,,,,,,
GSTK543462,DEV Information Technology,DEVIT,,,,,,
GSTK532357,Mukta Arts,MUKTAARTS,,,,,,
GSTK530313,Kimia Biosciences,,,,,,,
GSTK513418,Smiths & Founders India,,,,,,,
GSTK526971,Dhoot Industrial Finance,,,,,,,
GSTK514450,Mahalaxmi Rubtech,MHLXMIRU,,,,,,
GSTK504746,RRP Electronics India,,,,,,,
GSTK504908,Duncan Engineering,,,,,,,
GSTK524654,Natural Capsules,NATCAPSUQ,,,,,,
GSTK531997,Ikoma Technologies,,,,,,,
GSTK531658,Abate As Industries,,,,,,,
GSTK524582,Tirupati Starch & Chemicals,,,,,,,
GSTK540700,Bharat Road Network,BRNL,,,,,,
GSTK531832,Nagarjuna Agri Tech,,,,,,,
GSTK503663,Tilak Ventures,,,,,,,
GSTK539167,Virat Leasing,,,,,,,
GSTK531971,Popees Baby Care India,,,,,,,
GSTK524238,Gujarat Inject Kerala,,,,,,,
GSTK524324,Seya Industries,SEYAIND,,,,,,
GSTK543645,Hindprakash Industries,HPIL,,,,,,
GSTK543976,Shradha AI Technologies,,,,,,,
GSTK513456,Kanishk Steel Industries,,,,,,,
GSTK539620,Kanoria Energy & Infrastructure,,,,,,,
GSTK517372,Gujarat Intrux,,,,,,,
GSTK539275,Mangalam Seeds,,,,,,,
GSTK504840,Kaira Can Company,,,,,,,
GSTK540952,Lorenzini Apparels,LAL,,,,,,
GSTK533393,TCI Developers,TCIDEVELOP,,,,,,
GSTK543930,Uravi Defence and Technology,URAVIDEF,,,,,,
GSTK503816,Swadeshi Polytex,,,,,,,
GSTK512597,Keynote Financial Services,KEYFINSERV,,,,,,
GSTK544207,Reliable Data Services,RELIABLE,,,,,,
GSTK531260,Refex Renewables & Infrastructure,,,,,,,
GSTK531310,Available Finance,,,,,,,
GSTK523289,Rama Vision,,,,,,,
GSTK530233,Auro Laboratories,,,,,,,
GSTK503639,Apollo Ingredients,,,,,,,
GSTK531746,Prajay Engineers Syndicate,PRAENG,,,,,,
GSTK536493,JK Agri Genetics,,,,,,,
GSTK538837,Jeevan Scientific Technology,,,,,,,
GSTK511473,Indbank Merchant Banking Services,INDBANK,,,,,,
GSTK531109,Ishan Dyes and Chemicals,ISHANCH,,,,,,
GSTK539875,RSD Finance,RSDFIN,,,,,,
GSTK526415,OK Play India,,,,,,,
GSTK540395,Chemcrux Enterprises,,,,,,,
GSTK523732,Ecoboard Industries,,,,,,,
GSTK519260,Sanwaria Consumer,SANWARIA,,,,,,
GSTK526397,Alphageo (India),ALPHAGEO,,,,,,
GSTK538451,Worth Investment & Trading Co,,,,,,,
GSTK533329,Indian Terrain Fashions,INDTERRAIN,,,,,,
GSTK512099,Eyantra Ventures,,,,,,,
GSTK509020,Ruchi Infrastructure,RUCHINFRA,,,,,,
GSTK538817,Captain Pipes,,,,,,,
GSTK505302,Lakshmi Engineering And Warehousing,,,,,,,
GSTK539335,Callista Industries Ltd.,,,,,,,
GSTK505827,SNL Bearings,,,,,,,
GSTK542685,Digicontent,DGCONTENT,,,,,,
GSTK539196,Amba Enterprises,,,,,,,
GSTK539963,Zeal Aqua,,,,,,,
GSTK524824,Bal Pharma,BALPHARMA,,,,,,
GSTK532878,Alpa Laboratories,ALPA,,,,,,
GSTK500388,Shree Krishna Paper Mills & Industries,,,,,,,
GSTK532879,Sir Shadi Lal Enterprises,,,,,,,
GSTK531287,National Plastic Technologies,,,,,,,
GSTK538902,Dhunseri Tea & Industries,DTIL,,,,,,
GSTK543241,Veer Global Infraconstruction,,,,,,,
GSTK538943,Sonal Mercantile,SONAL,,,,,,
GSTK530589,Prima Plastics,,,,,,,
GSTK531556,Coral India Finance & Housing,CORALFINAC,,,,,,
GSTK526853,Bilcare,BI,,,,,,
GSTK540798,Future Supply Chain Solutions,FSC,,,,,,
GSTK531289,National Fittings,,,,,,,
GSTK523309,Shri Gang Industries & Allied Products,,,,,,,
GSTK505693,LA Tim Metal & Industries,,,,,,,
GSTK531127,Mena Mani Industries,,,,,,,
GSTK509692,Indian Card Clothing Company,INDIANCARD,,,,,,
GSTK530427,Choksi Asia,,,,,,,
GSTK540621,Bhagyanagar Properties,BHAGYAPROP,,,,,,
GSTK540653,Sintex Plastics Technology,SPTL,,,,,,
GSTK590056,Salona Cotspin,SALONA,,,,,,
GSTK533181,Intrasoft Technologies,ISFT,,,,,,
GSTK539661,ACE men engg works,,,,,,,
GSTK532896,Magnum Ventures,MAGNUM,,,,,,
GSTK500360,Rapicut Carbides,,,,,,,
GSTK540744,Mideast Integrated Steels,,,,,,,
GSTK532481,Noida Toll Bridge Company,NOIDATOLL,,,,,,
GSTK514428,Hindustan Adhesives,,,,,,,
GSTK539562,Aarnav Fashions,AARNAV,,,,,,
GSTK507645,Polson,,,,,,,
GSTK513436,Shah Alloys,SHAHALLOYS,,,,,,
GSTK524202,Lactose India,,,,,,,
GSTK508905,Nexome Capital Markets,,,,,,,
GSTK533007,LGB Forge,,,,,,,
GSTK532230,Bengal Tea & Fabrics,,,,,,,
GSTK543234,SecMark Consultancy,SECMARK,,,,,,
GSTK512437,Apollo Finvest (India),,,,,,,
GSTK540192,LKP Securities,,,,,,,
GSTK543643,Narmada Agrobase,NARMADA,,,,,,
GSTK534598,Sampann Utpadan India,SAMPANN,,,,,,
GSTK540686,Smruthi Organics,,,,,,,
GSTK501391,W H Brady & Company,,,,,,,
GSTK512493,Garnet International,,,,,,,
GSTK523116,Sanco Trans,,,,,,,
GSTK513723,Himalaya Granites,HIMGRANITE,,,,,,
GSTK511630,Sambhaav Media,SAMBHAAV,,,,,,
GSTK533298,Surana Solar,SURANASOL,,,,,,
GSTK514045,BSL,BSL,,,,,,
GSTK501848,Garware Offshore Services,,,,,,,
GSTK543767,Bodhi Tree Multimedia,BTML,,,,,,
GSTK509486,Caprihans India,,,,,,,
GSTK503127,Raja Bahadur International,,,,,,,
GSTK526211,Suraj Industries,,,,,,,
GSTK505737,International Combustion (India),,,,,,,
GSTK530077,Puretrop Fruits,,,,,,,
GSTK509026,VJTF Eduservices,,,,,,,
GSTK526654,Thakkers Developers,THAKDEV,,,,,,
GSTK500319,Indian Sucrose,,,,,,,
GSTK537326,Chemtech Industrial Valves,,,,,,,
GSTK517477,Elnet Technologies,,,,,,,
GSTK531862,Bharat Agri Fert & Realty,,,,,,,
GSTK532384,Tyche Industries,,,,,,,
GSTK542579,Ashapuri Gold Ornament,,,,,,,
GSTK532869,Tarmat,TARMAT,,,,,,
GSTK526025,Globus Power Generation,,,,,,,
GSTK526731,Bright Brothers,,,,,,,
GSTK531494,Navkar Urbanstructure,NAVKARURB,,,,,,
GSTK533164,Texmo Pipes & Products,TEXMOPIPES,,,,,,
GSTK505368,Semac Construction,SEMAC,,,,,,
GSTK540252,Viram Suvarn,,,,,,,
GSTK523384,Maha Rashtra Apex Corporation,MAHAPEXLTD,,,,,,
GSTK530331,Premco Global,PREMCO,,,,,,
GSTK534060,PMC Fincorp,,,,,,,
GSTK531673,Anka India,,,,,,,
GSTK526861,Rishi Laser,,,,,,,
GSTK532959,Gammon Infrastructure Projects,AJRINFRA,,,,,,
GSTK543861,Udayshivakumar Infra,USK,,,,,,
GSTK535566,KIFS Financial Services,,,,,,,
GSTK538565,Vistar Amar,,,,,,,
GSTK530621,Akar Auto Industries,,,,,,,
GSTK523373,Mini Diamonds (India),,,,,,,
GSTK532391,Opto Circuits (India),OPTOCIRCUI,,,,,,
GSTK519455,Narbada Gems & Jewellery,,,,,,,
GSTK534920,iSERA Lifesciences,,,,,,,
GSTK504076,Jyoti,,,,,,,
GSTK540788,Aspira Pathlab & Diagnostics,,,,,,,
GSTK505893,Hindustan Hardy,,,,,,,
GSTK531080,Shri Krishna Devcon,SHRIKRISH,,,,,,
GSTK539574,Sunshine Capital,,,,,,,
GSTK539252,Shyam Century Ferrous,SHYAMCENT,,,,,,
GSTK531842,Lahoti Overseas,LAHOTIOV,,,,,,
GSTK541702,Ashnisha Industries,,,,,,,
GSTK513693,KIC Metaliks,,,,,,,
GSTK523011,Weizmann Limited,WEIZMANIND,,,,,,
GSTK532056,Trustedge Capital,,,,,,,
GSTK543512,Avro India,AVROIND,,,,,,
GSTK542367,Xelpmoc Design & Tech,XELPMOC,,,,,,
GSTK530055,Harmony Capital Services,,,,,,,
GSTK543829,Global Surfaces,GSLSU,,,,,,
GSTK524640,Archit Organosys,,,,,,,
GSTK532262,TCI Industries,,,,,,,
GSTK532373,WeP Solutions,,,,,,,
GSTK540492,Starlineps Enterprises,,,,,,,
GSTK531537,Jyothi Infraventures,,,,,,,
GSTK520075,Samkrg Pistons & Rings,,,,,,,
GSTK500028,ATV Projects India,,,,,,,
GSTK590075,Lambodhara Textiles,LAMBODHARA,,,,,,
GSTK524518,Krebs Biochemicals & Industries,KREBSBIO,,,,,,
GSTK511260,Iconik Sports And Events,,,,,,,
GSTK538732,Vibrant Global Capital,,,,,,,
GSTK540455,Escorp Asset Management,,,,,,,
GSTK521097,Amarjothi Spinning Mills,,,,,,,
GSTK532806,Ai Champdany Industries,,,,,,,
GSTK542057,BCPL Railway Infrastructure,BCPL,,,,,,
GSTK543671,AAA Technologies,AAATECH,,,,,,
GSTK540901,Praxis Home Retail,PRAXIS,,,,,,
GSTK519383,Anik Industries,ANIKINDS,,,,,,
GSTK516003,Duroply Industries,,,,,,,
GSTK507864,Pioneer Investcorp,PIONRINV,,,,,,
GSTK506530,Kemp & Company,,,,,,,
GSTK536170,Kushal,,,,,,,
GSTK533090,Landsmill Green,LANDSMILL,,,,,,
GSTK500160,GTL,GTL,,,,,,
GSTK541206,OBCL,OBCL,,,,,,
GSTK531234,Scoobee Day Garments (India),,,,,,,
GSTK540809,MRC Agrotech,,,,,,,
GSTK506579,AG Ventures,,,,,,,
GSTK514272,Bhilwara Spinners,,,,,,,
GSTK523054,Binayak Tex Processors,,,,,,,
GSTK519471,Ambar Protein Industries,,,,,,,
GSTK522165,Indsil Hydro Power and Manganese,,,,,,,
GSTK539528,Aayush Wellness,,,,,,,
GSTK521200,Suryalakshmi Cotton Mills,SURYALAXMI,,,,,,
GSTK539742,Simbhaoli Sugars,SIMBHALS,,,,,,
GSTK542932,Birla Tyres,BIRLATYRE,,,,,,
GSTK539346,Sadbhav Infrastructure Projects,SADBHIN,,,,,,
GSTK543941,Ahasolar Technologies,,,,,,,
GSTK542852,Vishwaraj Sugar Industries,VISHWARAJ,,,,,,
GSTK540647,Ganges Securities,GANGESSECU,,,,,,
GSTK500058,Bihar Sponge Iron,,,,,,,
GSTK538875,Sellwin Traders,,,,,,,
GSTK512479,Virya Resources,,,,,,,
GSTK524687,Basant Agro Tech (India),,,,,,,
GSTK533001,Somi Conveyor Beltings,SOMICONVEY,,,,,,
GSTK543860,JA Finance,,,,,,,
GSTK532847,Hilton Metal Forging,HILTON,,,,,,
GSTK524572,Pharmaids Pharmacuticals,,,,,,,
GSTK506910,Jaysynth Dyestuff (India),JAYDYSTUF,,,,,,
GSTK543229,Samrat Forgings,,,,,,,
GSTK543678,Ambo Agritec,,,,,,,
GSTK540467,Parmeshwari Silk Mills,,,,,,,
GSTK500102,Ballarpur Industries,BALLARPUR,,,,,,
GSTK526027,Cubex Tubings,CUBEXTUB,,,,,,
GSTK500389,Silverline Technologies,,,,,,,
GSTK512277,Autoriders International,,,,,,,
GSTK530045,Titan Securities,,,,,,,
GSTK517236,Calcom Vision,,,,,,,
GSTK512553,Zenith Exports,ZENITHEXPO,,,,,,
GSTK530017,Standard Industries,SIL,,,,,,
GSTK530185,Surat Trade and Mercantile,,,,,,,
GSTK530317,Godavari Drugs,,,,,,,
GSTK540027,Prabhat Telecoms (India),,,,,,,
GSTK530601,Jagsonpal Services,,,,,,,
GSTK500234,Kakatiya Cement Sugar & Industries,KAKATCEM,,,,,,
GSTK507968,Jolly Plastic Industries,,,,,,,
GSTK531813,Ganga Papers India,,,,,,,
GSTK539219,Mauria Udyog,,,,,,,
GSTK523537,APM Industries,,,,,,,
GSTK531923,Dhampure Speciality Sugars,,,,,,,
GSTK531911,Galaxy Agrico Exports,,,,,,,
GSTK505576,Goldcrest Corporation,GOLCRESFIN,,,,,,
GSTK532339,Compucom Software,COMPUSOFT,,,,,,
GSTK531888,Rexnord Electronics & Controls,,,,,,,
GSTK533343,Lovable Lingerie,LOVABLE,,,,,,
GSTK543420,Jet Freight Logistics,JETFREIGHT,,,,,,
GSTK531959,Newtime Infrastructure,,,,,,,
GSTK530315,Hindustan Tin Works,,,,,,,
GSTK523574,Future Enterprises,FEL,,,,,,
GSTK543544,Jayant Infratech,,,,,,,
GSTK538926,Naturite Agro Products,,,,,,,
GSTK531119,Ceenik Exports (India),,,,,,,
GSTK538402,SPS Finquest,,,,,,,
GSTK514302,Vippy Spin Pro,,,,,,,
GSTK526381,Patel Integrated Logistics,PATINTLOG,,,,,,
GSTK519528,Norben Tea & Exports,NORBTEAEXP,,,,,,
GSTK532456,Compuage Infocom,COMPINFO,,,,,,
GSTK501343,Motor & General Finance,MOTOGENFIN,,,,,,
GSTK532621,Morarjee Textiles,MORARJEE,,,,,,
GSTK526638,Texel Industries,,,,,,,
GSTK509051,Indian Infotech & Software,,,,,,,
GSTK539277,Alstone Textiles (India),,,,,,,
GSTK531540,Maruti Infrastructure,,,,,,,
GSTK531918,Hindustan Appliances,,,,,,,
GSTK500354,Rajshree Sugars & Chemicals,RAJSREESUG,,,,,,
GSTK514030,Deepak Spinners,,,,,,,
GSTK542911,Assam Entrade,,,,,,,
GSTK533029,Alkali Metals,ALKALI,,,,,,
GSTK514036,Loyal Textile Mills,LOYALTEX,,,,,,
GSTK504080,JSL Industries,,,,,,,
GSTK532459,Faze Three Autofab,,,,,,,
GSTK539979,DIGJAM,DIGJAMLMTD,,,,,,
GSTK590082,Lohia Securities,,,,,,,
GSTK537536,Denis Chem Lab,,,,,,,
GSTK530723,Asit C Mehta Financial Services,,,,,,,
GSTK538860,Panafic Industrials,,,,,,,
GSTK522251,Cenlub Industries,,,,,,,
GSTK500418,Tokyo Plast International,TOKYOPLAST,,,,,,
GSTK538965,Concord Drugs,,,,,,,
GSTK507962,Fynx Capital,,,,,,,
GSTK530881,Arunjyoti Bio Ventures Ltd.,,,,,,,
GSTK532507,BAG Films & Media,BAGFILMS,,,,,,
GSTK530043,Acknit Industries,,,,,,,
GSTK522183,ITL Industries,,,,,,,
GSTK541347,Parvati Sweetners & Power,,,,,,,
GSTK500236,Kanel Industries,,,,,,,
GSTK538964,Mercury Labs,,,,,,,
GSTK511200,Munoth Capital Market,,,,,,,
GSTK511700,Standard Capital Markets,,,,,,,
GSTK538564,James Warren Tea,,,,,,,
GSTK536507,Future Lifestyle Fashions,FLFL,,,,,,
GSTK534674,Ducon Infratechnologies,DUCON,,,,,,
GSTK533506,Inventure Growth & Securities,INVENTURE,,,,,,
GSTK521005,Titan Intech,,,,,,,
GSTK512018,Tomorrow Technologies Global Innovations,,,,,,,
GSTK526727,Garnet Construction,,,,,,,
GSTK523696,Fortis Malar Hospitals,,,,,,,
GSTK504961,Tayo Rolls,TATAYODOGA,,,,,,
GSTK524136,Pee Cee Cosma Sope,,,,,,,
GSTK530449,Rungta Irrigation,,,,,,,
GSTK514360,K & R Rail Engineering,,,,,,,
GSTK532916,Barak Valley Cements,BVCL,,,,,,
GSTK514394,Atlas Jewellery India,,,,,,,
GSTK542910,Valencia Nutrition,,,,,,,
GSTK523483,Pacific Industries,,,,,,,
GSTK500322,Panyam Cements & Mineral Industrties,,,,,,,
GSTK523186,B & A Packaging India,,,,,,,
GSTK523120,Thrive Future Habitats,,,,,,,
GSTK530341,Mukesh Babu Financial Services,,,,,,,
GSTK531237,Dhruva Capital Services,,,,,,,
GSTK503162,Reliance Chemotex Industries,RELCHEMQ,,,,,,
GSTK532160,Gujarat State Financial Corp,,,,,,,
GSTK541152,Goyal Aluminiums,GOYALALUM,,,,,,
GSTK532886,Sel Manufacturing Company,SELMC,,,,,,
GSTK530615,Garg Furnace,,,,,,,
GSTK532351,Aksh Optifibre,AKSHOPTFBR,,,,,,
GSTK531215,RTS Power Corporation,,,,,,,
GSTK531609,KG Petro Chem,,,,,,,
GSTK534064,Alliance Integrated Metaliks,,,,,,,
GSTK506186,Galaxy Supermarket,,,,,,,
GSTK539767,Mega Nirman & Industries,,,,,,,
GSTK502587,Nath Industries,,,,,,,
GSTK519299,Prime Industries,,,,,,,
GSTK539175,Starbeam Ventures,,,,,,,
GSTK531802,Prerna Infrabuild,,,,,,,
GSTK509084,Photon Capital Advisors,,,,,,,
GSTK540393,Sarthak Metals,SMLT,,,,,,
GSTK533632,Onelife Capital Advisors,ONELIFECAP,,,,,,
GSTK507852,Addi Industries,,,,,,,
GSTK537292,Agri-Tech (India),AGRITECH,,,,,,
GSTK532828,AMD Industries,AMDIND,,,,,,
GSTK512379,Cressanda Railway Solutions,,,,,,,
GSTK526325,Orient Press,ORIENTLTD,,,,,,
GSTK530689,Lykis,,,,,,,
GSTK542721,Anand Rayons,,,,,,,
GSTK540519,Meera Industries,,,,,,,
GSTK531723,GACM Technologies,GATECH,,,,,,
GSTK539304,Canopy Finance,,,,,,,
GSTK509472,Cravatex,,,,,,,
GSTK511018,Milgrey Finance & Investments,,,,,,,
GSTK532651,SPL Industries,SPLIL,,,,,,
GSTK531254,Optimus Finance,,,,,,,
GSTK522294,T & I Global,,,,,,,
GSTK539353,Sal Automotive,,,,,,,
GSTK532015,Gravity (India),,,,,,,
GSTK535620,Binny Mills,,,,,,,
GSTK517447,RS Software (India),RSSOFTWARE,,,,,,
GSTK515018,Regency Ceramics,REGENCERAM,,,,,,
GSTK540648,Palash Securities,PALASHSECU,,,,,,
GSTK506919,Makers Laboratories,,,,,,,
GSTK511696,Chartered Capital & Investment,,,,,,,
GSTK519242,Sarda Proteins,,,,,,,
GSTK532324,Cinevista,CINEVISTA,,,,,,
GSTK512559,Kohinoor Foods,KOHINOOR,,,,,,
GSTK526492,Rishiroop,,,,,,,
GSTK524408,Universal Starch Chem Allied,,,,,,,
GSTK540730,Mehai Technology,,,,,,,
GSTK508918,Ironwood Education,,,,,,,
GSTK523628,Poddar Housing & Development,PODDARHOUS,,,,,,
GSTK524652,Ind Swift,,,,,,,
GSTK518017,Bheema Cements,,,,,,,
GSTK530533,Terai Tea Co,,,,,,,
GSTK511523,Veerhealth Care,,,,,,,
GSTK536659,PVV Infra,,,,,,,
GSTK507910,Fiberweb (India),FIBERWEB,,,,,,
GSTK538706,Ultracab (India),,,,,,,
GSTK537800,Mangalam Industrial Finance,,,,,,,
GSTK524336,Shree Hari Chemicals Export,,,,,,,
GSTK513709,Shilp Gravures,,,,,,,
GSTK532933,Porwal Auto Components,,,,,,,
GSTK514280,Sanrhea Technical Textiles,,,,,,,
GSTK526709,BITS,,,,,,,
GSTK526137,Shetron,,,,,,,
GSTK532646,Uniply Industries,UNIPLY,,,,,,
GSTK540654,Globalspace Technologies,,,,,,,
GSTK535458,NRB Industrial Bearings,NIBL,,,,,,
GSTK526546,Choksi Laboratories,,,,,,,
GSTK533012,Landmark Property Development Company,LPDC,,,,,,
GSTK538092,Shri Vasuprada Plantations,,,,,,,
GSTK538401,Maestros Electronics & Telecommunications Systems,,,,,,,
GSTK531688,Prithvi Exchange (India),,,,,,,
GSTK521246,Paras Petrofils,PARASPETRO,,,,,,
GSTK507598,Kovilpatti Lakshmi Roller Flour Mills,,,,,,,
GSTK532410,Transcorp International,,,,,,,
GSTK541778,Deep Polymers,,,,,,,
GSTK524614,IEL,,,,,,,
GSTK531489,CG VAK Software & Exports,,,,,,,
GSTK540786,Sharika Enterprises,,,,,,,
GSTK532290,BLB,BLBLIMITED,,,,,,
GSTK511147,WSFX Global Pay,,,,,,,
GSTK544301,Odigma Consultancy Solutions,ODIGMA,,,,,,
GSTK532435,Sanmit Infra,,,,,,,
GSTK511391,Inter Globe Finance,,,,,,,
GSTK532219,Energy Development Company,ENERGYDEV,,,,,,
GSTK517238,Dynavision,,,,,,,
GSTK544598,Accuracy Shipping,ACCURACY,,,,,,
GSTK513548,Sharda Ispat,,,,,,,
GSTK531273,Radhe Developers (India),,,,,,,
GSTK519287,Modern Dairies,,,,,,,
GSTK517429,Athena Global Technologies,,,,,,,
GSTK570002,Future Enterprises - DVR,FELDVR,,,,,,
GSTK590018,Hisar Metal Industries,HISARMETAL,,,,,,
GSTK515145,Hindusthan National Glass & Industries,,,,,,,
GSTK532413,Cerebra Integrated Technologies,CEREBRAINT,,,,,,
GSTK539773,Advik Capital,,,,,,,
GSTK531994,Auto Pins India,,,,,,,
GSTK502294,Nilachal Refractories,,,,,,,
GSTK530557,NCL Research and Financial Services,,,,,,,
GSTK530545,COSCO India,,,,,,,
GSTK501833,Chowgule Steamships,,,,,,,
GSTK532455,Shalimar Wires Industries,,,,,,,
GSTK539991,Confidence Futuristic Energetech,,,,,,,
GSTK514300,Pioneer Embroideries,PIONEEREMB,,,,,,
GSTK531845,Zenith Steel Pipes & Industries,ZENITHSTL,,,,,,
GSTK517554,NHC Foods,,,,,,,
GSTK539091,Consecutive Commodities,,,,,,,
GSTK500399,Steelco Gujarat,,,,,,,
GSTK539697,Hiliks Technologies,,,,,,,
GSTK506605,Polychem,,,,,,,
GSTK507498,Piccadily Sugar & Allied Industries,,,,,,,
GSTK523232,Continental Petroleums,,,,,,,
GSTK514165,Indian Acrylics,,,,,,,
GSTK526117,Shervani Industrial Syndicate,,,,,,,
GSTK526479,Sky Industries,,,,,,,
GSTK532057,Abhinav Capital Services,,,,,,,
GSTK543513,Uma Exports,UMAEXPORTS,,,,,,
GSTK540360,Leading Leasing Finance And Investment Co,,,,,,,
GSTK511626,RR Financial Consultants,,,,,,,
GSTK543443,Ascensive Educare,,,,,,,
GSTK750668,Bannari Amman Spinning Mills Limited - RE,BASML-RE,,,,,,
GSTK514322,Kamadgiri Fashion,,,,,,,
GSTK519457,Virat Crane Industries,,,,,,,
GSTK531952,Riba Textiles,,,,,,,
GSTK542627,Chandni Machines,,,,,,,
GSTK519238,Saptarishi Agro Industries,,,,,,,
GSTK543625,Secur Credentials,SECURCRED,,,,,,
GSTK530125,Samrat Pharmachem,,,,,,,
GSTK539218,Saumya Consultants,,,,,,,
GSTK526849,Banaras Beads,BANARBEADS,,,,,,
GSTK526899,Himalaya Food International,,,,,,,
GSTK533896,Fervent Synergies,,,,,,,
GSTK521220,Damodar Industries,DAMODARIND,,,,,,
GSTK506979,APT Packaging,,,,,,,
GSTK540614,GG Engineering,,,,,,,
GSTK532053,Wallfort Financial Services,,,,,,,
GSTK522001,Cranex,,,,,,,
GSTK513691,JMT Auto,JMTAUTOLTD,,,,,,
GSTK517494,Accel,,,,,,,
GSTK530883,Super Crop Safe,,,,,,,
GSTK531977,Chartered Logistics,,,,,,,
GSTK535267,Comfort Fincap,,,,,,,
GSTK543236,Atam Valves,ATAM,,,,,,
GSTK530709,Gowra Leasing & Finance,,,,,,,
GSTK540570,Variman Global Enterprises,,,,,,,
GSTK504380,Flomic Global Logistics,,,,,,,
GSTK519566,Simran Farms,,,,,,,
GSTK539527,Creative Castings,,,,,,,
GSTK519307,Vikas WSP,VIKASWSP,,,,,,
GSTK540590,Riddhi Corporate Services,,,,,,,
GSTK511411,Shristi Infrastructure Development Corporation Ltd,,,,,,,
GSTK531398,Source Natural Foods & Herbal Supplements,,,,,,,
GSTK532855,Haryana Capfin,,,,,,,
GSTK532380,Baba Arts,,,,,,,
GSTK523842,Super Tannery,,,,,,,
GSTK512477,Betex India,,,,,,,
GSTK500458,Team24 Consumer Products,,,,,,,
GSTK523019,BN Rathi Securities,,,,,,,
GSTK532332,CURA Technologies,CURAA,,,,,,
GSTK517431,Narmada Macplast Drip Irrigation Systems,,,,,,,
GSTK541228,Taylormade Renewables,,,,,,,
GSTK500421,TPI India,,,,,,,
GSTK519097,Ritesh International,,,,,,,
GSTK540481,Classic Leasing & Finance,,,,,,,
GSTK516078,Jumbo Bag,,,,,,,
GSTK522027,EMA India,,,,,,,
GSTK532656,Facor Alloys,,,,,,,
GSTK507960,Gujarat Hotels,,,,,,,
GSTK533093,Raj Oil Mills,ROML,,,,,,
GSTK507474,Kothari Fermentation & Biochem,,,,,,,
GSTK539522,Grovy India,,,,,,,
GSTK500366,Rolta India,ROLTA,,,,,,
GSTK543298,Vineet Laboratories,VINEETLAB,,,,,,
GSTK533239,Prakash Steelage,PRAKASHSTL,,,,,,
GSTK539659,Vikram Kamats Hospitality,,,,,,,
GSTK531126,Kati Patang Lifestyle,,,,,,,
GSTK500262,Hybrid Financial Services,HYBRIDFIN,,,,,,
GSTK532795,Siti Networks,SITINET,,,,,,
GSTK543453,Alkosign,,,,,,,
GSTK532019,LCC Infotech,LCCINFOTEC,,,,,,
GSTK531663,Yuvraaj Hygiene Products,,,,,,,
GSTK514402,Eco Hotels & Resorts,,,,,,,
GSTK535719,AMPVOLTS,,,,,,,
GSTK537253,Sunil Healthcare,,,,,,,
GSTK540204,Narendra Investments (Delhi),,,,,,,
GSTK544079,Digidrive Distributors,DIGIDRIVE,,,,,,
GSTK531861,Joindre Capital Services,,,,,,,
GSTK541418,Nakoda Group of Industries,NGIL,,,,,,
GSTK543535,We Win,WEWIN,,,,,,
GSTK513005,Chrome Silicon,,,,,,,
GSTK512047,Royal India Corporation,,,,,,,
GSTK532801,Cambridge Technology Enterprises,CTE,,,,,,
GSTK531529,Softrak Venture Investment,,,,,,,
GSTK512297,Shantai Industries,,,,,,,
GSTK526544,SGL Resources,,,,,,,
GSTK531169,SKP Securities,,,,,,,
GSTK514034,JBF Industries,JBFIND,,,,,,
GSTK517170,Edvenswa Enterprises,,,,,,,
GSTK533289,Kesar Terminals & Infrastructure,,,,,,,
GSTK504273,Modulex Construction Technologies,,,,,,,
GSTK539216,Garment Mantra Lifestyle,,,,,,,
GSTK532771,JHS Svendgaard Laboratories,JHS,,,,,,
GSTK526095,Ravileela Granites,,,,,,,
GSTK524663,Bharat Immunologicals & Biologicals Corporation,,,,,,,
GSTK513337,Gujarat Toolroom,,,,,,,
GSTK539198,Capfin India,,,,,,,
GSTK544121,Rudra Gas Enterprise,,,,,,,
GSTK526409,Kkalpana Industries (India),,,,,,,
GSTK542459,Kranti Industries,,,,,,,
GSTK531591,BAMPSL Securities,,,,,,,
GSTK515085,Restile Ceramics,,,,,,,
GSTK507872,Ashnoor Textile Mills,,,,,,,
GSTK506734,Mysore Petro Chemicals,,,,,,,
GSTK526365,Swarnsarita Jewels India,,,,,,,
GSTK533202,Satchmo Holdings,,,,,,,
GSTK542376,SPA Capital Advisors,,,,,,,
GSTK533296,Future Market Networks,FMNL,,,,,,
GSTK505029,Atlas Cycles Haryana,ATLASCYCLE,,,,,,
GSTK539314,Universal Autofoundry,,8.706291398899974e+17,"Universal Autofoundry's revenue rose 17% YoY on volume growth, improved capacity use.
Exports grew 7% YoY, 12% QoQ to ₹51M; capacity utilization improved to 55%.","Universal Autofoundry's revenue rose 17% YoY on volume growth, improved capacity use.
Exports grew 7% YoY, 12% QoQ to ₹51M; capacity utilization improved to 55%.",ScoutQuest,2026-07-30T16:59:22,https://sqst.in/8MKkT
GSTK539314,Universal Autofoundry,,26072753655708.0,"Universal Autofoundry posted a net loss of Rs 1.61 cr in Q1 FY26.
Sales rose 16.7% YoY to Rs 54.42 cr, compared to Rs 0.68 cr profit in Q1 FY25.","Universal Autofoundry posted a net loss of Rs 1.61 cr in Q1 FY26.
Sales rose 16.7% YoY to Rs 54.42 cr, compared to Rs 0.68 cr profit in Q1 FY25.",Business Standard,2026-07-27T18:16:32,https://www.business-standard.com/amp/markets/capital-market-news/universal-autofoundry-reports-standalone-net-loss-of-rs-1-61-crore-in-the-june-2026-quarter-126072701000_1.html
GSTK539314,Universal Autofoundry,,811706.0,"Universal Autofoundry Ltd held its 17th AGM on July 27, 2026, via video conferencing.
Key resolutions included financials approval, auditor reappointment, and updated borrowing limits.","Universal Autofoundry Ltd held its 17th AGM on July 27, 2026, via video conferencing.
Key resolutions included financials approval, auditor reappointment, and updated borrowing limits.",BSE,2026-07-27T17:21:15,https://www.bseindia.com/stockinfo/AnnPdfOpen.aspx?Pname=dcf2eff5-008e-4e73-9b4b-35e861cf73d7.pdf
GSTK539314,Universal Autofoundry,,791857.0,"Universal Autofoundry Ltd's board meeting set for July 27, 2026, to approve Q1 FY27 unaudited results.
Trading window closure announced till July 29, 2026, under SEBI PIT Regulations 2015.","Universal Autofoundry Ltd's board meeting set for July 27, 2026, to approve Q1 FY27 unaudited results.
Trading window closure announced till July 29, 2026, under SEBI PIT Regulations 2015.",BSE,2026-07-18T15:33:47,https://www.bseindia.com/stockinfo/AnnPdfOpen.aspx?Pname=25f8208a-dbeb-40c0-9e4d-78b633c2835c.pdf
GSTK539314,Universal Autofoundry,,760051.0,"Universal Autofoundry Ltd scheduled its 17th AGM on 27 July 2026 via VC/OAVM.
The company reported FY 2025-26 revenue of Rs. 210 Cr but faced a Rs. 3.46 Cr loss.","Universal Autofoundry Ltd scheduled its 17th AGM on 27 July 2026 via VC/OAVM.
The company reported FY 2025-26 revenue of Rs. 210 Cr but faced a Rs. 3.46 Cr loss.",BSE,2026-07-04T18:30:44,https://www.bseindia.com/stockinfo/AnnPdfOpen.aspx?Pname=43e39837-af43-4f3f-a76f-62db38522cf8.pdf
GSTK539314,Universal Autofoundry,,734463.0,"Universal Autofoundry Ltd schedules board meeting on June 30, 2026.
Agenda includes fixing AGM date and discussing other relevant matters.","Universal Autofoundry Ltd schedules board meeting on June 30, 2026.
Agenda includes fixing AGM date and discussing other relevant matters.",BSE,2026-06-23T17:58:15,https://www.bseindia.com/stockinfo/AnnPdfOpen.aspx?Pname=43fd3008-6b61-487e-af53-ec1bfc41ccbc.pdf
GSTK539314,Universal Autofoundry,,26052813023711.0,"Universal Autofoundry reported a Q4 FY26 net loss of ₹1.55 cr, reversing from ₹2.41 cr profit YoY.
Revenue grew 15.4% YoY to ₹59.44 cr, but margin compression led to a 13.4% annual stock decline.","Universal Autofoundry reported a Q4 FY26 net loss of ₹1.55 cr, reversing from ₹2.41 cr profit YoY.
Revenue grew 15.4% YoY to ₹59.44 cr, but margin compression led to a 13.4% annual stock decline.",Marketsmojo,2026-05-27T23:47:04,https://www.marketsmojo.com/news/result-analysis/universal-autofoundry-q4-fy26-margin-collapse-deepens-losses-despite-revenue-growth-4018123
GSTK539314,Universal Autofoundry,,8.474471679045083e+17,"Universal Autofoundry approved FY 2025-26 results with unmodified auditor opinion.
Borrowing and investment limits raised to ₹150 Cr, subject to shareholder approval.","Universal Autofoundry approved FY 2025-26 results with unmodified auditor opinion.
Borrowing and investment limits raised to ₹150 Cr, subject to shareholder approval.",ScoutQuest,2026-05-27T17:42:29,https://sqst.in/Md32j
GSTK539314,Universal Autofoundry,,672140.0,"Universal Autofoundry Ltd's board to meet on May 27, 2026, to approve audited financial results for Q4 and FY26.
Trading window remains closed until May 29, 2026, post financial results announcement.","Universal Autofoundry Ltd's board to meet on May 27, 2026, to approve audited financial results for Q4 and FY26.
Trading window remains closed until May 29, 2026, post financial results announcement.",BSE,2026-05-22T11:43:14,https://www.bseindia.com/stockinfo/AnnPdfOpen.aspx?Pname=5c0388fe-8c8f-4295-9f7b-f3b3f8266271.pdf
GSTK543211,Bonlon Industries,BONLON,875624.0,"Bonlon Industries Ltd approves a Rs. 49.75 crore rights issue to eligible shareholders.
Unaudited financial results show Q1 revenue at Rs. 11,119.58 lakh with a net profit of Rs. 175.28 lakh.","Bonlon Industries Ltd approves a Rs. 49.75 crore rights issue to eligible shareholders.
Unaudited financial results show Q1 revenue at Rs. 11,119.58 lakh with a net profit of Rs. 175.28 lakh.",BSE,2026-08-14T18:53:14,https://www.bseindia.com/stockinfo/AnnPdfOpen.aspx?Pname=9e7a302c-e5c7-4ae8-b4d2-1f5a3d23dbd9.pdf
GSTK543211,Bonlon Industries,BONLON,714295.0,"Bonlon Industries received NSE and BSE in-principle approvals to list 22,00,000 equity shares at Rs. 33 each.
Shares were issued to Bon Lon Securities Ltd. and Harshit Finvest Pvt. Ltd., both promoter group entities.","Bonlon Industries received NSE and BSE in-principle approvals to list 22,00,000 equity shares at Rs. 33 each.
Shares were issued to Bon Lon Securities Ltd. and Harshit Finvest Pvt. Ltd., both promoter group entities.",BSE,2026-06-09T18:12:54,https://www.bseindia.com/stockinfo/AnnPdfOpen.aspx?Pname=966423e6-9b29-4c4d-97ad-6fa5ba466f75.pdf
GSTK543211,Bonlon Industries,BONLON,26060115350713.0,"Bonlon Industries reports flat Q4 FY26 results, stabilizing from prior negative trends.
Net sales stand at 100.6 cr; stock gains modestly by 1.35 on June 1, 2026.","Bonlon Industries reports flat Q4 FY26 results, stabilizing from prior negative trends.
Net sales stand at 100.6 cr; stock gains modestly by 1.35 on June 1, 2026.",Marketsmojo,2026-06-01T11:01:50,https://www.marketsmojo.com/news/stocks-in-action/bonlon-industries-ltd-reports-flat-quarterly-performance-amidst-market-volatility-4026486
GSTK543211,Bonlon Industries,BONLON,553624.0,"Bonlon Industries Ltd disclosed share acquisition under SEBI (SAST) Regulations, 2011 via warrant conversion.
Post-acquisition, total shareholding reached 1.19 crore shares, representing 71.2% voting rights.","Bonlon Industries Ltd disclosed share acquisition under SEBI (SAST) Regulations, 2011 via warrant conversion.
Post-acquisition, total shareholding reached 1.19 crore shares, representing 71.2% voting rights.",BSE,2026-04-02T10:16:49,https://www.bseindia.com/stockinfo/AnnPdfOpen.aspx?Pname=B718BE51_59A5_4168_BCFD_46815EC24765_101633.pdf
GSTK543211,Bonlon Industries,BONLON,8.24994349178023e+17,"Bonlon Industries received a GST demand notice for April 2019-March 2020.
The company plans to appeal, expecting no financial impact.","Bonlon Industries received a GST demand notice for April 2019-March 2020.
The company plans to appeal, expecting no financial impact.",ScoutQuest,2026-03-26T18:43:00,https://sqst.in/dfqoC
GSTK544185,Adtech Systems,,,,,,,
GSTK539545,Apoorva Leasing Finance And Investment Company Ltd,,,,,,,
GSTK531667,RR Metalmakers India,,,,,,,
GSTK532761,HandsOn Global Management (HGM),HGM,,,,,,
GSTK541302,Dhruv Consultancy Services,DHRUV,,,,,,
GSTK521109,Nagreeka Exports,NAGREEKEXP,,,,,,
GSTK524204,Teesta Agro Industries,,,,,,,
GSTK517063,Jetking Infotrain,,,,,,,
GSTK517437,Dutron Polymers,,,,,,,
GSTK526931,Hariyana Ship Breakers,,,,,,,
GSTK531278,Elixir Capital,,,,,,,
GSTK509053,Banas Finance,,,,,,,
GSTK523844,Constronics Infra,,,,,,,
GSTK514358,Everlon Financials,,,,,,,
GSTK532870,Ankit Metal & Power,ANKITMETAL,,,,,,
GSTK539552,F Mec International Financial Services,,,,,,,
GSTK526488,Bhudevi Infra Projects,,,,,,,
GSTK538862,MY Money Securities,,,,,,,
GSTK539861,SKIL Infrastructure,SKIL,,,,,,
GSTK532660,Vivimed Labs,VIVIMEDLAB,,,,,,
GSTK590068,Khaitan (India),KHAITANLTD,,,,,,
GSTK532333,HB Portfolio,,,,,,,
GSTK539220,Mishka Exim,,,,,,,
GSTK501430,Bombay Cycle & Motor Agency,,,,,,,
GSTK505650,Skyline Millars,,,,,,,
GSTK540361,Danube Industries,,,,,,,
GSTK517288,Gujarat Poly Electronics,,,,,,,
GSTK530175,Odyssey Technologies,,,,,,,
GSTK504286,Delta Manufacturing,DELTAMAGNT,,,,,,
GSTK520155,Starlog Enterprises,,,,,,,
GSTK523620,Phaarmasia,,,,,,,
GSTK511505,Capital Trust,CAPTRUST,,,,,,
GSTK519331,VSF Projects,,,,,,,
GSTK540405,Oceanic Foods,,,,,,,
GSTK512161,Securekloud Technologies,SECURKLOUD,,,,,,
GSTK505230,Cimmco,CIMMCO,,,,,,
GSTK531677,Aris International,,,,,,,
GSTK516032,Tahmar Enterprises,,,,,,,
GSTK530789,Ceejay Finance,,,,,,,
GSTK532812,Transwarranty Finance,TFL,,,,,,
GSTK538556,Arman Holdings,,,,,,,
GSTK542046,Vivid Mercantile,,,,,,,
GSTK507984,Desi Farms India,,,,,,,
GSTK532975,Telogica,,,,,,,
GSTK530757,Shentracon Chemicals,,,,,,,
GSTK512485,Dhanlaxmi Cotex,,,,,,,
GSTK535387,Lakhotia Polyesters (India),,,,,,,
GSTK500346,Punjab Communications,,,,,,,
GSTK530213,Fortune International,,,,,,,
GSTK526445,Indrayani Biotech,,,,,,,
GSTK532826,Raj Television Network,RAJTV,,,,,,
GSTK526193,Royal Cushion Vinyl Products,,,,,,,
GSTK531979,Hind Aluminium Industries,,,,,,,
GSTK533166,Sundaram Multi Pap,SUNDARAM,,,,,,
GSTK533163,ARSS Infrastructure Projects,ARSSINFRA,,,,,,
GSTK516092,3P Land Holdings,3PLAND,,,,,,
GSTK532931,Burnpur Cement,,,,,,,
GSTK523277,GV Films,,,,,,,
GSTK540738,Shreeji Translogistics,,,,,,,
GSTK523650,Yash Innoventures,,,,,,,
GSTK532820,E-Land Apparel,,,,,,,
GSTK544201,Dindigul Farm Product,,,,,,,
GSTK532164,Minolta Finance,,,,,,,
GSTK542437,Anmol India,ANMOL,,,,,,
GSTK513149,Acrow India,,,,,,,
GSTK524534,Bhaskar Agro Chemicals,,,,,,,
GSTK523672,Flex Foods,,,,,,,
GSTK531592,Genpharmasec,,,,,,,
GSTK526640,Royale Manor Hotels & Industries,,,,,,,
GSTK532183,Gayatri Sugars,,,,,,,
GSTK521216,Dhanalaxmi Roto Spinners,,,,,,,
GSTK523550,Krypton Industries,,,,,,,
GSTK532386,California Software Company,CALSOFT,,,,,,
GSTK508494,Warren Tea,,,,,,,
GSTK530577,Ladderup Finance,,,,,,,
GSTK531417,Mega Corporation,,,,,,,
GSTK531190,Eforu Entertainment,,,,,,,
GSTK511577,Mantra Capital,,,,,,,
GSTK505590,SVP Global Textiles,SVPGLOB,,,,,,
GSTK513629,Tulsyan NEC,,,,,,,
GSTK532271,Cybermate Infotek,ORCHASP,,,,,,
GSTK512093,Cranes Software International,CRANESSOFT,,,,,,
GSTK524322,Aanjaay Industries,,,,,,,
GSTK538634,Vasundhara Rasayans,,,,,,,
GSTK530249,Bridge Securities,,,,,,,
GSTK507180,Kesar Enterprises,,,,,,,
GSTK526235,Mercator,MERCATOR,,,,,,
GSTK513142,Balasore Alloys,ISPATALLOY,,,,,,
GSTK539251,Balkrishna Paper Mills,BALKRISHNA,,,,,,
GSTK540961,Shiva Mills,SHIVAMILLS,,,,,,
GSTK514171,Ceeta Industries,,,,,,,
GSTK539121,Palco Metals,,,,,,,
GSTK524502,Raaj Medisafe India,,,,,,,
GSTK531996,Odyssey Corporation,,,,,,,
GSTK533078,Manjeera Constructions,MANJEERA,,,,,,
GSTK524594,Aeonx Digital Technology,,,,,,,
GSTK532159,Trescon,,,,,,,
GSTK543208,Regis Industries,,,,,,,
GSTK531882,Kwality,KWALITY,,,,,,
GSTK543400,Omnipotent Industries,,,,,,,
GSTK533317,Omkar Speciality Chemicals,OMKARCHEM,,,,,,
GSTK531495,Blue Coast Hotels,BLUECOAST,,,,,,
GSTK532172,Adroit Infotech,ADROITINFO,,,,,,
GSTK532728,Malu Paper Mills,MALUPAPER,,,,,,
GSTK524564,Gayatri Bioorganics,,,,,,,
GSTK539217,Srestha Finvest,,,,,,,
GSTK522231,Conart Engineers,,,,,,,
GSTK512489,Oasis Securities,,,,,,,
GSTK509597,Hardcastle & Waud Manufacturing Co,,,,,,,
GSTK540268,TruCap Finance,TRU,,,,,,
GSTK539398,Vishal Bearings,,,,,,,
GSTK523007,Ansal Buildwell,,,,,,,
GSTK539143,Panth Infinity,,,,,,,
GSTK513216,Uttam Galva Steels,UTTAMSTL,,,,,,
GSTK511736,Ushdev International,USHDEVINT,,,,,,
GSTK543281,Suvidhaa Infoserve,SUVIDHAA,,,,,,
GSTK531822,Rodium Realty,,,,,,,
GSTK526471,Winsome Breweries,,,,,,,
GSTK538833,Kaizen Agro Infrabuild,,,,,,,
GSTK531163,Kemistar Corporation,,,,,,,
GSTK526705,Elegant Marbles & Grani Industries,,,,,,,
GSTK530705,Anirit Ventures,,,,,,,
GSTK532140,Mohite Industries,,,,,,,
GSTK519463,IB Infotech Enterprises,,,,,,,
GSTK538395,Nam Securities,,,,,,,
GSTK511764,Aastamangalam Finance,,,,,,,
GSTK511153,Anjani Foods,,,,,,,
GSTK530461,Saboo Sodium Chloro,,,,,,,
GSTK534623,Jupiter Infomedia,,,,,,,
GSTK511194,ICDS,ICDSLTD,,,,,,
GSTK500211,Insilco,INSILCO,,,,,,
GSTK534312,MT Educare,MTEDUCARE,,,,,,
GSTK502448,Rollatainers,ROLLT,,,,,,
GSTK502901,Jamshri Realty,,,,,,,
GSTK526481,Phoenix International,,,,,,,
GSTK533427,VMS Industries,,,,,,,
GSTK524396,Biofil Chemicals & Pharmaceuticals,BIOFILCHEM,,,,,,
GSTK512048,DhanSafal Finserve,,,,,,,
GSTK527005,Shree Pacetronix,,,,,,,
GSTK526315,Divyashakti,,,,,,,
GSTK531518,Vikas Proppant & Granite,VIKASPROP,,,,,,
GSTK505324,Manugraph India,MANUGRAPH,,,,,,
GSTK503691,Sahara One Media & Entertainment,,,,,,,
GSTK542123,Phosphate Company,,,,,,,
GSTK539939,Yash Chemex,,,,,,,
GSTK530253,Rajasthan Tube Manufacturing Co,,,,,,,
GSTK513642,Axel Polymers,,,,,,,
GSTK523465,Ind Bank Housing,,,,,,,
GSTK522152,Solitaire Machine Tools,,,,,,,
GSTK531472,Cybele Industries,,,,,,,
GSTK503349,The Victoria Mills,,,,,,,
GSTK531454,Polylink Polymers (India),,,,,,,
GSTK532614,Impex Ferro Tech,IMPEXFERRO,,,,,,
GSTK531153,Diligent Industries,,,,,,,
GSTK541546,Gayatri Highways,GAYAHWS,,,,,,
GSTK543670,Vinny Overseas,VINNY,,,,,,
GSTK500342,Prudential Sugar Corporation,PRUDMOULI,,,,,,
GSTK512169,Capricorn Systems Global Solutions,,,,,,,
GSTK538923,SOFCOM Systems,,,,,,,
GSTK530695,Prime Property Development Corp,,,,,,,
GSTK539120,Grameva,,,,,,,
GSTK540694,ANG Lifesciences India,,,,,,,
GSTK521244,MKP Mobility,,,,,,,
GSTK526773,Pressure Sensitive Systems India,,,,,,,
GSTK524288,Aimco Pesticides,,,,,,,
GSTK531205,Spright Agro,,,,,,,
GSTK531624,Country Condo's,COUNCODOS,,,,,,
GSTK531268,B2B Software Technologies,,,,,,,
GSTK530997,Unique Organics,,,,,,,
GSTK512115,Rose Merc,,,,,,,
GSTK526435,Perfectpac,,,,,,,
GSTK540143,Sagarsoft (India),,,,,,,
GSTK511509,Vivo Bio Tech,,,,,,,
GSTK539017,Star Housing Finance,,,,,,,
GSTK531900,CCL International,,,,,,,
GSTK509762,Mapro Industries,,,,,,,
GSTK533294,Ravi Kumar Distilleries,RKDL,,,,,,
GSTK531497,Madhucon Projects,MADHUCON,,,,,,
GSTK539455,Ecofinity Atomix,,,,,,,
GSTK531869,Sacheta Metals,,,,,,,
GSTK512441,Enbee Trade & Finance,,,,,,,
GSTK533048,Teamo Productions HQ,TPHQ,,,,,,
GSTK530617,Sampre Nutritions,,,,,,,
GSTK511355,India Cements Capital,,,,,,,
GSTK522005,Austin Engineering Company,,,,,,,
GSTK517370,Incap,,,,,,,
GSTK534063,Futuristic Solutions,,,,,,,
GSTK540377,IFL Enterprises,,,,,,,
GSTK532212,Archies,ARCHIES,,,,,,
GSTK532521,Palred Technologies,PALREDTEC,,,,,,
GSTK539040,Tirupati Innovar,,,,,,,
GSTK517423,Integra Switchgear,,,,,,,
GSTK532695,Celebrity Fashions,CELEBRITY,,,,,,
GSTK513566,Nova Iron & Steel,,,,,,,
GSTK526965,Gujarat Craft Industries,,,,,,,
GSTK521240,Sambandam Spinning Mills,,,,,,,
GSTK540545,Guru Krupa Gems And Jewellery,,,,,,,
GSTK540135,ARC Finance,,,,,,,
GSTK526335,Shreyas Intermediates,,,,,,,
GSTK533056,Vedavaag Systems,,,,,,,
GSTK532925,Kaushalya Infrastructure Development Corporation,KAUSHALYA,,,,,,
GSTK509040,Netlink Solutions (India),,,,,,,
GSTK507981,Jindal Hotels,,,,,,,
GSTK531280,Pankaj Polymers,,,,,,,
GSTK531616,Starcom Information Technology,,,,,,,
GSTK540080,Dhatre Udyog,,,,,,,
GSTK542724,Murae Organisor,,,,,,,
GSTK544662,Simandhar Impex,,,,,,,
GSTK504988,Welcast Steels,,,,,,,
GSTK521151,Dhanlaxmi Fabrics,,,,,,,
GSTK526237,Morgan Ventures,,,,,,,
GSTK539391,ACME Resources,,,,,,,
GSTK533451,Karma Energy,KARMAENG,,,,,,
GSTK537820,Viji Finance,VIJIFIN,,,,,,
GSTK503837,Shree Rajasthan Syntex,,,,,,,
GSTK530979,India Home Loan,,,,,,,
GSTK512589,Sita Enterprises,,,,,,,
GSTK542019,Shubham Polyspin,,,,,,,
GSTK501370,Walchand Peoplefirst,,,,,,,
GSTK526301,Medinova Diagnostic Services,,,,,,,
GSTK532637,Mangalam Drugs & Organics,MANGALAM,,,,,,
GSTK504392,Krishna Ventures,,,,,,,
GSTK533301,Shekhawati Industries,SHEKHAWATI,,,,,,
GSTK542020,AKI India,AKI,,,,,,
GSTK531176,Mefcom Capital Markets,,,,,,,
GSTK513059,G.S. Auto International,,,,,,,
GSTK500170,GTN Industries,,,,,,,
GSTK532005,Sam Industries,,,,,,,
GSTK524440,Camex,,,,,,,
GSTK526921,21st Century Management Services,21STCENMGM,,,,,,
GSTK523419,Tamilnadu Telecommunication,TNTELE,,,,,,
GSTK523387,Homre,,,,,,,
GSTK541601,Rajnish Wellness,,,,,,,
GSTK530595,TeleCanor Global,,,,,,,
GSTK514442,Sri KPR Industries,,,,,,,
GSTK514260,Surbhi Industries,,,,,,,
GSTK532335,Ambica Agarbathies Aroma & Industries,AMBICAAGAR,,,,,,
GSTK526231,Standard Surfactants,,,,,,,
GSTK522235,Minal Industries,,,,,,,
GSTK519234,Superior Industrial Enterprises,,,,,,,
GSTK539947,Jindal Leasefin,,,,,,,
GSTK539762,Modern Converters,,,,,,,
GSTK507948,Key Corp,,,,,,,
GSTK502873,HP Cotton Textile Mills,,,,,,,
GSTK511359,AD-Manum Finance,,,,,,,
GSTK532355,Picturehouse Media,,,,,,,
GSTK543194,Nirmitee Robotics India,,,,,,,
GSTK503229,Simplex Realty,,,,,,,
GSTK508922,MSR Copper,,,,,,,
GSTK512587,Zodiac-JRD-MKJ,,,,,,,
GSTK531982,Spectrum Foods,,,,,,,
GSTK526851,Arex Industries,,,,,,,
GSTK534732,Caspian Corporate Services,,,,,,,
GSTK539246,Atma Industries,,,,,,,
GSTK539222,Growington Ventures India,,,,,,,
GSTK540904,Tirupati Foam,,,,,,,
GSTK524711,Vista Pharmaceuticals,,,,,,,
GSTK544013,KK Shah Hospitals,,,,,,,
GSTK531259,Esha Media Research,,,,,,,
GSTK517415,Lee & Nee Softwares (Exports),,,,,,,
GSTK531931,Sai Capital,,,,,,,
GSTK501622,Amalgamated Electricity Company,,,,,,,
GSTK530053,Real Eco Energy,,,,,,,
GSTK532081,KSS,KSERASERA,,,,,,
GSTK532946,Bang Overseas,BANG,,,,,,
GSTK531337,Winpro Industries,WINPRO,,,,,,
GSTK507828,Ansal Housing,,,,,,,
GSTK517119,PCS Technology,,,,,,,
GSTK507946,Kiduja India,,,,,,,
GSTK538868,Continental Securities,,,,,,,
GSTK526841,Shakti Press,,,,,,,
GSTK514087,PBM Polytex,,,,,,,
GSTK543231,Archidply Decor,ADL,,,,,,
GSTK531810,Metal Coatings (India),,,,,,,
GSTK538607,Toyam Sports,,,,,,,
GSTK530217,Swojas Foods,,,,,,,
GSTK511740,Ruparel Food Products,,,,,,,
GSTK540359,Parmax Pharma,,,,,,,
GSTK530991,Roopa Industries,,,,,,,
GSTK532402,USG Tech Solutions,,,,,,,
GSTK502250,Lerthai Finance,,,,,,,
GSTK511654,Sugal & Damani Share Brokers,,,,,,,
GSTK521178,Sri Ramakrishna Mills (Coimbatore),,,,,,,
GSTK540181,Salem Erode Investments,,,,,,,
GSTK526957,Uniply Decor,,,,,,,
GSTK507442,Dharani Sugars & Chemicals,DHARSUGAR,,,,,,
GSTK530433,Shiva Global Agro Industries,,,,,,,
GSTK530265,Sainik Finance & Industries,,,,,,,
GSTK511609,ISL Consulting,,,,,,,
GSTK531297,Artefact Projects,,,,,,,
GSTK530897,NG Industries,,,,,,,
GSTK540726,Trident Texofab,,,,,,,
GSTK514412,Sarup Industries,,,,,,,
GSTK526616,National Plastic Industries,,,,,,,
GSTK512217,Prism Medico & Pharmacy,,,,,,,
GSTK526269,Crestchem,,,,,,,
GSTK514223,Ramgopal Polytex,,,,,,,
GSTK526161,Spenta International,,,,,,,
GSTK507690,Orient Beverages,,,,,,,
GSTK524703,Sandu Pharmaceuticals,,,,,,,
GSTK511658,Nettlinx,,,,,,,
GSTK530109,Anupam Finserv,,,,,,,
GSTK513729,Aro Granite Industries,AROGRANITE,,,,,,
GSTK531144,E L Forge,,,,,,,
GSTK536846,Yuranus Infrastructure,,,,,,,
GSTK530169,Mohit Paper Mills,,,,,,,
GSTK531233,Rasi Electrodes,,,,,,,
GSTK532817,Oriental Trimex,ORIENTALTL,,,,,,
GSTK531156,Alfavision Overseas (India),,,,,,,
GSTK532957,Gokak Textiles,,,,,,,
GSTK524602,Bandaram Pharma Packtech,,,,,,,
GSTK538778,Kalyan Capitals,,,,,,,
GSTK531471,Duke Offshore,,,,,,,
GSTK532404,Saven Technologies,,,,,,,
GSTK502589,Vapi Enterprise,,,,,,,
GSTK507817,Wires & Fabriks (SA),,,,,,,
GSTK539669,RGF Capital Markets,,,,,,,
GSTK530951,Raminfo,,,,,,,
GSTK531533,Accedere,,,,,,,
GSTK524675,Kabsons Industries,,,,,,,
GSTK500239,KG Denim,,,,,,,
GSTK523260,Pearl Polymers,PEARLPOLY,,,,,,
GSTK532640,Cyber Media India,CYBERMEDIA,,,,,,
GSTK533101,Suryaamba Spinning Mills,,,,,,,
GSTK530959,Diana Tea Co,,,,,,,
GSTK522207,Rasandik Engineering Industries India,,,,,,,
GSTK539122,Bodhtree Consulting,,,,,,,
GSTK530525,Rajnish Retail,,,,,,,
GSTK542667,White Organic Retail,,,,,,,
GSTK540923,Ashoka Metcast,ASHOKAMET,,,,,,
GSTK521036,Source Industries (India),,,,,,,
GSTK526490,Pratik Panels,,,,,,,
GSTK531950,VERTEX Securities,,,,,,,
GSTK511525,Pan India Corp,,,,,,,
GSTK539760,Relicab Cable Manufacturing,,,,,,,
GSTK532123,BSEL Algo,,,,,,,
GSTK503776,Modipon,,,,,,,
GSTK530853,Hipolin,,,,,,,
GSTK530787,Inland Printers,,,,,,,
GSTK538834,JMJ Fintech,,,,,,,
GSTK509196,MM Rubber Company,,,,,,,
GSTK511710,Cubical Financial Services,,,,,,,
GSTK500212,Integrated Financial Services,,,,,,,
GSTK530855,GDL Leasing & Finance,,,,,,,
GSTK514221,K-Lifestyle & Industries,SHREEKRPOL,,,,,,
GSTK533482,Kridhan Infra,KRIDHANINF,,,,,,
GSTK517546,Alfa Transformers,,,,,,,
GSTK532216,HB Stockholdings,HBSL,,,,,,
GSTK520123,ABC India,,,,,,,
GSTK517264,Fine-Line Circuits,,,,,,,
GSTK511000,MSL Global,,,,,,,
GSTK524488,SVC Industries,,,,,,,
GSTK540702,Lasa Supergenerics,LASA,,,,,,
GSTK530309,Chandra Prabhu International,,,,,,,
GSTK521228,Tatia Global Vennture,,,,,,,
GSTK511692,Ajcon Global Services,,,,,,,
GSTK512301,Chambal Breweries & Distilleries,,,,,,,
GSTK519359,Poona Dal & Oil Industries,,,,,,,
GSTK511539,Supra Trends,,,,,,,
GSTK542802,Galactico Corporate Services,,,,,,,
GSTK530231,Subhash Silk Mills,,,,,,,
GSTK500155,Garden Silk Mills Ltd,GARDENSILK,,,,,,
GSTK531172,Pranavaditya Spinning Mills,,,,,,,
GSTK519494,NK Industries,NKIND,,,,,,
GSTK540789,Diligent Media Corporation,DNAMEDIA,,,,,,
GSTK524013,Hindustan Fluoro Carbons,,,,,,,
GSTK531780,Kaiser Corporation,,,,,,,
GSTK531199,Glance Finance,,,,,,,
GSTK538521,Yaan Enterprises,,,,,,,
GSTK524156,TCM,,,,,,,
GSTK502133,Hemadri Cements,,,,,,,
GSTK531168,Associated Ceramics,,,,,,,
GSTK524818,Dynamic Industries,,,,,,,
GSTK506858,Gujarat Petrosynthese,,,,,,,
GSTK531328,Kretto Syscon,,,,,,,
GSTK531223,Anjani Synthetics,,,,,,,
GSTK523144,MediCaps,,,,,,,
GSTK507300,Ravalgaon Sugar Farm,,,,,,,
GSTK531067,Contil India,,,,,,,
GSTK531840,IEC Education,,,,,,,
GSTK530609,Carnation Industries,,,,,,,
GSTK510245,Swasti Vinayaka Synthetics,,,,,,,
GSTK511012,Yamini Investments Company,,,,,,,
GSTK540006,East West Freight Carriers,,,,,,,
GSTK514312,Jaihind Industries,,,,,,,
GSTK504810,Informed Technologies India,,,,,,,
GSTK543914,Swati Projects,,,,,,,
GSTK505250,G.G. Dandekar Properties,,,,,,,
GSTK531557,Amit Securities,,,,,,,
GSTK533203,Tarapur Transformers,TARAPUR,,,,,,
GSTK532951,GSS Infotech,GSS,,,,,,
GSTK512036,Skybiotech Healthcare,,,,,,,
GSTK531453,Mohit Industries,MOHITIND,,,,,,
GSTK512257,Swasti Vinayaka Art & Heritage Corporation,,,,,,,
GSTK511447,Sylph Industries,,,,,,,
GSTK524548,Sharma East India Hospitals & Medical Research Ltd,,,,,,,
GSTK530711,Jagan Lamps,,,,,,,
GSTK531301,Tusaldah,,,,,,,
GSTK516007,Mangalam Timber Products,MANGTIMBER,,,,,,
GSTK530815,Refnol Resins & Chemicals,,,,,,,
GSTK514348,Winsome Yarns,WINSOME,,,,,,
GSTK541303,Akshar Spintex,AKSHAR,,,,,,
GSTK515093,Madhav Marbles & Granites,MADHAV,,,,,,
GSTK531744,Gini Silk Mills,,,,,,,
GSTK505515,Shyamkamal Investments,,,,,,,
GSTK511116,Quadrant Televentures,,,,,,,
GSTK530289,SP Capital Financing,,,,,,,
GSTK530255,Kay Power & Paper,,,,,,,
GSTK526355,Duro Pack,,,,,,,
GSTK511712,Relic Technologies,,,,,,,
GSTK512425,Nirav Commercials,,,,,,,
GSTK532918,Rathi Bars,,,,,,,
GSTK530973,Alfa Ica India,,,,,,,
GSTK542248,Deccan Health Care,,,,,,,
GSTK524080,Haryana Leather Chemicals,,,,,,,
GSTK530037,Sparkle Gold Rock,,,,,,,
GSTK524516,Bacil Pharma,,,,,,,
GSTK532914,Arcotech,ARCOTECH,,,,,,
GSTK513179,National Steel & Agro Industries,NATNLSTEEL,,,,,,
GSTK541338,UH Zaveri,,,,,,,
GSTK534612,Advance Metering Technology,,,,,,,
GSTK518011,Keerthi Industries,,,,,,,
GSTK502445,Citadel Realty & Developers,,,,,,,
GSTK538743,Mudunuru,,,,,,,
GSTK508664,Best Eastern Hotels,,,,,,,
GSTK533100,Premier Energy & Infrastructure,,,,,,,
GSTK500371,Samtel India,,,,,,,
GSTK504340,Longspur International Ventures,,,,,,,
GSTK517201,Switching Technologies Gunther,,,,,,,
GSTK519224,Williamson Magor & Co,WILLAMAGOR,,,,,,
GSTK531752,Biogen Pharmachem Industries,,,,,,,
GSTK526345,Panjon,,,,,,,
GSTK503092,Pasupati Spinning & Weaving Mills,,,,,,,
GSTK532911,Parle Industries,,,,,,,
GSTK523840,Innovative Tech Pack,,,,,,,
GSTK540310,Classic Filaments,,,,,,,
GSTK530747,Challani Capital,,,,,,,
GSTK533212,GKB Ophthalmics,,,,,,,
GSTK526677,DSJ Communications,KEEPLEARN,,,,,,
GSTK523021,Rishi Techtex,,,,,,,
GSTK539559,Deep Health AI India,,,,,,,
GSTK524314,Gujarat Terce Laboratories,,,,,,,
GSTK500206,Margo Finance,,,,,,,
GSTK539013,Gita Renewable Energy,,,,,,,
GSTK526711,Adarsh Plant Protect,,,,,,,
GSTK526945,Tyroon Tea Company,,,,,,,
GSTK543341,Sharpline Broadcast,,,,,,,
GSTK531635,Silver Oak (India),,,,,,,
GSTK539561,Supha Pharmachem,,,,,,,
GSTK501242,TCI Finance,TCIFINANCE,,,,,,
GSTK500059,BIL Vyapar,BILVYAPAR,,,,,,
GSTK521180,Super Spinning Mills,SUPERSPIN,,,,,,
GSTK532895,Nagreeka Capital & Infrastructure,NAGREEKCAP,,,,,,
GSTK506184,Kanani Industries,KANANIIND,,,,,,
GSTK511169,RKD Agri & Retail,,,,,,,
GSTK539798,Umiya Tubes,,,,,,,
GSTK531797,Scan Projects,,,,,,,
GSTK518053,Sri Chakra Cement,,,,,,,
GSTK539519,Sattva Sukun Lifecare,,,,,,,
GSTK539761,Vantage Knowledge Academy,,,,,,,
GSTK524661,Welcure Drugs & Pharmaceuticals,,,,,,,
GSTK538812,Aanchal Ispat,,,,,,,
GSTK502933,Katare Spinning Mills,,,,,,,
GSTK539011,Chennai Ferrous Industries,,,,,,,
GSTK530179,RSC International,,,,,,,
GSTK523652,Kkalpana Plastick,,,,,,,
GSTK526901,Sonal Adhesives,,,,,,,
GSTK531003,Swarna Securities,,,,,,,
GSTK537069,Arnold Holdings,,,,,,,
GSTK532387,Pritish Nandy Communications,PNC,,,,,,
GSTK530291,PAOS Industries Ltd,,,,,,,
GSTK531600,Gogia Capital Growth,,,,,,,
GSTK526847,Ashirwad Steels & Industries,,,,,,,
GSTK539176,Hawa Engineers,,,,,,,
GSTK509887,Sinnar Bidi Udyog,,,,,,,
GSTK538646,QGO Finance,,,,,,,
GSTK530419,Sumedha Fiscal Services,,,,,,,
GSTK533605,Setubandhan Infrastructure,SETUINFRA,,,,,,
GSTK512215,Stephanotis Finance,,,,,,,
GSTK511730,BYLD Capital Finance,,,,,,,
GSTK523467,Jai Mata Glass,,,,,,,
GSTK531814,Tirupati Sarjan,,,,,,,
GSTK526871,Intec Capital,,,,,,,
GSTK539354,Polyspin Exports,,,,,,,
GSTK507813,National Oxygen,,,,,,,
GSTK538777,Asia Capital,,,,,,,
GSTK533540,Tree House Education & Accessories,TREEHOUSE,,,,,,
GSTK531892,Khandwala Securities,KHANDSE,,,,,,
GSTK531340,Bervin Investment & Leasing,,,,,,,
GSTK530235,KJMC Financial Services,,,,,,,
GSTK538838,Indo Cotspin,,,,,,,
GSTK530825,Daikaffil Chemicals India,,,,,,,
GSTK531960,June Industries,,,,,,,
GSTK511549,Morarka Finance,,,,,,,
GSTK511533,Sahara Housingfina Corporation,,,,,,,
GSTK531626,Orosil Smiths India,,,,,,,
GSTK519612,Lake Shore Realty,,,,,,,
GSTK530459,Valson Industries,,,,,,,
GSTK531380,Centenial Surgical Suture,,,,,,,
GSTK532284,TCFC Finance,,,,,,,
GSTK532416,Next Mediaworks,NEXTMEDIA,,,,,,
GSTK532845,TGB Banquets & Hotels,TGBHOTELS,,,,,,
GSTK505336,Harshil Agrotech,,,,,,,
GSTK540079,Sprayking,,,,,,,
GSTK505212,Jainex Aamcol,,,,,,,
GSTK506105,Stanrose Mafatlal Investments & Finance,,,,,,,
GSTK530407,EPIC Energy,,,,,,,
GSTK532124,Reliable Ventures India,,,,,,,
GSTK530909,ERP Soft Systems,,,,,,,
GSTK530133,Amco India,,,,,,,
GSTK530267,Arigato Universe,,,,,,,
GSTK532730,STL Global,SGL,,,,,,
GSTK539428,Tejnaksh Healthcare,,,,,,,
GSTK531137,Gemstone Investments,,,,,,,
GSTK503685,Mediaone Global Entertainment,,,,,,,
GSTK512499,Shalimar Productions,,,,,,,
GSTK519475,Chordia Food Products,,,,,,,
GSTK530925,Ramsons Projects,,,,,,,
GSTK539310,Thinkink Picturez,,,,,,,
GSTK526043,Polymechplast Machines,,,,,,,
GSTK522036,Miven Machine Tools,,,,,,,
GSTK521141,Aditya Spinners,,,,,,,
GSTK509895,Hindoostan Mills,,,,,,,
GSTK511716,Invigorated Business Consulting,,,,,,,
GSTK531651,National General Industries Limited,,,,,,,
GSTK531608,Gorani Industries,,,,,,,
GSTK501314,Prismx Global Ventures,,,,,,,
GSTK500016,Aruna Hotels,,,,,,,
GSTK526554,Salguti Industries,,,,,,,
GSTK523489,Chennai Meenakshi Multispeciality Hospital,,,,,,,
GSTK540190,Franklin Industries,,,,,,,
GSTK511593,Libord Finance,,,,,,,
GSTK508969,Sulabh Engineers & Services,,,,,,,
GSTK538180,Gold Line International Finvest,,,,,,,
GSTK509069,Infomedia Press,INFOMEDIA,,,,,,
GSTK533008,OCL Iron and Steel,OISL,,,,,,
GSTK533411,Sanghvi Forging & Engineering,SANGHVIFOR,,,,,,
GSTK532997,KSK Energy Ventures,KSK,,,,,,
GSTK532154,Johnson Pharmacare,,,,,,,
GSTK500370,Salora International,,,,,,,
GSTK514386,Gujarat Cotex,,,,,,,
GSTK539938,Medico Intercontinental,,,,,,,
GSTK531968,IITL Projects,,,,,,,
GSTK541005,Kanco Tea & Industries,,,,,,,
GSTK538382,West Leisure Resorts,,,,,,,
GSTK543934,Machhar Industries,,,,,,,
GSTK539012,Megri Soft,,,,,,,
GSTK530953,Sunil Agro Foods,,,,,,,
GSTK531212,Nalin Lease Finance,,,,,,,
GSTK523752,Trans India House Impex Ltd,,,,,,,
GSTK511543,GSB Finance,,,,,,,
GSTK511176,Parshwanath Corporation,,,,,,,
GSTK539267,Samsrita Labs,,,,,,,
GSTK539435,Richfield Financial Services,,,,,,,
GSTK508961,Shricon Industries,,,,,,,
GSTK540063,ECS Biztech,,,,,,,
GSTK538935,Abhishek Finlease,,,,,,,
GSTK532007,Shreevatsaa Finance & Leasing,,,,,,,
GSTK512247,Ashirwad Capital,,,,,,,
GSTK539378,Soni Medicare,,,,,,,
GSTK508571,The Cochin Malabar Estates and Industries,,,,,,,
GSTK501700,IndiaNivesh,,,,,,,
GSTK506981,Blue Chip Tex Industries,,,,,,,
GSTK514128,Konark Synthetic,,,,,,,
GSTK540953,Kenvi Jewels,,,,,,,
GSTK504648,Bombay Wire Ropes,,,,,,,
GSTK531416,Narendra Properties,,,,,,,
GSTK531227,Deco-mica,,,,,,,
GSTK539681,Dynamic Archistructures,,,,,,,
GSTK540066,AMS Polymers,,,,,,,
GSTK538647,Purshottam Investofin,,,,,,,
GSTK534741,Virtual Global Education,,,,,,,
GSTK531503,Maris Spinners,,,,,,,
GSTK532097,Mukand Engineers,MUKANDENGG,,,,,,
GSTK505343,Monotype India,,,,,,,
GSTK526687,Polo Hotels,,,,,,,
GSTK514484,Thambbi Modern Spinning Mills,,,,,,,
GSTK539230,Chemiesynth (Vapi),,,,,,,
GSTK533638,Flexituff Ventures International,FLEXITUFF,,,,,,
GSTK500246,Envair Electrodyne,,,,,,,
GSTK539409,Neeraj Paper Marketing,,,,,,,
GSTK524727,Span Divergent,,,,,,,
GSTK531870,Popular Estate Management,,,,,,,
GSTK535730,Khoobsurat,,,,,,,
GSTK530401,Vinyoflex,,,,,,,
GSTK530361,Prabhhans Industries,,,,,,,
GSTK531930,Sarthak Industries,,,,,,,
GSTK521149,Prime Urban Development India,,,,,,,
GSTK531437,Prakash Woollen & Synthetic Mills,,,,,,,
GSTK524522,Laffans Petrochemicals,,,,,,,
GSTK539494,Smart Finsec,,,,,,,
GSTK521131,Shree Bhavya Fabrics Ltd,,,,,,,
GSTK504180,Standard Batteries,,,,,,,
GSTK531324,Roselabs Finance,,,,,,,
GSTK506003,Sudal Industries,,,,,,,
GSTK500358,Rama Petrochemicals,,,,,,,
GSTK531583,Rap Corp,,,,,,,
GSTK530095,Pradhin,,,,,,,
GSTK514177,Impera Worldwide,,,,,,,
GSTK526139,Transgene Biotek,,,,,,,
GSTK542682,Harish Textile Engineers,,,,,,,
GSTK500450,MPIL Corporation,,,,,,,
GSTK519532,Asian Tea & Exports,,,,,,,
GSTK538918,Vani Commercials,,,,,,,
GSTK531402,LWS Knitwear,,,,,,,
GSTK524434,Asian Petro Products and Exports,,,,,,,
GSTK511092,JMD Ventures,,,,,,,
GSTK508867,New Markets Avenue,,,,,,,
GSTK531819,Nuway Organic Naturals India,,,,,,,
GSTK532035,Unistar Multimedia,,,,,,,
GSTK531255,Paragon Finance,,,,,,,
GSTK524400,Ishita Drugs & Industries,,,,,,,
GSTK531821,Munoth Financial Services,,,,,,,
GSTK513422,Bloom Industries,,,,,,,
GSTK531502,Esaar (India),,,,,,,
GSTK523566,Martin Burn,,,,,,,
GSTK507966,Ras Resorts & Apart Hotels,,,,,,,
GSTK505840,Jaipan Industries,,,,,,,
GSTK507486,Caprolactam Chemicals,,,,,,,
GSTK532114,Alchemist Realty,,,,,,,
GSTK540824,Astron Paper & Board Mill,ASTRON,,,,,,
GSTK530907,SI Capital & Financial Services,,,,,,,
GSTK541503,Unick Fix-A-Form & Printers,,,,,,,
GSTK513498,Southern Magnesium & Chemicals,,,,,,,
GSTK530405,Jindal Capital,,,,,,,
GSTK514326,Patspin India,,,,,,,
GSTK539884,Darshan Orna,,,,,,,
GSTK520127,Balurghat Technologies,,,,,,,
GSTK539470,Shree Ganesh BioTech India,,,,,,,
GSTK530821,SSPDL,,,,,,,
GSTK511016,Premier Capital Services,,,,,,,
GSTK511131,Kamanwala Housing Construction,,,,,,,
GSTK543540,Pearl Green Clubs And Resorts,,,,,,,
GSTK523836,Gujarat Raffia Industries,GUJRAFFIA,,,,,,
GSTK524210,Pentokey Organy (India),,,,,,,
GSTK539599,Kotia Enterprises,,,,,,,
GSTK522245,Iykot Hitech Toolroom,,,,,,,
GSTK532304,KJMC Corporate Advisors (India),,,,,,,
GSTK511758,Mansi Finance (Chennai),,,,,,,
GSTK517411,Shyam Telecom,SHYAMTEL,,,,,,
GSTK533602,Lesha Industries,,,,,,,
GSTK539174,Helpage Finlease,,,,,,,
GSTK531980,Senthil Infotek,,,,,,,
GSTK526755,Velan Hotels,,,,,,,
GSTK532001,Inducto Steels,,,,,,,
GSTK514266,Zenith Fibres,,,,,,,
GSTK517360,SBEC Systems (India),,,,,,,
GSTK523222,SRM Energy,,,,,,,
GSTK541735,Vivanta Industries,,,,,,,
GSTK514332,Neo Infracon,,,,,,,
GSTK531962,Shree Metalloys,,,,,,,
GSTK534338,Max Heights Infrastructure,,,,,,,
GSTK509046,Triliance Polymers,,,,,,,
GSTK526576,TechIndia Nirman,TECHIN,,,,,,
GSTK531262,Surya Industrial Corporation,,,,,,,
GSTK505320,Lynx Machinery & Commercials,,,,,,,
GSTK540597,Containerway International,,,,,,,
GSTK532723,MPDL,,,,,,,
GSTK531553,Disha Resources,,,,,,,
GSTK526251,Mideast Portfolio Management,,,,,,,
GSTK531322,Sri Havisha Hospitality & Infrastructure,HAVISHA,,,,,,
GSTK543595,EP Biocomposites,,,,,,,
GSTK539900,Dalmia Industrial Development,,,,,,,
GSTK531395,Padam Cotton Yarns,,,,,,,
GSTK544233,Mahalaxmi Fabric Mills,MFML,,,,,,
GSTK500051,Bhagawati Gas Ltd.,,,,,,,
GSTK502460,Solid Containers,,,,,,,
GSTK530537,Manraj Housing Finance,,,,,,,
GSTK517330,CMI,CMICABLES,,,,,,
GSTK517320,Magnus Steel And Infra,,,,,,,
GSTK513295,IMEC Services,,,,,,,
GSTK542906,Easun Capital Markets,,,,,,,
GSTK522267,Veejay Lakshmi Engineering Works,,,,,,,
GSTK531319,Maruti Global Industries,,,,,,,
GSTK530259,Interstate Oil Carrier,,,,,,,
GSTK515059,Madhusudan Industries,,,,,,,
GSTK523832,Mukat Pipes,,,,,,,
GSTK538597,TTI Enterprise,,,,,,,
GSTK500357,Rama Paper Mills,,,,,,,
GSTK531784,KCL Infra Projects,,,,,,,
GSTK500014,Utique Enterprises,,,,,,,
GSTK532217,Siel Financial Services,,,,,,,
GSTK531512,Orient Tradelink,,,,,,,
GSTK538568,Fruition Venture,,,,,,,
GSTK526373,Cindrella Hotels,,,,,,,
GSTK516096,Sangal Papers,,,,,,,
GSTK534755,Trio Mercantile & Trading,,,,,,,
GSTK512175,VAMA Industries,,,,,,,
GSTK505523,Maharashtra Corporation,,,,,,,
GSTK513575,Sterling Powergensys,,,,,,,
GSTK538788,Gilada Finance & Investments,,,,,,,
GSTK540821,Crystal Business System,,,,,,,
GSTK531015,Venmax Drugs & Pharmaceuticals,,,,,,,
GSTK540023,Colorchips New Media,,,,,,,
GSTK512591,Pulsar International,,,,,,,
GSTK506680,Tecil Chemicals and Hydro Power,TECILCHEM,,,,,,
GSTK538610,Unison Metals,,,,,,,
GSTK530675,York Exports,,,,,,,
GSTK531025,Visagar Financial Services,,,,,,,
GSTK531157,Organic Coatings,,,,,,,
GSTK530697,Zenlabs Ethica,,,,,,,
GSTK530369,Vamshi Rubber,,,,,,,
GSTK513303,Modern Steel,,,,,,,
GSTK507970,Paramount Cosmetics (India),,,,,,,
GSTK503657,Veer Energy & Infrastructure,,,,,,,
GSTK513335,Metalyst Forgings,METALFORGE,,,,,,
GSTK540083,TV Vision,TVVISION,,,,,,
GSTK530263,Global Capital Markets,,,,,,,
GSTK530829,CIL Securities,,,,,,,
GSTK526761,Howard Hotels,,,,,,,
GSTK526508,Shahi Shipping,,,,,,,
GSTK531099,Centuple Global,,,,,,,
GSTK531436,Saffron Industries,,,,,,,
GSTK531539,Rishabh Digha Steel & Allied Products,,,,,,,
GSTK522289,NMS Global,,,,,,,
GSTK531902,Gallops Enterprise,,,,,,,
GSTK530779,Dynamic Portfolio Management & Services,,,,,,,
GSTK531246,Prima Industries,,,,,,,
GSTK539946,Bazel International,,,,,,,
GSTK540147,Shashijit Infraprojects,,,,,,,
GSTK521210,Cityman,,,,,,,
GSTK512024,ND Metal Industries,,,,,,,
GSTK541865,Add-Shop E-Retail,,,,,,,
GSTK521048,Advance Lifestyles,,,,,,,
GSTK531737,Greencrest Financial Services,,,,,,,
GSTK521226,Uniroyal Industries,,,,,,,
GSTK540386,Ontic Finserve,,,,,,,
GSTK531582,Beryl Securities,,,,,,,
GSTK530713,Ajel,,,,,,,
GSTK516098,Ventura Textiles,,,,,,,
GSTK532145,HS India,,,,,,,
GSTK512565,Neelkanth,,,,,,,
GSTK512624,Regent Enterprises,,,,,,,
GSTK531360,Golechha Global Finance,,,,,,,
GSTK521105,Olympia Industries,,,,,,,
GSTK530805,Onesource Industries And Ventures,,,,,,,
GSTK519574,Hindustan Agrigentics,,,,,,,
GSTK540727,Poojawestern Metaliks,,,,,,,
GSTK530665,Zenith Healthcare,,,,,,,
GSTK531893,Sawaca Enterprises,,,,,,,
GSTK511493,Shrydus Industries,,,,,,,
GSTK506520,Jayshree Chemicals,,,,,,,
GSTK524038,Venlon Enterprises,,,,,,,
GSTK530469,GSL Securities,,,,,,,
GSTK530151,Vijay Textiles,,,,,,,
GSTK511535,NDA Securities,,,,,,,
GSTK514060,Newtrac Foods & Beverages,,,,,,,
GSTK539679,Kapil Raj Finance,,,,,,,
GSTK508980,Frontier Capital,,,,,,,
GSTK590070,Radaan Media Works India,RADAAN,,,,,,
GSTK521014,Eurotex Industries & Exports,EUROTEXIND,,,,,,
GSTK531887,Tacent Projects,,,,,,,
GSTK539584,Sharanam Infraproject & Trading,,,,,,,
GSTK524576,Vivid Global Industries,,,,,,,
GSTK500029,Autolite (India),AUTOLITIND,,,,,,
GSTK533157,Syncom Healthcare,SYNCOM,,,,,,
GSTK531572,Ranjit Securities,,,,,,,
GSTK500174,Gujarat Lease Financing,GLFL,,,,,,
GSTK540615,7NR Retail,,,,,,,
GSTK532167,Omkar Pharmachem,,,,,,,
GSTK531346,Eastern Treads,,,,,,,
GSTK537985,Infronics Systems,,,,,,,
GSTK536709,Ind Renewable Energy,,,,,,,
GSTK531178,Hemang Resources,,,,,,,
GSTK503626,Manglam Global Corporations,,,,,,,
GSTK513401,Ashiana Ispat,,,,,,,
GSTK538975,Shree Securities,,,,,,,
GSTK526477,South Asian Enterprises,,,,,,,
GSTK521242,Kandagiri Spinning Millis,,,,,,,
GSTK531552,RTCL,,,,,,,
GSTK531129,Inani Marbles & Industries,,,,,,,
GSTK511601,Yash Management & Satellite,,,,,,,
GSTK532042,Frontline Corporation,,,,,,,
GSTK526891,Market Creators,,,,,,,
GSTK538922,COSYN,,,,,,,
GSTK532676,PBA Infrastructure,,,,,,,
GSTK511246,Bombay Talkies,,,,,,,
GSTK513173,Steel Strips Infrastructures,,,,,,,
GSTK511501,Bharat Bhushan Finance & Commodity Brokers,,,,,,,
GSTK526532,Square Four Projects India,,,,,,,
GSTK530141,Gyan Developers & Builders,,,,,,,
GSTK539291,Vasudhagama Enterprises,,,,,,,
GSTK523062,JJ Finance Corporation,,,,,,,
GSTK542654,VR Films & Studios,,,,,,,
GSTK523896,AVI Products India,,,,,,,
GSTK538609,Gajanan Securities Services,,,,,,,
GSTK531409,Alchemist Corporation,,,,,,,
GSTK501351,Rapid Investments,,,,,,,
GSTK513430,Maitri Enterprises,,,,,,,
GSTK532092,Epuja Spiritech,,,,,,,
GSTK507938,Manipal Finance Corp,,,,,,,
GSTK539225,Jiya Eco-Products,JIYAECO,,,,,,
GSTK500540,Premier,PREMIER,,,,,,
GSTK531088,Tulip Star Hotels,,,,,,,
GSTK526075,Rekvina Laboratories,,,,,,,
GSTK531936,Blue Chip India,BLUECHIP,,,,,,
GSTK506146,Visagar Polytex,VIVIDHA,,,,,,
GSTK505685,Taparia Tools,,,,,,,
GSTK531341,Ashtasidhhi Industries,,,,,,,
GSTK538539,Annvrridhhi Ventures,,,,,,,
GSTK536073,Julien Agro Infratech,,,,,,,
GSTK514028,Rajkamal Synthetics,,,,,,,
GSTK539287,Ortin Global,ORTINGLOBE,,,,,,
GSTK541444,PALM Jewels,,,,,,,
GSTK531228,Rander Corporation,,,,,,,
GSTK523594,Kunststofe Industries,,,,,,,
GSTK542034,SM Gold,,,,,,,
GSTK514454,Southern Latex,,,,,,,
GSTK530357,KBS India,,,,,,,
GSTK509015,Thakral Services (India),,,,,,,
GSTK531509,Step Two Corporation,,,,,,,
GSTK540210,Mandhana Retail Ventures,HEADSUP,,,,,,
GSTK538273,Response Informatics,,,,,,,
GSTK519483,Tai Industries,,,,,,,
GSTK516110,Family Care Hospitals,,,,,,,
GSTK541771,Amin Tannery,,,,,,,
GSTK542918,Gian Life Care,,,,,,,
GSTK533018,Simplex Mills Company,,,,,,,
GSTK531505,Indergiri Finance,,,,,,,
GSTK539189,Adhbhut Infrastructure,,,,,,,
GSTK531413,Kiran Print Pack,,,,,,,
GSTK533790,KGN Enterprises,,,,,,,
GSTK517571,IMP Powers,INDLMETER,,,,,,
GSTK512289,Shirpur Gold Refinery,SHIRPUR-G,,,,,,
GSTK531192,Midas Infra Trade,,,,,,,
GSTK531033,Regal Entertainement and Consultants,,,,,,,
GSTK532692,Radha Madhav Corporation,RMCL,,,,,,
GSTK532398,Usha Martin Education & Solutions,UMESLTD,,,,,,
GSTK533629,Tijaria Polypipes,TIJARIA,,,,,,
GSTK531274,Kinetic Trust,,,,,,,
GSTK543282,NIKS Technology,,,,,,,
GSTK514113,Adinath Textiles,,,,,,,
GSTK517356,ACI Infocom,,,,,,,
GSTK530899,Asia Pack,,,,,,,
GSTK530167,Moongipa Capital Finance,,,,,,,
GSTK539814,Le Lavoir,,,,,,,
GSTK511377,Mehta Integrated Finance,,,,,,,
GSTK540703,Provestment Services,,,,,,,
GSTK523826,Sovereign Diamonds,,,,,,,
GSTK530839,Clio Infotech,,,,,,,
GSTK531091,United Credit,,,,,,,
GSTK539384,Krishna Capital & Securities,,,,,,,
GSTK503659,SW Investments,,,,,,,
GSTK539016,Neil Industries,,,,,,,
GSTK506947,Advance Petrochemicals,,,,,,,
GSTK544197,JHS Svendgaard Retail Ventures,RETAIL,,,,,,
GSTK540243,New Light Industries,,,,,,,
GSTK544234,Globale Tessile,GLOBALE,,,,,,
GSTK513403,PM Telelinks,,,,,,,
GSTK534691,Comfort Commotrade,,,,,,,
GSTK503669,KK Fincorp,,,,,,,
GSTK519500,BKV Industries,,,,,,,
GSTK524414,Norris Medicines,,,,,,,
GSTK521222,Sanblue Corporation,,,,,,,
GSTK530119,Natraj Proteins,,,,,,,
GSTK530025,Samyak International,,,,,,,
GSTK533321,BIL Energy Systems,BILENERGY,,,,,,
GSTK524689,Parenteral Drugs (India),PDPL,,,,,,
GSTK532282,Castex Technologies,,,,,,,
GSTK513151,STI India,STINDIA,,,,,,
GSTK540823,Vitesse Agro,,,,,,,
GSTK503622,SV Trading & Agencies,,,,,,,
GSTK506178,Velox Industries,,,,,,,
GSTK539149,Integrated Capital Services,,,,,,,
GSTK513699,Solid Stone Co,,,,,,,
GSTK539190,Decillion Finance,,,,,,,
GSTK531834,Natura Hue Chem,,,,,,,
GSTK523151,OTCO International,,,,,,,
GSTK531411,Tuni Textile Mills,,,,,,,
GSTK530171,Daulat Securities,,,,,,,
GSTK539124,Sarvottam Finvest,,,,,,,
GSTK539097,UR Sugar Industries,,,,,,,
GSTK534532,Aurus Gem Corporation,AURUS,,,,,,
GSTK531506,Shukra Bullions,,,,,,,
GSTK516106,Shree Karthik Papers,,,,,,,
GSTK526662,Rajdarshan Industries,ARENTERP,,,,,,
GSTK531778,Kachchh Minerals,,,,,,,
GSTK538928,Karnavati Finance,,,,,,,
GSTK508956,HB Leasing & Finance Company,,,,,,,
GSTK501477,Muller & Phipps (India),,,,,,,
GSTK542938,Octavius Plantations,,,,,,,
GSTK519191,Jolly Merchants,,,,,,,
GSTK500142,FGP,,,,,,,
GSTK532100,Indo-City Infotech,,,,,,,
GSTK535431,GCM Securities,,,,,,,
GSTK531574,Vas Infrastructure,,,,,,,
GSTK500192,Prag Bosimi Synthetics,,,,,,,
GSTK542865,Anuroop Packaging,,,,,,,
GSTK531240,Shamrock Industrial Company,,,,,,,
GSTK503641,Zodiac Ventures,,,,,,,
GSTK506935,Continental Chemicals,,,,,,,
GSTK513063,Trans Freight Containers,,,,,,,
GSTK519604,Suryo Foods & Industries,,,,,,,
GSTK538452,Quasar India,,,,,,,
GSTK500178,Harig Crankshafts,,,,,,,
GSTK531685,Frontline Financial Services,,,,,,,
GSTK539468,Typhoon Financial Services,,,,,,,
GSTK500329,Pentamedia Graphics,PENTSFWARE,,,,,,
GSTK526093,Sathavahana Ispat,SATHAISPAT,,,,,,
GSTK539253,Surya India,,,,,,,
GSTK509024,Golden Legand Leasing & Finance,,,,,,,
GSTK516062,National Plywood Industries,,,,,,,
GSTK508996,Satra Properties (India),,,,,,,
GSTK538520,Shivamshree Businesses,,,,,,,
GSTK517077,Ind Agiv Commerce,,,,,,,
GSTK532392,Creative Eye,CREATIVEYE,,,,,,
GSTK531203,Tradewell Holdings,,,,,,,
GSTK542677,Mahesh Developers,,,,,,,
GSTK530993,Sarthak Global,,,,,,,
GSTK526675,Tirth Plastic,,,,,,,
GSTK531644,Tokyo Finance,,,,,,,
GSTK526869,Kumbhat Financial Services,,,,,,,
GSTK532131,Triumph International Finance India,,,,,,,
GSTK511636,DJS Stock & Shares,,,,,,,
GSTK524055,Panther Industrial Products,,,,,,,
GSTK504697,Galada Power & Telecommunication,,,,,,,
GSTK538742,Panabyte Technologies,,,,,,,
GSTK543256,Rita Finance & Leasing,,,,,,,
GSTK540026,Ladam Affordable Housing,,,,,,,
GSTK513713,White Organic Agro,,,,,,,
GSTK524768,Emmessar Biotech & Nutrition,,,,,,,
GSTK530127,NPR Finance,,,,,,,
GSTK514264,Seasons Textiles,,,,,,,
GSTK531758,GK Consultants,,,,,,,
GSTK538881,Galada Finance,,,,,,,
GSTK541634,RAW Edge Industrial Solutions,,,,,,,
GSTK542666,GKP Printing & Packaging,,,,,,,
GSTK530035,Santosh Fine Fab,,,,,,,
GSTK538857,Scintilla Commercial & Credit,,,,,,,
GSTK537766,BC Power Controls,,,,,,,
GSTK532359,Hit Kit Global Solutions,,,,,,,
GSTK511185,Rajvi Logitrade,,,,,,,
GSTK539224,HCKK Ventures,,,,,,,
GSTK509563,Garware Marine Industries,,,,,,,
GSTK538787,Goenka Business & Finance,,,,,,,
GSTK539526,Suncare Traders,,,,,,,
GSTK530201,Kallam Textiles,,,,,,,
GSTK530111,Raj Packaging Industries,,,,,,,
GSTK521062,Perfect-Octave Media Projects,,,,,,,
GSTK532745,Inditrade Capital,,,,,,,
GSTK520141,Sibar Auto Parts,,,,,,,
GSTK519064,Khandelwal Extractions,,,,,,,
GSTK540936,Gautam Gems,,,,,,,
GSTK501148,Dalal Street Investments,,,,,,,
GSTK526622,MFL India,,,,,,,
GSTK514197,S & T Corporation,,,,,,,
GSTK530047,Mohota Industries,MOHOTAIND,,,,,,
GSTK540266,Globe Commercials,,,,,,,
GSTK507508,Riga Sugar Co,,,,,,,
GSTK519285,Tarai Foods,,,,,,,
GSTK511611,DCM Financial Services,DCMFINSERV,,,,,,
GSTK519439,Pioneer Agro Extracts,,,,,,,
GSTK530715,Alps Industries,ALPSINDUS,,,,,,
GSTK531235,Citi Port Financial Services,,,,,,,
GSTK539492,Garbi Finvest,,,,,,,
GSTK531265,Progrex Ventures,,,,,,,
GSTK506365,Starsource Multitrade,,,,,,,
GSTK511563,Sanchay Finvest,,,,,,,
GSTK530445,Sumeru Industries,,,,,,,
GSTK531613,Meyer Apparel,,,,,,,
GSTK543207,Natural Biocon (India),,,,,,,
GSTK523782,Mitshi India,,,,,,,
GSTK502893,United Interactive,,,,,,,
GSTK531594,Incon Engineers,,,,,,,
GSTK512064,Vishvprabha Ventures,,,,,,,
GSTK524748,Link Pharma Chem Limited,,,,,,,
GSTK521206,Samtex Fashions,,,,,,,
GSTK521234,Sri Nachammai Cotton Mills,,,,,,,
GSTK526001,Jauss Polymers,,,,,,,
GSTK538422,Jackson Investments,,,,,,,
GSTK509423,Sanathnagar Enterprises,,,,,,,
GSTK538708,Econo Trade (India),,,,,,,
GSTK531762,Unjha Formulations,,,,,,,
GSTK502281,Triveni Glass,,,,,,,
GSTK532315,Groarc Industries India,,,,,,,
GSTK540259,Shangar Decor,,,,,,,
GSTK506906,Saptak Chem & Business,,,,,,,
GSTK523712,JMG Corporation,,,,,,,
GSTK539110,Northlink Fiscal & Capital Services,,,,,,,
GSTK506122,Kairosoft Ai Solutions,,,,,,,
GSTK526504,Dolphin Medical Services,,,,,,,
GSTK522209,Yogi Infra Projects,,,,,,,
GSTK539228,Gala Global Products,,,,,,,
GSTK536672,VCU Data Management,,,,,,,
GSTK538596,Cemantic Infra-Tech,,,,,,,
GSTK526473,Elegant Floriculture & Agrotech (India),,,,,,,
GSTK543927,Asian Warehousing,,,,,,,
GSTK514400,Garware Synthetics,,,,,,,
GSTK522237,Shivagrico Implements,,,,,,,
GSTK503624,Svaraj Trading & Agencies,,,,,,,
GSTK533200,Talwalkars Better Value Fitness,TALWALKARS,,,,,,
GSTK538611,Real Touch Finance,,,,,,,
GSTK513305,Terrascope Ventures,,,,,,,
GSTK538919,Skyline Ventures India,,,,,,,
GSTK513343,Grand Foundry,GFSTEELS,,,,,,
GSTK531441,Lyons Corporate Market,,,,,,,
GSTK531286,Adhata Global Ltd.,,,,,,,
GSTK531680,Mayur Leather Products,,,,,,,
GSTK531198,Dhanada Corporation,,,,,,,
GSTK532972,Sankhya Infotech,,,,,,,
GSTK543247,Net Pix Shorts Digital Media,,,,,,,
GSTK570005,GACM Technologies Ltd. - (DVR),GATECHDVR,,,,,,
GSTK519230,Kisaan Parivar Industries,,,,,,,
GSTK512405,I Power Solutions India,,,,,,,
GSTK540221,Shashank Traders,,,,,,,
GSTK540955,Tasty Dairy Specialities,,,,,,,
GSTK539005,Jayatma Enterprises,,,,,,,
GSTK540174,Southern Infoconsultants,,,,,,,
GSTK524606,Beryl Drugs,,,,,,,
GSTK511760,Seven Hill Industries,,,,,,,
GSTK538874,Nexus Surgical & Medicare,,,,,,,
GSTK530797,Shree Ganesh Elastoplast,,,,,,,
GSTK539090,Rajputana Investment & Finance,,,,,,,
GSTK500277,Mid India Industries,,,,,,,
GSTK531158,Catvision,,,,,,,
GSTK540132,Sabrimala Industries India,,,,,,,
GSTK504397,Ganesh Holdings,,,,,,,
GSTK513488,Shree Steel Wire Ropes,,,,,,,
GSTK517397,Pan Electronics India,,,,,,,
GSTK531210,Colinz Laboratories,,,,,,,
GSTK509760,Modern Shares & Stockbrokers,,,,,,,
GSTK539123,VB Industries,,,,,,,
GSTK526799,Union Quality Plastics,,,,,,,
GSTK538707,Rajasthan Cylinders & Containers,,,,,,,
GSTK531397,Polycon International,,,,,,,
GSTK521161,Sri Lakshmi Saraswathi Textiles (Arni),,,,,,,
GSTK526431,Welterman International,,,,,,,
GSTK538895,Mihika Industries,,,,,,,
GSTK530281,Quantum Digital Vision (India),,,,,,,
GSTK530065,Lords Ishwar Hotels,,,,,,,
GSTK531909,Croissance Ltd,,,,,,,
GSTK538894,Octal Credit Capital,,,,,,,
GSTK539506,Adcon Capital Services,,,,,,,
GSTK539770,Darjeeling Industriies,,,,,,,
GSTK532072,Interworld Digital,,,,,,,
GSTK532744,GTN Textiles,,,,,,,
GSTK530669,Ace Engitech,,,,,,,
GSTK531972,Trident Tools,,,,,,,
GSTK504335,Pazel International,,,,,,,
GSTK543310,Times Green Energy (India),,,,,,,
GSTK531300,Amit International,,,,,,,
GSTK534734,Ram Minerals & Chemicals,,,,,,,
GSTK539410,Muzali Arts,,,,,,,
GSTK542864,Mount Housing & Infrastructure,,,,,,,
GSTK526959,Woodsvilla,,,,,,,
GSTK536868,Integra Telecommunication & Software,,,,,,,
GSTK532078,Monind,,,,,,,
GSTK534422,Looks Health Services,,,,,,,
GSTK500202,India Lease Development,,,,,,,
GSTK531672,Inani Securities,,,,,,,
GSTK511110,VB Desai Financial Services,,,,,,,
GSTK539117,Sujala Trading & Holdings,,,,,,,
GSTK540696,KCD Industries India,,,,,,,
GSTK530429,Ashish Polyplast,,,,,,,
GSTK530295,Shree Rajiv Lochan Oil Extraction,,,,,,,
GSTK531043,Dhanvantri Jeevan Rekha,,,,,,,
GSTK509073,Hathway Bhawani Cabletel & Datacom,,,,,,,
GSTK531878,Anjani Finance,,,,,,,
GSTK531027,Libord Securities,,,,,,,
GSTK514240,Kush Industries,,,,,,,
GSTK530799,Anna Infrastructures,,,,,,,
GSTK531017,Arihant's Securities,,,,,,,
GSTK526113,Uniroyal Marine Exports,,,,,,,
GSTK512618,RLF,,,,,,,
GSTK538770,Crane Infrastructure,,,,,,,
GSTK523519,Universal Office Automation,,,,,,,
GSTK507917,East Buildtech,,,,,,,
GSTK507833,Computer Point,,,,,,,
GSTK531406,ANS Industries,,,,,,,
GSTK526500,Sterling Greenwoods,,,,,,,
GSTK530421,Kuwer Industries,,,,,,,
GSTK523722,Svam Software,,,,,,,
GSTK540914,SRU Steels,,,,,,,
GSTK537840,Raunaq lnternational,,,,,,,
GSTK511688,Mathew Easow Research Securities,,,,,,,
GSTK511122,First Custodian Fund (India),,,,,,,
GSTK503863,Shree Manufacturing Co,,,,,,,
GSTK530809,BNR Udyog,,,,,,,
GSTK531560,Aroma Enterprises (India),,,,,,,
GSTK890155,Texel Industries Ltd. - Partly Paidup (TEXELINPP),,,,,,,
GSTK533176,DQ Entertainment (International),DQE,,,,,,
GSTK538667,Sirohia & Sons,,,,,,,
GSTK537524,Viaan Industries,,,,,,,
GSTK512271,Tashi India,,,,,,,
GSTK538963,Pact Industries,,,,,,,
GSTK531825,RCC Cements,,,,,,,
GSTK543171,RO Jewels,,,,,,,
GSTK524642,Sikozy Realtors,,,,,,,
GSTK507515,CJ Gelatine Products,,,,,,,
GSTK530027,Aadi Industries,,,,,,,
GSTK526441,Vision Cinemas,,,,,,,
GSTK533149,Yunik Managing Advisors,,,,,,,
GSTK521080,Pasari Spinning Mills,,,,,,,
GSTK531578,KMF Builders & Developers,,,,,,,
GSTK524590,Hemo Organic,,,,,,,
GSTK531257,Vellora Impact,,,,,,,
GSTK531338,Milestone Global,,,,,,,
GSTK520121,Arcee Industries,,,,,,,
GSTK531846,Trinity League India,,,,,,,
GSTK514140,Suryavanshi Spinning Mills,,,,,,,
GSTK524624,Gagan Gases,,,,,,,
GSTK513117,Amforge Industries,,,,,,,
GSTK530063,Yashraj Containeurs,,,,,,,
GSTK502271,Raasi Refractories,,,,,,,
GSTK531928,Golden Carpets,,,,,,,
GSTK509449,Bhagawati Oxygen,,,,,,,
GSTK511664,BGIL Films & Technologies,,,,,,,
GSTK539206,Genomic Valley Biotech,,,,,,,
GSTK505797,Mipco Seamless Rings Gujarat,,,,,,,
GSTK539408,Kuber Udyog,,,,,,,
GSTK530187,Atharv Enterprises,,,,,,,
GSTK539014,Kalpa Commercial,,,,,,,
GSTK540189,Unipro Technologies,,,,,,,
GSTK538212,Sharp Investments,,,,,,,
GSTK512443,Ganon Products,,,,,,,
GSTK538081,Haria Apparels,,,,,,,
GSTK526751,Gratex Industries,,,,,,,
GSTK540134,Ishaan Infrastructures & Shelters,,,,,,,
GSTK511507,Ushakiran Finance,,,,,,,
GSTK539621,BCL Enterprises,,,,,,,
GSTK532397,Konndor Industries,,,,,,,
GSTK530177,VK Global Industries,,,,,,,
GSTK539111,Sheshadri Industries,,,,,,,
GSTK530735,Super Bakers,,,,,,,
GSTK531661,Hittco Tools,,,,,,,
GSTK524808,Phyto Chem India,,,,,,,
GSTK531304,Nutech Global,,,,,,,
GSTK517044,International Data Management,,,,,,,
GSTK526588,Photoquip (India),,,,,,,
GSTK531585,Devine Impex,,,,,,,
GSTK511187,Millennium Online Solutions (India),,,,,,,
GSTK539692,Interactive Financial Services,,,,,,,
GSTK507759,Lime Chemicals,,,,,,,
GSTK539197,Devhari Exports (India),,,,,,,
GSTK539525,Navketan Merchants,,,,,,,
GSTK533216,Technofab Engineering,TECHNOFAB,,,,,,
GSTK524764,Nutraplus India,,,,,,,
GSTK530191,Chromatic India,CHROMATIC,,,,,,
GSTK538863,Sri Amarnath Finance,,,,,,,
GSTK539393,Kabra Commercial,,,,,,,
GSTK526683,Univa Foods,UNIVAFOODS,,,,,,
GSTK530611,Sturdy Industries,,,,,,,
GSTK526887,Indo Credit Capital,,,,,,,
GSTK531944,Lexoraa Industries,,,,,,,
GSTK523425,Sunraj Diamond Exports,,,,,,,
GSTK531323,Jayatma Industries,,,,,,,
GSTK539593,Shivansh Finserve,,,,,,,
GSTK532379,First Fintec,,,,,,,
GSTK531221,Mayur Floorings,,,,,,,
GSTK531779,Padmanabh Alloys & Polymers,,,,,,,
GSTK524458,Indo Euro Indchem,,,,,,,
GSTK519262,Prima Agro,,,,,,,
GSTK526143,MPL Plastics,,,,,,,
GSTK530765,Agarwal Fortune India,,,,,,,
GSTK526568,Longview Tea Co,,,,,,,
GSTK511463,Alexander Stamps & Coin,,,,,,,
GSTK530571,Explicit Finance,,,,,,,
GSTK530057,Vivanza Biosciences,,,,,,,
GSTK526468,Euro-Leder Fashion,,,,,,,
GSTK538351,AF Enterprises,,,,,,,
GSTK539449,IGC Industries,,,,,,,
GSTK539032,Fraser & Company,,,,,,,
GSTK532825,Jagjanani Textiles,,,,,,,
GSTK535205,Mystic Electronics,,,,,,,
GSTK524580,Priya,,,,,,,
GSTK531352,Peeti Securities,,,,,,,
GSTK531460,Continental Controls,,,,,,,
GSTK511738,Mehta Securities,,,,,,,
GSTK532041,Hindustan Bio Sciences,,,,,,,
GSTK509835,Premier Synthetics,,,,,,,
GSTK536128,VKJ Infra Developers,,,,,,,
GSTK531486,Filmcity Media,,,,,,,
GSTK519479,Omega AG Seeds Punjab,,,,,,,
GSTK505502,PS IT Infrastructure & Services,,,,,,,
GSTK531463,Global Infratech & Finance,,,,,,,
GSTK531404,Zicom Electronic Security Systems,ZICOM,,,,,,
GSTK539043,BKM Industries,BKMINDST,,,,,,
GSTK541545,Talwalkars Healthclubs,TALWGYM,,,,,,
GSTK531682,Cat Technologies,,,,,,,
GSTK539632,AAR Commercial Co,,,,,,,
GSTK539433,Indo-Global Enterprises,,,,,,,
GSTK512415,Mercury Trade Links,,,,,,,
GSTK513721,MFS Intercorp,,,,,,,
GSTK540081,SAB Events & Governance Now Media,SABEVENTS,,,,,,
GSTK531989,Deccan Polypacks,,,,,,,
GSTK535514,Prime Capital Market,,,,,,,
GSTK538897,Shri Niwas Leasing & Finance,,,,,,,
GSTK539119,Jain Marmo Industries,,,,,,,
GSTK542524,Ambassador Intra Holdings,,,,,,,
GSTK530985,JPT Securities,,,,,,,
GSTK512153,M Lakhamsi Industries,,,,,,,
GSTK531456,Minaxi Textiles,,,,,,,
GSTK519214,Williamson Financial Services,,,,,,,
GSTK524752,Decipher Labs,,,,,,,
GSTK521137,Eureka Industries,,,,,,,
GSTK531671,Karnawati Innovation,,,,,,,
GSTK530173,Oscar Global,,,,,,,
GSTK543500,EVOQ Remedies,,,,,,,
GSTK537707,Laddu Gopal Online Services,,,,,,,
GSTK535910,Money Masters Leasing & Finance,,,,,,,
GSTK541890,Space Incubatrics Technologies,,,,,,,
GSTK530251,Risa International,,,,,,,
GSTK519367,Transglobe Foods,,,,,,,
GSTK511441,Gujarat Credit Corporation,,,,,,,
GSTK530565,Koiya International,,,,,,,
GSTK526859,ISF,,,,,,,
GSTK535204,Mukta Agriculture,,,,,,,
GSTK531314,Integra Capital,,,,,,,
GSTK501311,Jayabharat Credit,,,,,,,
GSTK504378,Nyssa Corporation,,,,,,,
GSTK531991,Amraworld Agrico,,,,,,,
GSTK535657,Objectone Information Systems,,,,,,,
GSTK531681,Amerise Biosciences,,,,,,,
GSTK531155,Epsom Properties,,,,,,,
GSTK530771,KLG Capital Services,,,,,,,
GSTK526187,Ashram Online Com,,,,,,,
GSTK514460,Oswal Yarns,,,,,,,
GSTK512359,Sword-Edge Commercials,,,,,,,
GSTK531432,Systematix Securities,,,,,,,
GSTK534639,Vinayak Polycon International,,,,,,,
GSTK526525,Worldwide Aluminium,,,,,,,
GSTK531913,Castora Agri Commodities,,,,,,,
GSTK530207,Brawn Biotech,,,,,,,
GSTK512604,Haria Exports,,,,,,,
GSTK543289,Kuberan Global Edu Solutions,,,,,,,
GSTK537709,Shree Hanuman Sugar & Industries,,,,,,,
GSTK539406,Swagtam Trading & Services,,,,,,,
GSTK538464,Thirani Projects,,,,,,,
GSTK530271,Rich Universe Network,,,,,,,
GSTK519014,Prashant India,,,,,,,
GSTK507609,Olympic Oil Industries,,,,,,,
GSTK511660,Premium Capital Market & Investment,,,,,,,
GSTK526115,Manor Estates & Industries,,,,,,,
GSTK531272,Nikki Global Finance,,,,,,,
GSTK524628,Parker Agro Chem Exports,,,,,,,
GSTK531083,Nihar Info Global,,,,,,,
GSTK540267,Flora Corporation,,,,,,,
GSTK539662,BFL Asset Finvest,,,,,,,
GSTK536965,B P Capital,,,,,,,
GSTK526689,Fenoplast,,,,,,,
GSTK512487,Remi Elektrotechnik,,,,,,,
GSTK530807,Regaliaa Realty,,,,,,,
GSTK539311,Nishtha Finance and Investment (India),,,,,,,
GSTK533178,Pradip Overseas,PRADIP,,,,,,
GSTK513558,Real Strips,,,,,,,
GSTK517224,Sujana Universal Industries,SUJANAUNI,,,,,,
GSTK511734,Pasupati Fincap,,,,,,,
GSTK539363,Sri Krishna Constructions (India),,,,,,,
GSTK533016,Greenearth Resources & Projects,,,,,,,
GSTK531049,Neelkanth Rock-Minerals,,,,,,,
GSTK539223,Ambition Mica,,,,,,,
GSTK539402,Naksh Precious Metals,,,,,,,
GSTK532378,Universal Arts,,,,,,,
GSTK531433,Sungold Capital,,,,,,,
GSTK512344,Aravali Securities & Finance,,,,,,,
GSTK532113,Brijlaxmi Leasing & Finance,,,,,,,
GSTK526494,Promact Plastics,,,,,,,
GSTK526574,Enterprise International,,,,,,,
GSTK531334,Vikalp Securities,,,,,,,
GSTK531387,Hasti Finance,,,,,,,
GSTK530443,Kiran Syntex,,,,,,,
GSTK539835,Superior Finlease,,,,,,,
GSTK526905,Padmanabh Industries,,,,,,,
GSTK538952,Abhinav Leasing & Finance,,,,,,,
GSTK526439,Ambitious Plastomac Company,,,,,,,
GSTK515127,Ramasigns Industries,,,,,,,
GSTK542765,Transpact Enterprises,,,,,,,
GSTK533110,Shree Precoated Steels,,,,,,,
GSTK543436,Wherrelz IT Solutions,,,,,,,
GSTK532340,Omni AxS Software,,,,,,,
GSTK526877,Siddheswari Garments,,,,,,,
GSTK511451,Dharani Finance,,,,,,,
GSTK503772,Modella Woollens,,,,,,,
GSTK512097,Saianand Commercial,,,,,,,
GSTK500426,UTL Industries,,,,,,,
GSTK530931,Stanpacks India,,,,,,,
GSTK538993,Purohit Construction,,,,,,,
GSTK514378,Yarn Syndicate,,,,,,,
GSTK516020,Agio Paper & Industries,,,,,,,
GSTK542923,Tranway21 Technologies,,,,,,,
GSTK519174,Ashiana Agro Industries,,,,,,,
GSTK531515,Mahan Industries,,,,,,,
GSTK526883,Shikhar Consultants,,,,,,,
GSTK531794,Seshachal Technologies Limited,,,,,,,
GSTK543269,Adjia Technologies,,,,,,,
GSTK539982,Advance Syntex,,,,,,,
GSTK540515,Kanungo Financiers,,,,,,,
GSTK503675,Wagend Infra Venture,,,,,,,
GSTK521054,Kakatiya Textiles,,,,,,,
GSTK531051,Vintage Securities,,,,,,,
GSTK526839,Shelter Infra Projects,,,,,,,
GSTK526133,Supertex Industries,,,,,,,
GSTK526813,Raghunath International,,,,,,,
GSTK538569,Triveni Enterprises,,,,,,,
GSTK534190,Olympic Cards,,,,,,,
GSTK542176,Aryan Share & Stock Brokers,,,,,,,
GSTK509038,Voltaire Leasing & Finance,,,,,,,
GSTK539596,Delta Industrial Resources,,,,,,,
GSTK531288,Lead Financial Services,,,,,,,
GSTK531496,Omkar Overseas,,,,,,,
GSTK539278,Symbiox Investment & Trading Co,,,,,,,
GSTK512481,Polytex India,,,,,,,
GSTK540211,Sparkling (India) Finshares,,,,,,,
GSTK526538,Maximaa Systems,,,,,,,
GSTK531429,Adharshila Capital,,,,,,,
GSTK542641,Cox & Kings Financial Service,CKFSL,,,,,,
GSTK538019,Oceanaa Biotek Industries,,,,,,,
GSTK526707,Alchemist,ALCHEM,,,,,,
GSTK539833,Shivom Investment & Consultancy,,,,,,,
GSTK543222,Trekkingtoescom,,,,,,,
GSTK532441,Rainbow Denim,,,,,,,
GSTK505032,Automobile Products Of India Ltd.,,,,,,,
GSTK530777,Infra Industries,,,,,,,
GSTK535694,Edynamics Solutions,,,,,,,
GSTK517548,Starlite Components,,,,,,,
GSTK531881,Gujarat Metallic Coal & Coke,,,,,,,
GSTK507530,Thakkers Group,,,,,,,
GSTK539800,CHD Chemicals,,,,,,,
GSTK542377,AAR Shyam India Investment Co,,,,,,,
GSTK531465,Nouveau Global Ventures,,,,,,,
GSTK531370,Sparc Electrex,,,,,,,
GSTK540159,Purple Agrotech Industries,,,,,,,
GSTK521188,United Textiles,,,,,,,
GSTK531812,SGN Telecoms,,,,,,,
GSTK538465,Amarnath Securities,,,,,,,
GSTK531444,Vardhman Concrete,,,,,,,
GSTK530663,Goyal Associates,,,,,,,
GSTK530439,Siddha Ventures,,,,,,,
GSTK530581,Ekam Leasing & Finance Co,,,,,,,
GSTK511728,KZ Leasing & Finance,,,,,,,
GSTK539096,Aananda Lakshmi Spinning Mills,,,,,,,
GSTK531283,Cindrella Financial Services,,,,,,,
GSTK530755,Coral Newsprints,,,,,,,
GSTK531668,Vision Corporation,,,,,,,
GSTK539544,Abhishek Infraventures,,,,,,,
GSTK511401,Munoth Communication,,,,,,,
GSTK526865,Jainco Projects (India),,,,,,,
GSTK526225,Bloom Dekor,,,,,,,
GSTK504356,Multipurpose Trading and Agencies,,,,,,,
GSTK539495,Rajkot Investment Trust,,,,,,,
GSTK531867,Unitech International,,,,,,,
GSTK539405,Decorous Investment & Trading Co,,,,,,,
GSTK523113,Futuristic Securities,,,,,,,
GSTK501144,People's Investment,,,,,,,
GSTK517399,VXL Instruments,,,,,,,
GSTK506543,MP Agro Industries,,,,,,,
GSTK513513,Aditya Ispat,,,,,,,
GSTK504369,Grandma Trading & Agencies,,,,,,,
GSTK530889,Audroc,,,,,,,
GSTK539200,Noble Polymers Ltd.,,,,,,,
GSTK531420,BMB Music & Magnetics,,,,,,,
GSTK538542,Goldcoin Health Foods,,,,,,,
GSTK537092,Modex International Securities,,,,,,,
GSTK511706,Action Financial Services (India),,,,,,,
GSTK531336,Auroma Coke,,,,,,,
GSTK538541,Inceptum Enterprises,,,,,,,
GSTK539114,Hind Securities and Credits Ltd,,,,,,,
GSTK532166,Alka Securities,,,,,,,
GSTK521182,Seasons Furnishings,,,,,,,
GSTK543366,SBL Infratech,,,,,,,
GSTK516086,Shree Rajeshwaranand Paper Mills,,,,,,,
GSTK507894,Schablona India,,,,,,,
GSTK533109,Euro Multivision,EUROMULTI,,,,,,
GSTK533204,GB Global,GBGLOBAL,,,,,,
GSTK531206,Kwality Credit & Leasing,,,,,,,
GSTK539962,Quest Financial Services,,,,,,,
GSTK539637,Blueblood Ventures,,,,,,,
GSTK523164,SIP Industries,,,,,,,
GSTK511149,Remi Securities,,,,,,,
GSTK534731,Bronze Infra-Tech,,,,,,,
GSTK517403,Sun Source (India),,,,,,,
GSTK531621,Centerac Technologies,,,,,,,
GSTK542117,Netripples Software,,,,,,,
GSTK505711,Gajra Bevel Gears,,,,,,,
GSTK532083,Shri Kalyan Holdings,,,,,,,
GSTK537838,Negotium International Trade,,,,,,,
GSTK540385,KD Leisures,,,,,,,
GSTK538423,Alps Motor Finance,,,,,,,
GSTK539434,Brilliant Portfolios,,,,,,,
GSTK539383,Mahaveer Infoway,,,,,,,
GSTK532766,Richa Industries,,,,,,,
GSTK532350,Padmalaya Telefilms,PADMALAYAT,,,,,,
GSTK531458,Boston Commerce,,,,,,,
GSTK524504,Revati Media Ltd.,,,,,,,
GSTK501945,Dhenu Buildcon Infra,,,,,,,
GSTK530915,J R Foods,,,,,,,
GSTK502850,Gaekwar Mills,,,,,,,
GSTK541627,Gujarat Winding Systems,,,,,,,
GSTK539910,Kome-on Communication,,,,,,,
GSTK531692,Khyati Multimedia Entertainment,,,,,,,
GSTK531686,MPS Pharmaa,,,,,,,
GSTK514144,Uniworth,WOOLWORTH,,,,,,
GSTK540108,Tiaan Consumer,,,,,,,
GSTK531039,Swadha Nature,,,,,,,
GSTK532354,Virgo Global,,,,,,,
GSTK531568,Tridev Infraestates,,,,,,,
GSTK526967,Heera Ispat,,,,,,,
GSTK514414,Oxford Industries,,,,,,,
GSTK533268,Sea TV Network,,,,,,,
GSTK539486,Geetanjali Credit & Capital,,,,,,,
GSTK531716,Tricom Fruit Products,,,,,,,
GSTK530733,Encode Packaging India,,,,,,,
GSTK538733,Starlit Power Systems,,,,,,,
GSTK531775,Cistro Telelink,,,,,,,
GSTK532303,Integrated Hitech,,,,,,,
GSTK522171,TMT (India),,,,,,,
GSTK532444,T Spiritual World,,,,,,,
GSTK513397,Vallabh Steels,,,,,,,
GSTK513309,Golkonda Aluminium Extrusions,,,,,,,
GSTK530795,Suncity Synthetics,,,,,,,
GSTK530547,Ken Financial Services,,,,,,,
GSTK533019,Simplex Papers,,,,,,,
GSTK531925,SHANTANU SHEOREY AQUAKULT LTD.,,,,,,,
GSTK531396,Pagaria Energy,,,,,,,
GSTK500248,Krishna Filament Industries,,,,,,,
GSTK531929,Innocorp,,,,,,,
GSTK511585,Regency Trust,,,,,,,
GSTK532645,Beeyu Overseas,,,,,,,
GSTK513452,Elango Industries,,,,,,,
GSTK542206,Nivaka Fashions,,,,,,,
GSTK513687,Spectra Industries,,,,,,,
GSTK526195,Neogem India,,,,,,,
GSTK508306,Ledo Tea Company,,,,,,,
GSTK538432,Divinus Fabrics,,,,,,,
GSTK532038,Emmsons International,,,,,,,
GSTK511064,Aplaya Creations,,,,,,,
GSTK504673,Universal Prime Aluminium,,,,,,,
GSTK506313,Sashwat Technocrats,,,,,,,
GSTK539009,GBL Industries,,,,,,,
GSTK531904,Globus Corporation,KARUNACAB,,,,,,
GSTK511632,Olympic Management & Financial Services,,,,,,,
GSTK531648,Mahavir Industries,,,,,,,
GSTK541999,Genera Agri Corp,,,,,,,
GSTK531343,India Infraspace,,,,,,,
GSTK523209,Nicco Uco Alliance Credit,,,,,,,
GSTK512221,SPV Global Trading,,,,,,,
GSTK506027,Bhoruka Aluminium,,,,,,,
GSTK539819,Mudra Financial Services,,,,,,,
GSTK532307,Melstar Information Technologies,MELSTAR,,,,,,
GSTK512279,N2N Technologies,,,,,,,
GSTK513039,Hindusthan Udyog,,,,,,,
GSTK526737,Corporate Courier & Cargo,,,,,,,
GSTK513515,SR Industries,,,,,,,
GSTK531252,Aneri Fincap,,,,,,,
GSTK532403,Fourth Generation Information Systems,,,,,,,
GSTK501630,Anand Projects,,,,,,,
GSTK532139,G-Tech Info Training,,,,,,,
GSTK524031,Patidar Buildcon,,,,,,,
GSTK517463,Linaks Micro Electronics,,,,,,,
GSTK526823,Rajeswari Infrastructure,,,,,,,
GSTK539266,Concrete Credit,,,,,,,
GSTK539911,Svarnim Trade Udyog,,,,,,,
GSTK505520,HEM Holdings & Trading,,,,,,,
GSTK531769,PFL Infotech,,,,,,,
GSTK519279,Madhur Industries,,,,,,,
GSTK531327,Charms Industries,,,,,,,
GSTK531207,Cresanto Global,,,,,,,
GSTK508860,Diamant Infrastructure,,,,,,,
GSTK538557,Sai Baba Investment and Commercial Enterprises,,,,,,,
GSTK513291,Primuss Pipes & Tubes,,,,,,,
GSTK504375,IDream Film Infrastructure Company,,,,,,,
GSTK540024,Ashari Agencies,,,,,,,
GSTK538653,Ejecta Marketing,,,,,,,
GSTK530783,Trans Asia Corporation,,,,,,,
GSTK519319,Jatalia Global Ventures,,,,,,,
GSTK511640,Sanghi Corporate Services,,,,,,,
GSTK530699,Raj Rayon Industries,RAJRAYON,,,,,,
GSTK530403,Vallabh Poly-Plast International,,,,,,,
GSTK511597,Palsoft Infosystems,,,,,,,
GSTK538652,Hind Commerce,,,,,,,
GSTK507886,Dhruv Estates,,,,,,,
GSTK531447,Rockon Enterprises Ltd,,,,,,,
GSTK538433,Classic Global Finance & Capital,,,,,,,
GSTK511254,Sagar Systech,,,,,,,
GSTK540253,Shree Nidhi Trading Co,,,,,,,
GSTK531196,Gagan Polycot India,,,,,,,
GSTK536751,Five X Tradecom,,,,,,,
GSTK534707,Aditri Gems & Jewels Industries,,,,,,,
GSTK506190,Sarvamangal Marcantile Company,,,,,,,
GSTK512341,CES,,,,,,,
GSTK511367,Meglon infra-Real (India),,,,,,,
GSTK540697,A & M Febcon,,,,,,,
GSTK507663,Signature Green Corporation,,,,,,,
GSTK512091,Global Defence Industries,,,,,,,
GSTK532336,Baron Infotech,,,,,,,
GSTK531499,Sybly Industries,,,,,,,
GSTK505100,India Radiators,,,,,,,
GSTK531597,Midland Polymers,,,,,,,
GSTK509917,Technojet Consultants,,,,,,,
GSTK517230,Aurique,,,,,,,
GSTK530859,Cosboard Industries,,,,,,,
GSTK504360,Remi Sales and Engineering,,,,,,,
GSTK505506,Axon Ventures Ltd,,,,,,,
GSTK538575,Solis Marketing,,,,,,,
GSTK534757,Focus Industrial Resources,,,,,,,
GSTK512105,Proaim Enterprises Ltd,,,,,,,
GSTK523415,Coventry Coil-O-Matic (Haryana),,,,,,,
GSTK511276,Vishvas Projects,,,,,,,
GSTK513359,Parab Infra,,,,,,,
GSTK500151,Golden Tobacco,GOLDENTOBC,,,,,,
GSTK543522,Nanavati Ventures,,,,,,,
GSTK543536,Silver Pearl Hospitality & Luxury Spaces,,,,,,,
GSTK531738,Silicon Valley Infotech,,,,,,,
GSTK539169,Funny Software,,,,,,,
GSTK509003,Megh Mayur Infra,,,,,,,
GSTK512431,Whitehall Commercial Company,,,,,,,
GSTK506867,Master Chemicals,,,,,,,
GSTK504365,Ridhi Synthetics,,,,,,,
GSTK501270,Antariksh Industries,,,,,,,
GSTK512511,Varun Mercantile,,,,,,,
GSTK501110,Sunrise Industrial Traders,,,,,,,
GSTK501111,Gold Rock Investments,,,,,,,
GSTK509870,Shaw Construction,,,,,,,
GSTK512197,Silveroak Commercials,,,,,,,
GSTK503671,Unijolly Investments Company,,,,,,,
GSTK509650,Hindustan Housing Company,,,,,,,
GSTK512377,Magnanimous Trade & Finance,,,,,,,
GSTK501386,E & E Enterprises,,,,,,,
GSTK544101,Brisk Technovision,,,,,,,
GSTK526009,Procal Electronics India,,,,,,,
GSTK508963,Trustwave Securities,,,,,,,
GSTK532470,MPF Systems,,,,,,,
GSTK506042,Prabhu Steel Industries,,,,,,,
GSTK511038,Arco Leasing,,,,,,,
GSTK506196,Viksit Engineering,,,,,,,
GSTK523315,Purity Flexpack,,,,,,,
