ISIN,StockID,Company,ShortName,BSE Code,NSE Code,Year High,Year Low,Close Price,Market Cap,LTP,Open,High,Low,Day Change,% Change,Volume
INE002A01018,GSTK500325,Reliance Industries,Reliance Industries,500325,RELIANCE
INE397D01024,GSTK532454,Bharti Airtel,Bharti Airtel,532454,BHARTIARTL
INE040A01034,GSTK500180,HDFC Bank,HDFC Bank,500180,HDFCBANK
INE090A01021,GSTK532174,ICICI Bank,ICICI Bank,532174,ICICIBANK
INE062A01020,GSTK500112,State Bank of India,SBI,500112,SBIN
INE467B01029,GSTK532540,Tata Consultancy Services,TCS,532540,TCS
INE296A01032,GSTK500034,Bajaj Finance,Bajaj Finance,500034,BAJFINANCE
INE018A01030,GSTK500510,Larsen & Toubro,L&T,500510,LT
INE0J1Y01017,GSTK543526,Life Insurance Corporation of India Ltd.,LIC,543526,LICI
INE030A01027,GSTK500696,Hindustan Unilever,Hindustan Unilever,500696,HINDUNILVR
INE044A01036,GSTK524715,Sun Pharmaceutical Industries,Sun Pharma Inds.,524715,SUNPHARMA
INE009A01021,GSTK500209,Infosys,Infosys,500209,INFY
INE585B01010,GSTK532500,Maruti Suzuki India,Maruti Suzuki,532500,MARUTI
INE280A01028,GSTK500114,Titan Company,Titan Co,500114,TITAN
INE101A01026,GSTK500520,Mahindra & Mahindra,Mahindra & Mahindra,500520,M&M
INE814H01029,GSTK533096,Adani Power,Adani Power,533096,ADANIPOWER
INE423A01024,GSTK512599,Adani Enterprises,Adani Enterprises,512599,ADANIENT
INE742F01042,GSTK532921,Adani Ports and Special Economic Zone,Adani Ports &Special,532921,ADANIPORTS
INE237A01036,GSTK500247,Kotak Mahindra Bank,Kotak Mahindra Bank,500247,KOTAKBANK
INE238A01034,GSTK532215,Axis Bank,Axis Bank,532215,AXISBANK
INE860A01027,GSTK532281,HCL Technologies,HCL Tech.,532281,HCLTECH
INE154A01025,GSTK500875,ITC,ITC,500875,ITC
INE481G01011,GSTK532538,UltraTech Cement,UltraTech Cement,532538,ULTRACEMCO
INE733E01010,GSTK532555,NTPC,NTPC,532555,NTPC
INE918I01026,GSTK532978,Bajaj Finserv,Bajaj Finserv,532978,BAJAJFINSV
INE917I01010,GSTK532977,Bajaj Auto,Bajaj Auto,532977,BAJAJ-AUTO
INE066F01020,GSTK541154,Hindustan Aeronautics,HAL,541154,HAL
INE019A01038,GSTK500228,JSW Steel,JSW Steel,500228,JSWSTEEL
INE213A01029,GSTK500312,Oil & Natural Gas Corporation,ONGC,500312,ONGC
INE758T01015,GSTK543320,Eternal (Zomato),Eternal (Zomato),543320,ETERNAL
INE239A01024,GSTK500790,Nestle India,Nestle,500790,NESTLEIND
INE263A01024,GSTK500049,Bharat Electronics,Bharat Electronics,500049,BEL
INE752E01010,GSTK532898,Power Grid Corporation of India,Power Grid Corp,532898,POWERGRID
INE021A01026,GSTK500820,Asian Paints,Asian Paints,500820,ASIANPAINT
INE192R01011,GSTK540376,Avenue Supermarts,Avenue Supermarts,540376,DMART
INE522F01014,GSTK533278,Coal India,Coal India,533278,COALINDIA
INE721A01047,GSTK511218,Shriram Finance,Shriram Finance,511218,SHRIRAMFIN
INE081A01020,GSTK500470,Tata Steel,Tata Steel,500470,TATASTEEL
INE267A01025,GSTK500188,Hindustan Zinc,Hindustan Zinc,500188,HINDZINC
INE364U01010,GSTK541450,Adani Green Energy,Adani Green Energy,541450,ADANIGREEN
INE038A01020,GSTK500440,Hindalco Industries,Hindalco,500440,HINDALCO
INE066A01021,GSTK505200,Eicher Motors,Eicher Motors,505200,EICHERMOT
INE361B01024,GSTK532488,Divi's Laboratories,Divi's Labs,532488,DIVISLAB
INE047A01021,GSTK500300,Grasim Industries,Grasim Industries,500300,GRASIM
INE494B01023,GSTK532343,TVS Motor Company,TVS Motor Company,532343,TVSMOTOR
INE646L01027,GSTK539448,Interglobe Aviation,Interglobe Aviation,539448,INDIGO
INE931S01010,GSTK539254,Adani Energy Solutions,Adani Energy Solut.,539254,ADANIENSOL
INE242A01010,GSTK530965,Indian Oil Corporation,IOCL,530965,IOC
INE685A01028,GSTK500420,Torrent Pharmaceuticals,Torrent Pharma,500420,TORNTPHARM
INE123W01016,GSTK540719,SBI Life Insurance Company,SBI Life Insurance,540719,SBILIFE
INE075A01022,GSTK507685,Wipro,Wipro,507685,WIPRO
INE1CDF01017,GSTK544780,Vedanta Aluminium Metal,Vedanta Alumin Metal,544780,VAML
INE0V6F01027,GSTK544274,Hyundai Motor India,Hyundai Motor India,544274,HYUNDAI
INE758E01017,GSTK543940,JIO Financial Services,JIO Financial Serv.,543940,JIOFIN
INE343H01029,GSTK532725,Solar Industries India,Solar Industries,532725,SOLARINDS
INE318A01026,GSTK500331,Pidilite Industries,Pidilite Industries,500331,PIDILITIND
INE271C01023,GSTK532868,DLF,DLF,532868,DLF
INE669C01036,GSTK532755,Tech Mahindra,Tech Mahindra,532755,TECHM
INE1TAE01010,GSTK544569,Tata Motors Commercial Vehicles,Tata Motors Commercial,544569,TMCV
INE849A01020,GSTK500251,Trent,Trent,500251,TRENT
INE775A01035,GSTK517334,Samvardhana Motherson International,Samvardhana Motherson,517334,MOTHERSON
INE121A01024,GSTK511243,Cholamandalam Investment & Finance Company,Cholamandalam Invest,511243,CHOLAFIN
INE976I01016,GSTK544574,Tata Capital,Tata Capital,544574,TATACAP
INE117A01022,GSTK500002,ABB India,ABB India,500002,ABB
INE346A01027,GSTK544658,ICICI Prudential Asset Management Company,ICICI Prud.Asset Man,544658,ICICIAMC
INE298A01020,GSTK500480,Cummins India,Cummins India,500480,CUMMINSIND
INE200M01039,GSTK540180,Varun Beverages,Varun Beverages,540180,VBL
INE07Y701011,GSTK543187,Hitachi Energy India,Hitachi Energy,543187,POWERINDIA
INE257A01026,GSTK500103,Bharat Heavy Electricals,BHEL,500103,BHEL
INE669E01016,GSTK532822,Vodafone Idea,Vodafone Idea,532822,IDEA
INE134E01011,GSTK532810,Power Finance Corporation,Power Finance Corp,532810,PFC
INE029A01011,GSTK500547,Bharat Petroleum Corporation,BPCL,500547,BPCL
INE455K01017,GSTK542652,Polycab India,Polycab India,542652,POLYCAB
INE067A01029,GSTK500093,CG Power & Industrial Solutions,CG Power & Inds,500093,CGPOWER
INE003A01024,GSTK500550,Siemens,Siemens,500550,SIEMENS
INE692A01016,GSTK532477,Union Bank of India,Union Bank of India,532477,UNIONBANK
INE216A01030,GSTK500825,Britannia Industries,Britannia Industries,500825,BRITANNIA
INE160A01022,GSTK532461,Punjab National Bank,PNB,532461,PNB
INE214T01019,GSTK540005,LTM,LTM,540005,LTM
INE437A01024,GSTK508869,Apollo Hospitals Enterprise,Apollo Hospitals,508869,APOLLOHOSP
INE118A01012,GSTK500490,Bajaj Holdings & Investment,Bajaj Hold & Invest,500490,BAJAJHLDNG
INE028A01039,GSTK532134,Bank of Baroda,Bank of Baroda,532134,BANKBARODA
INE414G01012,GSTK533398,Muthoot Finance,Muthoot Finance,533398,MUTHOOTFIN
INE155A01022,GSTK500570,Tata Motors Passenger Vehicles,Tata Motors Passenger,500570,TMPV
INE670K01029,GSTK543287,Lodha Developers,Lodha Developers,543287,LODHA
INE0HOQ01053,GSTK544603,Groww (Billionbrains Garage Ventures),Groww,544603,GROWW
INE245A01021,GSTK500400,Tata Power Company,Tata Power,500400,TATAPOWER
INE323A01026,GSTK500530,Bosch,Bosch,500530,BOSCHLTD
INE129A01019,GSTK532155,GAIL (India),GAIL (India),532155,GAIL
INE795G01014,GSTK540777,HDFC Life Insurance Company,HDFC Life Insurance,540777,HDFCLIFE
INE059A01026,GSTK500087,Cipla,Cipla,500087,CIPLA
INE053F01010,GSTK543257,Indian Railway Finance Corp,IRFC,543257,IRFC
INE1NPP01017,GSTK544390,Siemens Energy India,Siemens Energy India,544390,ENRIN
INE281B01032,GSTK512455,Lloyds Metals & Energy,Lloyds Metals,512455,LLOYDSME
INE476A01022,GSTK532483,Canara Bank,Canara Bank,532483,CANBK
INE196A01026,GSTK531642,Marico,Marico,531642,MARICO
INE562A01011,GSTK532814,Indian Bank,Indian Bank,532814,INDIANB
INE749A01030,GSTK532286,Jindal Steel,Jindal Steel,532286,JINDALSTEL
INE010B01027,GSTK532321,Zydus Lifesciences,Zydus,532321,ZYDUSLIFE
INE127D01025,GSTK541729,HDFC Asset Management Company,HDFC Asset Mgmt Co,541729,HDFCAMC
INE776C01039,GSTK532754,GMR Airports,GMR Airports,532754,GMRAIRPORT
INE674K01013,GSTK540691,Aditya Birla Capital,Aditya Birla Cap,540691,ABCAPITAL
INE200A01026,GSTK522275,GE Vernova T&D India,GE Vernova T&D India,522275,GVT&D
INE326A01037,GSTK500257,Lupin,Lupin,500257,LUPIN
INE854D01024,GSTK532432,United Spirits,United Spirits,532432,UNITDSPR
INE102D01028,GSTK532424,Godrej Consumer Products,Godrej Consumer,532424,GODREJCP
INE158A01026,GSTK500182,Hero MotoCorp,Hero MotoCorp,500182,HEROMOTOCO
INE079A01024,GSTK500425,Ambuja Cements,Ambuja Cement,500425,AMBUJACEM
INE192A01025,GSTK500800,Tata Consumer Products,Tata Consumer Produc,500800,TATACONSUM
INE027H01010,GSTK543220,Max Healthcare Institute,Max Healthcare,543220,MAXHEALTH
INE465A01025,GSTK500493,Bharat Forge,Bharat Forge,500493,BHARATFORG
INE053A01029,GSTK500850,The Indian Hotels Company,Indian Hotel,500850,INDHOTEL
INE205A01025,GSTK500295,Vedanta,Vedanta,500295,VEDL
INE121J01017,GSTK534816,Indus Towers,Indus Towers,534816,INDUSTOWER
INE634S01028,GSTK543904,Mankind Pharma,Mankind Pharma,543904,MANKIND
INE121E01018,GSTK533148,JSW Energy,JSW Energy,533148,JSWENERGY
INE324D01010,GSTK544576,LG Electronics India,LG Electronics India,544576,LGEINDIA
INE020B01018,GSTK532955,REC Limited,RECL,532955,RECLTD
INE947Q01028,GSTK540222,Laurus Labs,Laurus Labs,540222,LAURUSLABS
INE956O01016,GSTK544600,Lenskart Solutions,Lenskart Solutions,544600,LENSKART
INE208A01029,GSTK500477,Ashok Leyland,Ashok Leyland,500477,ASHOKLEY
INE881D01027,GSTK532466,Oracle Financial Services Software,Oracle Finl. Service,532466,OFSS
INE249Z01020,GSTK543237,Mazagon Dock Shipbuilders,Mazagon Dock Ship,543237,MAZDOCK
INE089A01031,GSTK500124,Dr Reddy's Laboratories,Dr Reddy's Labs,500124,DRREDDY
INE388Y01029,GSTK543384,Nykaa - FSN E-Commerce Ventures Ltd.,Nykaa,543384,NYKAA
INE070A01015,GSTK500387,Shree Cement,Shree Cement,500387,SHREECEM
INE406A01037,GSTK524804,Aurobindo Pharma,Aurobindo Pharma,524804,AUROPHARMA
INE008A01015,GSTK500116,IDBI Bank,IDBI Bank,500116,IDBI
INE171A01029,GSTK500469,Federal Bank,The Federal Bank,500469,FEDERALBNK
INE262H01021,GSTK533179,Persistent Systems,Persistent Systems,533179,PERSISTENT
INE935N01020,GSTK540699,Dixon Technologies (India),Dixon Technologies,540699,DIXON
INE982J01020,GSTK543396,Paytm - One97 Communications Ltd,Paytm,543396,PAYTM
INE0VDM01015,GSTK544632,Meesho,Meesho,544632,MEESHO
INE094A01015,GSTK500104,Hindustan Petroleum Corporation,HPCL,500104,HINDPETRO
INE765G01017,GSTK540716,ICICI Lombard General Insurance Company,ICICI Lombard Gen.,540716,ICICIGI
INE343G01021,GSTK544162,Bharti Hexacom,Bharti Hexacom,544162,BHARTIHEXA
INE663F01032,GSTK532777,Info Edge (India),Info Edge (India),532777,NAUKRI
INE176B01034,GSTK517354,Havells India,Havells India,517354,HAVELLS
INE848E01016,GSTK533098,NHPC,NHPC,533098,NHPC
INE095A01012,GSTK532187,IndusInd Bank,IndusInd Bank,532187,INDUSINDBK
INE00H001014,GSTK544285,Swiggy,Swiggy,544285,SWIGGY
INE949L01017,GSTK540611,AU Small Finance Bank,AU Small Fin. Bank,540611,AUBANK
INE498L01015,GSTK533519,L&T Finance,L&T Finance,533519,LTF
INE647A01010,GSTK503806,SRF,SRF,503806,SRF
INE377N01017,GSTK544277,Waaree Energies,Waaree Energies,544277,WAAREEENER
INE591G01025,GSTK532541,Coforge,Coforge,532541,COFORGE
INE0ONG01011,GSTK544289,NTPC Green Energy,NTPC Green Energy,544289,NTPCGREEN
INE584A01023,GSTK526371,NMDC,NMDC,526371,NMDC
INE726G01019,GSTK540133,ICICI Prudential Life Insurance Company,ICICI Prudential,540133,ICICIPRULI
INE016A01026,GSTK500096,Dabur India,Dabur India,500096,DABUR
INE274J01014,GSTK533106,Oil India,Oil India,533106,OIL
INE298J01013,GSTK540767,Nippon Life India Asset Management,Nippon Life India AMC,540767,NAM-INDIA
INE417T01026,GSTK543390,PolicyBazaar - PB Fintech Ltd.,PolicyBazaar,543390,POLICYBZR
INE092T01019,GSTK539437,IDFC First Bank,IDFC First Bank,539437,IDFCFIRSTB
INE880J01026,GSTK543994,JSW Infrastructure,JSW Infrastructure,543994,JSWINFRA
INE377Y01014,GSTK544252,Bajaj Housing Finance,Bajaj Housing Financ,544252,BAJAJHFL
INE399L01023,GSTK542066,Adani Total Gas,Adani Total Gas,542066,ATGL
INE914M01019,GSTK540975,Aster DM Quality Care,Aster DM Quality,540975,ASTERDM
INE528G01035,GSTK532648,Yes Bank,Yes Bank,532648,YESBANK
INE061F01013,GSTK532843,Fortis Healthcare,Fortis Healthcare,532843,FORTIS
INE813H01021,GSTK532779,Torrent Power,Torrent Power,532779,TORNTPOWER
INE114A01011,GSTK500113,Steel Authority of India,SAIL,500113,SAIL
INE811K01011,GSTK533274,Prestige Estates Projects,Prestige Estates,533274,PRESTIGE
INE376G01013,GSTK532523,Biocon,Biocon,532523,BIOCON
INE540L01014,GSTK539523,Alkem Laboratories,Alkem Laboratories,539523,ALKEM
INE745G01043,GSTK534091,Multi Commodity Exchange of India,MCX,534091,MCX
INE405E01023,GSTK532539,UNO Minda,UNO Minda,532539,UNOMINDA
INE211B01039,GSTK503100,Phoenix Mills,Phoenix Mills,503100,PHOENIXLTD
INE093I01010,GSTK533273,Oberoi Realty,Oberoi Realty,533273,OBEROIRLTY
INE040H01021,GSTK532667,Suzlon Energy,Suzlon Energy,532667,SUZLON
INE565A01014,GSTK532388,Indian Overseas Bank,Indian Overseas Bank,532388,IOB
INE139A01034,GSTK532234,National Aluminium Co,NALCO,532234,NATIONALUM
INE513A01022,GSTK505790,Schaeffler India,Schaeffler India,505790,SCHAEFFLER
INE484J01027,GSTK533150,Godrej Properties,Godrej Properties,533150,GODREJPROP
INE303R01014,GSTK543278,Kalyan Jewellers India,Kalyan Jewellers,543278,KALYANKJIL
INE935A01035,GSTK532296,Glenmark Pharmaceuticals,Glenmark Pharma,532296,GLENMARK
INE018E01016,GSTK543066,SBI Cards And Payment Services,SBI Cards And Payment,543066,SBICARD
INE084A01016,GSTK532149,Bank Of India,Bank Of India,532149,BANKINDIA
INE481Y01014,GSTK540755,General Insurance Corporation of India,General Insurance,540755,GICRE
INE169A01031,GSTK506395,Coromandel International,Coromandel Intl,506395,COROMANDEL
INE457A01014,GSTK532525,Bank of Maharashtra,Bank of Maharashtra,532525,MAHABANK
INE463A01038,GSTK509480,Berger Paints India,Berger Paints India,509480,BERGEPAINT
INE220G01021,GSTK532508,Jindal Stainless,Jindal Stainless,532508,JSL
INE358A01014,GSTK500488,Abbott India,Abbott India,500488,ABBOTINDIA
INE944F01028,GSTK532497,Radico Khaitan,Radico Khaitan,532497,RADICO
INE976G01028,GSTK540065,RBL Bank,RBL Bank,540065,RBLBANK
INE372A01015,GSTK532259,Apar Industries,Apar Industries,532259,APARINDS
INE473A01011,GSTK523457,Linde India,Linde India,523457,LINDEINDIA
INE756I01012,GSTK544429,HDB Financial Services,HDB Financial Services,544429,HDBFS
INE018I01017,GSTK532819,MindTree,MindTree,532819,MINDTREE
INE259A01022,GSTK500830,Colgate-Palmolive (India),Colgate-Palmolive,500830,COLPAL
INE883A01011,GSTK500290,MRF,MRF,500290,MRF
INE774D01024,GSTK532720,Mahindra & Mahindra Financial Services,Mah & Mah Finl. Serv,532720,M&MFIN
INE188A01015,GSTK590024,Fertilisers & Chemicals Travancore,Fert & Chem Travan,590024,FACT
INE974X01010,GSTK540762,Tube Investments of India,Tube Investments,540762,TIINDIA
INE660A01013,GSTK590071,Sundaram Finance,Sundaram Finance,590071,SUNDARMFIN
INE180A01020,GSTK500271,Max Financial Services,Max Fin Services,500271,MFSL
INE152A01029,GSTK500411,Thermax,Thermax,500411,THERMAX
INE338I01027,GSTK532892,Motilal Oswal Financial Services,MO Financial,532892,MOTILALOFS
INE628A01036,GSTK512070,UPL,UPL,512070,UPL
INE702C01027,GSTK533758,APL Apollo Tubes,APL Apollo Tubes,533758,APLAPOLLO
INE0LEZ01016,GSTK544397,Ather Energy,Ather Energy,544397,ATHERENERG
INE01EA01019,GSTK544307,Vishal Mega Mart,Vishal Mega Mart,544307,VMM
INE151A01013,GSTK500483,Tata Communications,Tata Communications,500483,TATACOMM
INE09N301011,GSTK542812,Gujarat Fluorochemicals,Gujarat Fluorochem,542812,FLUOROCHEM
INE073K01018,GSTK543300,Sona BLW Precision Forgings,Sona BLW Precision,543300,SONACOMS
INE787D01026,GSTK502355,Balkrishna Industries,Balkrishna Inds.,502355,BALKRISIND
INE878B01027,GSTK517569,KEI Industries,KEI Industries,517569,KEI
INE531E01026,GSTK513599,Hindustan Copper,Hindustan Copper,513599,HINDCOPPER
INE415G01027,GSTK542649,Rail Vikas Nigam,Rail Vikas Nigam,542649,RVNL
INE202B01038,GSTK544597,Piramal Finance Ltd.,Piramal Finance,544597,PIRAMALFIN
INE0BS701011,GSTK544238,Premier Energies,Premier Energies,544238,PREMIERENE
INE466L01038,GSTK542772,360 One Wam,360 One Wam,542772,360ONE
INE171Z01026,GSTK541143,Bharat Dynamics,Bharat Dynamics,541143,BDL
INE206F01022,GSTK539177,Authum Investment & Infrastructure,Authum Invstmnt,539177,AIIL
INE0CZ201020,GSTK544449,Anthem Biosciences,Anthem Biosciences,544449,ANTHEM
INE761H01022,GSTK532827,Page Industries,Page Industries,532827,PAGEIND
INE208C01025,GSTK500003,Aegis Logistics,Aegis Logistics,500003,AEGISLOG
INE159A01016,GSTK500660,GlaxoSmithKline Pharmaceuticals,GSK Pharma,500660,GLAXO
INE356A01018,GSTK526299,Mphasis,Mphasis,526299,MPHASIS
INE233A01035,GSTK500164,Godrej Industries,Godrej Industries,500164,GODREJIND
INE571A01038,GSTK524494,Ipca Laboratories,Ipca Laboratories,524494,IPCALAB
INE195A01028,GSTK509930,Supreme Industries,Supreme Industries,509930,SUPREMEIND
INE226A01021,GSTK500575,Voltas,Voltas,500575,VOLTAS
INE191B01025,GSTK532144,Welspun Corp,Welspun Corp,532144,WELCORP
INE031B01049,GSTK532331,Ajanta Pharma,Ajanta Pharma,532331,AJANTPHARM
INE212H01026,GSTK532683,AIA Engineering,AIA Engineering,532683,AIAENG
INE347G01014,GSTK532522,Petronet LNG,Petronet LNG,532522,PETRONET
INE823G01014,GSTK532644,JK Cement,JK Cement,532644,JKCEMENT
INE603J01030,GSTK523642,PI Industries,PI Industries,523642,PIIND
INE410P01011,GSTK539551,Narayana Hrudayalaya,Narayana Hrudayalaya,539551,NH
INE068V01023,GSTK543245,Gland Pharma,Gland Pharma,543245,GLAND
INE589A01014,GSTK513683,NLC India,NLC India,513683,NLCINDIA
INE511C01022,GSTK524000,Poonawalla Fincorp Limited,Poonawalla Fincorp,524000,POONAWALLA
INE572A01036,GSTK506943,JB Chemicals & Pharmaceuticals,JB Chem & Pharma,506943,
INE111A01025,GSTK531344,Container Corporation of India,Container Corp,531344,CONCOR
INE819V01029,GSTK544466,Aditya Infotech,Aditya Infotech,544466,CPPLUS
INE335Y01020,GSTK542830,Indian Railway Catering & Tourism Corporation,IRCTC,542830,IRCTC
INE031A01017,GSTK540530,Housing & Urban Development Corporation,HUDCO,540530,HUDCO
INE006I01046,GSTK532830,Astral,Astral,532830,ASTRAL
INE470A01017,GSTK523395,3M India,3M India,523395,3MINDIA
INE048G01026,GSTK532504,Navin Fluorine International,Navin Fluorine Intl,532504,NAVINFLUOR
INE913H01037,GSTK540153,Endurance Technologies,Endurance Tech,540153,ENDURANCE
INE619A01035,GSTK500368,Patanjali Foods,Patanjali Foods,500368,PATANJALI
INE302A01020,GSTK500086,Exide Industries,Exide Industries,500086,EXIDEIND
INE019C01026,GSTK500184,Himadri Speciality Chemical,Himadri Speciality,500184,HSCL
INE474Q01031,GSTK543654,Global Health,Global Health,543654,MEDANTA
INE010V01017,GSTK540115,L&T Technology Services,L&T Technology Serv.,540115,LTTS
INE686F01025,GSTK532478,United Breweries,United Breweries,532478,UBL
INE704P01025,GSTK540678,Cochin Shipyard,Cochin Shipyard,540678,COCHINSHIP
INE168P01015,GSTK544210,Emcure Pharmaceuticals,Emcure Pharma,544210,EMCURE
INE0LP301011,GSTK544609,Physicswallah,Physicswallah,544609,PWL
INE148O01028,GSTK543529,Delhivery,Delhivery,543529,DELHIVERY
INE930H01031,GSTK532889,K.P.R. Mill,K.P.R. Mill,532889,KPRMILL
INE575P01011,GSTK543412,Star Health and Allied Insurance Company,Star Health Insurance,543412,STARHEALTH
INE522D01027,GSTK531213,Manappuram Finance,Manappuram Finance,531213,MANAPPURAM
INE472A01039,GSTK500067,Blue Star,Blue Star,500067,BLUESTARCO
INE042A01014,GSTK500495,Escorts,Escorts,500495,ESCORTS
INE463V01026,GSTK543415,Anand Rathi Wealth Ltd.,Anand Rathi Weal,543415,ANANDRATHI
INE672A01026,GSTK501301,Tata Investment Corporation,Tata Investment Corp,501301,TATAINVEST
INE093A01041,GSTK544362,Hexaware Technologies Limited,HEXT,544362,HEXT
INE379A01028,GSTK544325,ITC Hotels,ITC Hotels,544325,ITCHOTELS
INE967H01025,GSTK543308,Krishna Institute of Medical Sciences,KIMS,543308,KIMS
INE00R701025,GSTK542216,Dalmia Bharat,Dalmia Bharat,542216,DALBHARAT
INE671A01010,GSTK517174,Honeywell Automation India,Honeywell Automation,517174,HONAUT
INE202E01016,GSTK544026,Indian Renewable Energy Development Agency,Indian Ren. Energy,544026,IREDA
INE260B01028,GSTK500163,Godfrey Phillips India,Godfrey Phillips,500163,GODFRYPHLP
INE036D01028,GSTK590003,Karur Vysya Bank,Karur Vysya Bank,590003,KARURVYSYA
INE531F01023,GSTK543988,Nuvama Wealth Management,Nuvama Wealth,543988,NUVAMA
INE691A01018,GSTK532505,UCO Bank,UCO Bank,532505,UCOBANK
INE839M01018,GSTK534139,Schneider Electric Infrastructure,Schneider Electric,534139,SCHNEIDER
INE0INX01018,GSTK544407,Aegis Vopak Terminals,Aegis Vopak Terminal,544407,AEGISVOPAK
INE600L01024,GSTK539524,Dr Lal PathLabs,Dr Lal PathLabs,539524,LALPATHLAB
INE007A01025,GSTK500092,CRISIL,CRISIL,500092,CRISIL
INE146L01010,GSTK533293,Kirloskar Oil Engines,Kirloskar Oil Engines,533293,KIRLOSENG
INE049B01025,GSTK532300,Wockhardt,Wockhardt,532300,WOCKPHARMA
INE115Q01022,GSTK544309,Inventurus Knowledge Solutions,Inventurus Knowledge,544309,IKS
INE509F01029,GSTK530843,Cupid,Cupid,530843,CUPID
INE142M01025,GSTK544028,Tata Technologies,Tata Technologies,544028,TATATECH
INE382Z01011,GSTK542011,Garden Reach Shipbuilders & Engineers,Garden Reach,542011,GRSE
INE103A01014,GSTK500109,Mangalore Refinery And Petrochemicals,MRPL,500109,MRPL
INE548A01028,GSTK500183,HFCL,HFCL,500183,HFCL
INE105A01035,GSTK520056,TVS Holdings,TVS Holdings,520056,TVSHLTD
INE777K01022,GSTK543981,RR Kabel,RR Kabel,543981,RRKABEL
INE404A01024,GSTK543374,Aditya Birla Sun Life AMC,Aditya Birla Sun AMC,543374,ABSLAMC
INE763G01038,GSTK541179,ICICI Securities,ICICI Securities,541179,
INE797F01020,GSTK533155,Jubilant FoodWorks,Jubilant Foodworks,533155,JUBLFOOD
INE810G01011,GSTK543299,Shyam Metalics and Energy,Shyam Metalics,543299,SHYAMMETL
INE149A01033,GSTK504973,Cholamandalam Financial Holdings,Cholamandalam Fin.,504973,CHOLAHLDNG
INE115A01026,GSTK500253,LIC Housing Finance,LIC Housing Finance,500253,LICHSGFIN
INE470Y01017,GSTK540769,New India Assurance Company,New India Assurance,540769,NIACL
INE317I01021,GSTK543426,Metro Brands,Metro Brands,543426,METROBRAND
INE545U01014,GSTK541153,Bandhan Bank,Bandhan Bank,541153,BANDHANBNK
INE483A01010,GSTK532885,Central Bank of India,Central Bank of India,532885,CENTRALBK
INE570L01029,GSTK544306,Sai Life Sciences,Sai Life Sciences,544306,SAILIFE
INE179A01014,GSTK500459,Procter & Gamble Hygiene & Health Care,P&G,500459,PGHH
INE342J01019,GSTK533023,ZF Commercial Vehicle Control Systems India,ZF Comm Vehic Contr,533023,ZFCVINDIA
INE572E01012,GSTK540173,PNB Housing Finance,PNB Housing Finance,540173,PNBHOUSING
INE732I01021,GSTK543235,Angel One,Angel One,543235,ANGELONE
INE438A01022,GSTK500877,Apollo Tyres,Apollo Tyres,500877,APOLLOTYRE
INE002L01015,GSTK533206,SJVN,SJVN,533206,SJVN
INE0FS801015,GSTK543498,Motherson Sumi Wiring India,Motherson Sumi Wiring India,543498,MSUMI
INE248A01017,GSTK523610,ITI,ITI,523610,ITI
INE596F01018,GSTK539006,PTC Industries,PTC Industries,539006,PTCIL
INE0DYJ01015,GSTK543573,Syrma SGS Technology,Syrma SGS Technology,543573,SYRMA
INE371P01015,GSTK540902,Amber Enterprises India,Amber Enterprises,540902,AMBER
INE0DK501011,GSTK543635,Piramal Pharma,Piramal Pharma,543635,PPLPHARMA
INE530B01024,GSTK532636,IIFL Finance,IIFL Finance,532636,IIFL
INE00LO01017,GSTK543276,Craftsman Automation,Craftsman Automation,543276,CRAFTSMAN
INE844O01030,GSTK539336,Gujarat Energy,Gujarat Energy,539336,GUJENERGY
INE0NT901020,GSTK543945,Netweb Technologies India,Netweb Technologies,543945,NETWEB
INE622W01025,GSTK544283,Acme Solar Holdings,Acme Solar Holdings,544283,ACMESOLAR
INE095N01031,GSTK534309,NBCC (India),NBCC (India),534309,NBCC
INE741K01010,GSTK541770,CreditAccess Grameen,CreditAccess Grameen,541770,CREDITACC
INE012A01025,GSTK500410,ACC,ACC,500410,ACC
INE140A01024,GSTK500302,Piramal Enterprises,Piramal Enterprises,500302,
INE918Z01012,GSTK543664,Kaynes Technology India,Kaynes Technology,543664,KAYNES
INE258G01013,GSTK542920,Sumitomo Chemical India,Sumitomo Chemical,542920,SUMICHEM
INE00FF01025,GSTK543349,Acutaas Chemicals,Acutaas Chemicals,543349,ACUTAAS
INE891D01026,GSTK532805,Redington,Redington,532805,REDINGTON
INE864I01014,GSTK543270,MTAR Technologies,MTAR Technologies,543270,MTARTECH
INE322A01010,GSTK507815,Gillette India,Gillette India,507815,GILLETTE
INE506V01022,GSTK544578,Rubicon Research,Rubicon Research,544578,RUBICON
INE699H01024,GSTK543458,AWL Agri Business,AWL Agri Business,543458,AWL
INE794A01010,GSTK524558,Neuland Laboratories,Neuland Laboratories,524558,NEULANDLAB
INE821I01022,GSTK532947,IRB Infrastructure Developers,IRB Infra Devs,532947,IRB
INE0IX101010,GSTK543428,Data Patterns (India),Data Patterns (I),543428,DATAPATTNS
INE325A01013,GSTK522113,Timken India,Timken India,522113,TIMKEN
INE451A01017,GSTK500033,Force Motors,Force Motors,500033,FORCEMOT
INE686A01026,GSTK509496,Cemindia Projects,Cemindia Projects,509496,CEMPRO
INE03JT01014,GSTK544179,Go Digit General Insurance,Go Digit General Ins,544179,GODIGIT
INE536A01023,GSTK506076,Grindwell Norton,Grindwell Norton,506076,GRINDWELL
IN9155A01020,GSTK570001,Tata Motors - DVR Ordinary,Tata Motors - DVR,570001,TATAMTRDVR
INE670A01012,GSTK500408,Tata Elxsi,Tata Elxsi,500408,TATAELXSI
INE894V01022,GSTK544405,Belrise Industries,Belrise Industri,544405,BELRISE
INE288B01029,GSTK506401,Deepak Nitrite,Deepak Nitrite,506401,DEEPAKNTR
INE242C01024,GSTK515055,Anant Raj,Anant Raj,515055,ANANTRAJ
INE180C01042,GSTK531595,Capri Global Capital,Capri Global Capital,531595,CGCL
INE00WC01027,GSTK542752,Affle 3i,Affle 3i,542752,AFFLE
INE439A01020,GSTK515030,Asahi India Glass,Asahi India Glass,515030,ASAHIINDIA
INE367G01038,GSTK532748,Prime Focus,Prime Focus,532748,PFOCUS
INE880L01014,GSTK540680,KIOCL,KIOCL,540680,KIOCL
INE182A01018,GSTK500680,Pfizer,Pfizer,500680,PFIZER
INE1C6T01020,GSTK544608,Emmvee Photovoltaic Power,Emmvee Photovoltaic,544608,EMMVEE
INE486A01021,GSTK500084,CESC,CESC,500084,CESC
INE220B01022,GSTK522287,Kalpataru Projects International,Kalpataru Projects,522287,KPIL
INE19RI01016,GSTK544612,Tenneco Clean Air India,Tenneco Clean Air,544612,TENNIND
INE883F01010,GSTK544176,Aadhar Housing Finance,Aadhar Housing Fin,544176,AADHARHFC
INE331A01037,GSTK500260,Ramco Cements Limited,Ramco Cements,500260,RAMCOCEM
INE684F01012,GSTK532809,Firstsource Solutions,Firstsource Solution,532809,FSL
INE203G01027,GSTK532514,Indraprastha Gas,Indraprastha Gas,532514,IGL
INE953O01021,GSTK543358,Sansera Engineering,Sansera Engineering,543358,SANSERA
INE524A01029,GSTK505714,Gabriel India,Gabriel India,505714,GABRIEL
INE039A01010,GSTK500106,IFCI,IFCI,500106,IFCI
INE387A01021,GSTK500403,Sundram Fasteners,Sundram Fasteners,500403,SUNDRMFAST
INE0BWX01014,GSTK543534,Aether Industries,Aether Inds,543534,AETHER
INE491A01021,GSTK532210,City Union Bank,City Union Bank,532210,CUB
INE230A01023,GSTK500840,EIH,EIH,500840,EIHOTEL
INE101D01020,GSTK532482,Granules India,Granules India,532482,GRANULES
INE0W2G01015,GSTK544282,Sagility,Sagility,544282,SAGILITY
INE120A01034,GSTK513375,Carborundum Universal,Carborundum Univer.,513375,CARBORUNIV
INE203A01020,GSTK506820,Astrazeneca Pharma India,Astrazeneca Pharma,506820,ASTRAZEN
INE424H01027,GSTK532733,Sun TV Network,Sun TV Network,532733,SUNTV
INE0CAZ01013,GSTK544515,Urban Company,Urban Company,544515,URBANCO
INE292B01021,GSTK517271,HBL Engineering,HBL Engineering,517271,HBLENGINE
INE017A01032,GSTK500620,The Great Eastern Shipping Company,GE Shipping,500620,GESHIP
INE100A01010,GSTK500027,Atul,Atul,500027,ATUL
INE596I01020,GSTK543232,Computer Age Management Services,Computer Age Man,543232,CAMS
INE089C01029,GSTK532374,Sterlite Technologies,Sterlite Tech,532374,STLTECH
INE473B01035,GSTK531531,Hatsun Agro Product,Hatsun Agro Prod,531531,HATSUN
INE501A01019,GSTK500645,Deepak Fertilisers And Petrochemicals Corporation,Deepak Fert & Petro,500645,DEEPAKFERT
INE043D01016,GSTK532659,IDFC,IDFC,532659,IDFC
INE989C01038,GSTK522163,Diamond Power Infrastructure,Diamond Power Infra,522163,DIACABS
INE526E01018,GSTK544344,SPR Auto Technologies,SPR Auto Technologie,544344,SHRIPISTON
INE152M01016,GSTK533655,Triveni Turbine,Triveni Turbine,533655,TRITURBINE
INE475E01026,GSTK524742,Caplin Point Laboratories,Caplin Point Labs,524742,CAPLIPOINT
INE462A01022,GSTK506285,Bayer CropScience,Bayer CropScience,506285,BAYERCROP
INE791I01019,GSTK532929,Brigade Enterprises,Brigade Enterprises,532929,BRIGADE
INE217B01036,GSTK500233,Kajaria Ceramics,Kajaria Ceramics,500233,KAJARIACER
INE178A01016,GSTK500110,Chennai Petroleum Corporation,Chennai Petro Corp,500110,CHENNPETRO
INE406M01024,GSTK540596,Eris Lifesciences,Eris Lifesciences,540596,ERIS
INE148I01020,GSTK535789,Sammaan Capital,Sammaan Capital,535789,SAMMAANCAP
INE013P01021,GSTK544292,Onesource Specialty Pharma,Onesource Specialty,544292,ONESOURCE
INE980O01024,GSTK544081,Jyoti CNC Automation,Jyoti CNC Automation,544081,JYOTICNC
INE768C01028,GSTK531335,Zydus Wellness,Zydus Wellness,531335,ZYDUSWELL
INE102B01014,GSTK531358,Choice International,Choice Intl,531358,CHOICEIN
INE172A01027,GSTK500870,Castrol India,Castrol India,500870,CASTROLIND
INE385C01021,GSTK504614,Sarda Energy & Minerals,Sarda Energy,504614,SARDAEN
INE718I01012,GSTK544480,JSW Cement,JSW Cement,544480,JSWCEMENT
INE285A01027,GSTK522074,Elgi Equipments,Elgi Equipments,522074,ELGIEQUIP
INE131A01031,GSTK532181,Gujarat Mineral Development Corporation,GMDC,532181,GMDCLTD
INE0LXG01040,GSTK544225,OLA Electric Mobility,Ola Electric Mobility,544225,OLAELEC
INE348B01021,GSTK532548,Century Plyboards (India),Century Plyboard,532548,CENTURYPLY
INE427F01016,GSTK542399,Chalet Hotels,Chalet Hotels,542399,CHALET
INE769A01020,GSTK524208,Aarti Industries,Aarti Industries,524208,AARTIIND
INE386C01029,GSTK532493,Astra Micro Wave Products,Astra Micro Wave,532493,ASTRAMICRO
INE419M01027,GSTK533553,TD Power Systems,TD Power Systems,533553,TDPOWERSYS
INE085A01013,GSTK500085,Chambal Fertilisers & Chemicals,Chambal Fertilisers,500085,CHAMBLFERT
INE457L01029,GSTK533581,PG Electroplast,PG Electroplast,533581,PGEL
INE738I01010,GSTK532927,eClerx Services,eClerx Services,532927,ECLERX
INE548C01032,GSTK531162,Emami,Emami,531162,EMAMILTD
INE552Z01027,GSTK544203,Allied Blenders And Distillers,Allied Blenders,544203,ABDL
INE616N01034,GSTK544046,Inox India,Inox India,544046,INOXINDIA
INE205C01021,GSTK531768,Poly Medicure,Poly Medicure,531768,POLYMED
INE168A01041,GSTK532209,Jammu & Kashmir Bank,Jammu & Kashmir Bank,532209,J&KBANK
INE269B01029,GSTK500252,LMW,LMW,500252,LMW
INE092A01019,GSTK500770,Tata Chemicals,Tata Chemicals,500770,TATACHEM
INE103V01028,GSTK544443,Travel Food Services,Travel Food Services,544443,TRAVELFOOD
INE825A01020,GSTK502986,Vardhman Textiles,Vardhman Textiles,502986,VTL
INE299U01018,GSTK539876,Crompton Greaves Consumer Electricals,Crompton Greaves,539876,CROMPTON
INE842C01021,GSTK538962,Minda Corporation,Minda Corporation,538962,MINDACORP
INE885A01032,GSTK500008,Amara Raja Energy & Mobility,Amara Raja Energy,500008,ARE&M
INE673O01025,GSTK544174,TBO Tek,TBO Tek,544174,TBOTEK
INE291A01017,GSTK500655,Garware Hi-Tech Films,Garware Hi Tech,500655,GRWRHITECH
INE703B01027,GSTK520111,Ratnamani Metals & Tubes,Ratnamani Metals,520111,RATNAMANI
INE0AQ201015,GSTK544408,Leela Palaces Hotels & Resorts,Leela Palaces Hotels,544408,THELEELA
INE531A01024,GSTK500165,Kansai Nerolac Paints,Kansai Nerolac,500165,KANSAINER
INE987B01026,GSTK524816,Natco Pharma,Natco Pharma,524816,NATCOPHARM
INE608A01012,GSTK533295,Punjab & Sind Bank,Punjab & Sind Bank,533295,PSB
INE324A01032,GSTK500378,Jindal SAW,Jindal SAW,500378,JINDALSAW
INE04I401011,GSTK542651,KPIT Technologies,KPIT Tech,542651,KPITTECH
INE177H01039,GSTK532734,Godawari Power and Ispat,Godawari Pwr,532734,GPIL
INE301O01023,GSTK544467,NSDL (National Securities Depository),NSDL,544467,
INE085J01014,GSTK533158,Thangamayil Jewellery,Thangamayil Jeweller,533158,THANGAMAYL
INE03QK01018,GSTK543064,Cohance Lifesciences,Cohance Lifesciences,543064,COHANCE
INE138Y01010,GSTK543720,KFin Technologies,KFin Technologies,543720,KFINTECH
INE128S01021,GSTK543663,Five-Star Business Finance,Five Star Business,543663,FIVESTAR
INE499A01024,GSTK523367,DCM Shriram,DCM Shriram,523367,DCMSHRIRAM
INE00E101023,GSTK543653,Bikaji Foods International,Bikaji Foods Inter.,543653,BIKAJI
INE995S01015,GSTK544286,Niva Bupa Health Insurance Company,Niva Bupa Health Ins,544286,NIVABUPA
INE15B701018,GSTK544606,Pine Labs,Pine Labs,544606,PINELABS
INE055A01016,GSTK500040,Aditya Birla Real Estate,Aditya Birla Real,500040,ABREL
INE05XR01022,GSTK544678,Bharat Coking Coal,Bharat Coking Coal,544678,BHARATCOAL
INE373A01013,GSTK500042,BASF India,BASF India,500042,BASF
INE647U01026,GSTK544717,Clean Max Enviro Energy Solutions,Clean Max Env. Energ,544717,CLEANMAX
INE947N01017,GSTK544634,Aequs,Aequs,544634,AEQUS
INE901L01018,GSTK533573,Alembic Pharmaceuticals,Alembic Pharma,533573,APLLTD
INE725A01030,GSTK513023,Nava,Nava,513023,NAVA
INE330T01021,GSTK544057,Happy Forgings,Happy Forgings,544057,HAPPYFORGE
INE927D01051,GSTK532605,JBM Auto,JBM Auto,532605,JBMA
INE398R01022,GSTK539268,Syngene International,Syngene Intl,539268,SYNGENE
INE536H01010,GSTK532756,CIE Automotive India,CIE Automotive India,532756,CIEINDIA
INE961O01016,GSTK543524,Rainbow Children's Medicare,Rainbow Children,543524,RAINBOW
INE421D01022,GSTK519600,CCL Products India,CCL Products India,519600,CCL
INE088F01024,GSTK543530,Paradeep Phosphates,Paradeep Phsphts,543530,PARADEEP
INE0Q9301021,GSTK544311,International Gemological Institute,International Gemolo,544311,IGIL
INE943P01029,GSTK544350,Dr. Agarwal's Health Care,Dr. Agarwal's Health,544350,AGARWALEYE
INE246F01010,GSTK532702,Gujarat State Petronet,GSPL,532702,
INE228A01035,GSTK517146,Usha Martin,Usha Martin,517146,USHAMART
INE235A01022,GSTK500144,Finolex Cables,Finolex Cables,500144,FINCABLES
INE036A01016,GSTK500390,Reliance Infrastructure,Reliance Infrastructure,500390,RELINFRA
INE192B01031,GSTK514162,Welspun Living,Welspun Living,514162,WELSPUNLIV
INE700A01033,GSTK530019,Jubilant Pharmova,Jubilant Pharmova,530019,JUBLPHARMA
INE288A01013,GSTK500266,Maharashtra Scooters,Maharashtra Scooters,500266,MAHSCOOTER
INE999A01023,GSTK500249,KSB,KSB,500249,KSB
INE338H01029,GSTK543960,Concord Biotech,Concord Biotech,543960,CONCORDBIO
INE297H01019,GSTK532726,Gallantt Ispat,Gallantt Ispat,532726,GALLANTT
INE02IJ01035,GSTK544061,Azad Engineering,Azad Engineering,544061,AZAD
INE732A01036,GSTK500241,Kirloskar Brothers,Kirloskar Brothers,500241,KIRLOSBROS
INE686Y01026,GSTK541557,Fine Organic Industries,Fine Organic Inds.,541557,FINEORG
INE251B01027,GSTK533339,Zen Technologies,Zen Technologies,533339,ZENTEC
INE671H01015,GSTK532784,Sobha,Sobha,532784,SOBHA
INE0J5401028,GSTK544014,Honasa Consumer,Honasa Consumer,544014,HONASA
INE781S01027,GSTK544321,Ventive Hospitality,Ventive Hospitality,544321,VENTIVE
INE258A01024,GSTK500048,BEML,BEML,500048,BEML
INE713T01028,GSTK540879,Apollo Micro Systems,Apollo Micro Systems,540879,APOLLO
INE818H01020,GSTK532783,LT Foods,LT Foods,532783,LTFOODS
INE12UN01015,GSTK544685,Shadowfax Technologies,Shadowfax Tech.,544685,SHADOWFAX
INE03Q201024,GSTK543322,Alivus Life Sciences,Alivus Life Sciences,543322,ALIVUS
INE872J01023,GSTK543330,Devyani International,Devyani,543330,DEVYANI
INE959A01019,GSTK530117,Privi Speciality Chemicals,Privi Speciality Che,530117,PRIVISCL
INE121R01077,GSTK544679,Amagi Media Labs,Amagi Media Labs,544679,AMAGI
INE151G01028,GSTK501423,Shaily Engineering Plastics,Shaily,501423,SHAILY
INE212S01015,GSTK544700,Fractal Analytics,Fractal Analytics,544700,FRACTAL
INE551W01018,GSTK542904,Ujjivan Small Finance Bank,Ujjivan Small Fin,542904,UJJIVANSFB
INE01TY01017,GSTK544583,Canara HSBC Life Insurance Company,Canara HSBC Life Ins,544583,CANHLIFE
INE704J01044,GSTK544782,Vedanta Oil and Gas,Vedanta Oil & Gas,544782,VOGL
INE482A01020,GSTK500878,CEAT,CEAT,500878,CEATLTD
INE043W01024,GSTK543350,Vijaya Diagnostic Centre,VDC,543350,VIJAYA
INE951I01027,GSTK532953,V-Guard Industries,V-Guard Inds.,532953,VGUARD
INE930P01018,GSTK543275,Anupam Rasayan India,Anupam Rasayan,543275,ANURAS
INE321T01012,GSTK544045,DOMS Industries,DOMS Industries,544045,DOMS
INE177A01018,GSTK500210,Ingersoll-Rand (India),Ingersoll Rand,500210,INGERRAND
INE00F201020,GSTK543527,Prudent Corporate Advisory Services,Prudent,543527,PRUDENT
INE109A01011,GSTK523598,Shipping Corporation of India,Shipping Corporation,523598,SCI
INE2J8701016,GSTK544572,SKF India (Industrial),SKF India (Indust.),544572,SKFINDUS
INE410B01037,GSTK524200,Vinati Organics,Vinati Organics,524200,VINATIORGA
INE066P01011,GSTK539083,INOX Wind,INOX Wind,539083,INOXWIND
INE126A01031,GSTK500125,EID-Parry (India),EID-Parry India,500125,EIDPARRY
INE694L01019,GSTK544781,Vedanta Power,Vedanta Power,544781,VEDPOWER
INE034A01011,GSTK500101,Arvind,Arvind,500101,ARVIND
INE668A01016,GSTK543596,Tamilnad Mercantile Bank,Tamilnad Mercantile,543596,TMB
INE676A01027,GSTK500463,Black Box,Black Bo,500463,BBOX
INE133A01011,GSTK500710,JSW Dulux,JSW Dulux,500710,JSWDULUX
INE663A01033,GSTK500405,Supreme Petrochem,Supreme Petrochem,500405,SPLPETRO
INE455T01018,GSTK539597,Jindal Stainless (Hisar),Jindal SS (Hisar),539597,JSLHISAR
INE290S01011,GSTK543333,Cartrade Tech,Cartrade Tech,543333,CARTRADE
INE852O01025,GSTK543335,Aptus Value Housing Finance India,Aptus Value Housing,543335,APTUS
INE093R01011,GSTK539992,Lloyds Engineering Works,Lloyds Engr Works,539992,LLOYDSENGG
INE722A01011,GSTK532498,Shriram City Union Finance,Shriram City Fin,532498,SHRIRAMCIT
INE02ZQ01018,GSTK544644,CORONA Remedies,CORONA Remedies,544644,CORONA
INE371A01025,GSTK509488,Graphite India,Graphite India,509488,GRAPHITE
INE731H01025,GSTK532762,Action Construction Equipment,Action Const Equip,532762,ACE
INE545A01024,GSTK509631,HEG,HEG,509631,HEG
INE1CLE01013,GSTK544784,Vedanta Iron And Steel,Vedanta Iron & Steel,544784,VISL
INE0NNS01018,GSTK543768,NMDC Steel Ltd.,NMDC Steel,543768,NSLNISP
INE064C01022,GSTK521064,Trident,Trident,521064,TRIDENT
INE418L01047,GSTK543280,Nazara Technologies,Nazara Technologies,543280,NAZARA
INE351F01018,GSTK532627,Jaiprakash Power Ventures,Jaiprakash Power,532627,JPPOWER
INE510A01028,GSTK532178,Engineers India,Engineers India,532178,ENGINERSIN
INE824G01012,GSTK532642,JSW Holdings,JSW Holdings,532642,JSWHL
INE389H01022,GSTK532714,KEC International,KEC International,532714,KEC
INE602A01031,GSTK506590,PCBL Chemical,PCBL Chemical,506590,PCBL
INE481N01025,GSTK543259,Home First Finance Company India,Home First Finance,543259,HOMEFIRST
INE304W01038,GSTK544484,Bluestone Jewellery And Lifestyle,Bluestone Jewellery,544484,BLUESTONE
INE0FLR01028,GSTK543297,Inox Wind Energy,Inox Wind Energy,543297,
INE065X01017,GSTK544172,Indegene,Indegene,544172,INDGN
INE119A01028,GSTK500038,Balrampur Chini Mills,Balrampur Chini Mill,500038,BALRAMCHIN
INE383A01012,GSTK530005,India Cements,India Cements,530005,INDIACEM
INE956G01038,GSTK533269,VA Tech Wabag,VA Tech Wabag,533269,WABAG
INE118D01016,GSTK543334,Nuvoco Vistas Corporation,Nuvoco Vistas,543334,NUVOCO
INE080I01025,GSTK512463,Lloyds enterprises limited,Lloyds enterprises limited,512463,LLOYDSENT
INE871C01038,GSTK512573,Avanti Feeds,Avanti Feeds,512573,AVANTIFEED
INE233B01017,GSTK526612,Blue Dart Express,Blue Dart Express,526612,BLUEDART
INE683A01023,GSTK532218,South Indian Bank,South Indian Bank,532218,SOUTHBANK
INE112L01020,GSTK542650,Metropolis Healthcare,Metropolis Health.,542650,METROPOLIS
INE0LCL01028,GSTK543896,Avalon Technologies,Avalon Technologies,543896,AVALON
INE0YD401026,GSTK544537,Jain Resource Recycling,Jain Resource Recycl,544537,JAINREC
INE790G01031,GSTK530549,Shilpa Medicare,Shilpa Medicare,530549,SHILPAMED
INE024L01027,GSTK533282,Gravita India,Gravita India,533282,GRAVITA
INE713N01013,GSTK504346,RRP Semiconductor,RRP Semiconductor,504346,
INE0KBH01020,GSTK544009,Blue Jet Healthcare,Blue Jet Healthcare,544009,BLUEJET
INE399G01023,GSTK532527,Ramkrishna Forgings,Ramkrishna Forgings,532527,RKFORGE
INE962Y01021,GSTK541956,Ircon International,Ircon International,541956,IRCON
INE00XB01019,GSTK544723,Sedemac Mechatronics,Sedemac Mechatronics,544723,SEDEMAC
INE0Z4F01028,GSTK544527,Atlanta Electricals,Atlanta Electricals,544527,ATLANTAELE
INE022Q01020,GSTK540750,Indian Energy Exchange,IEX,540750,IEX
INE0BY001018,GSTK543271,Jubilant Ingrevia,Jubilant Ingrevia,543271,JUBLINGREA
INE750C01026,GSTK524404,Marksans Pharma,Marksans Pharma,524404,MARKSANS
INE780C01023,GSTK523405,JM Financial,JM Financial,523405,JMFINANCIL
INE12UR01024,GSTK544613,Fujiyama Power Systems,Fujiyama Power Syste,544613,UTLSOLAR
INE094J01016,GSTK543238,UTI Asset Management Company,UTI Asset Management,543238,UTIAMC
INE520A01027,GSTK504067,Zensar Technologies,Zensar Technologies,504067,ZENSARTECH
INE903U01023,GSTK543990,Signatureglobal (India),Signatureglobal Ind.,543990,SIGNATURE
INE14LE01019,GSTK544403,Aditya Birla Lifestyle Brands,Aditya Birla Lifesty,544403,ABLBL
INE573A01042,GSTK530007,JK Tyre & Industries,JK Tyre & Industries,530007,JKTYRE
INE133E01013,GSTK507205,Tilaknagar Industries,Tilaknagar Inds,507205,TI
INE285K01026,GSTK542141,Techno Electric & Engineering Company,Techno Electric,542141,TECHNOE
INE011K01018,GSTK543413,Tega Industries,Tega Industries,543413,TEGA
INE615H01020,GSTK532966,Titagarh Rail Systems,Titagarh Railsystems,532966,TITAGARH
INE256A01028,GSTK505537,Zee Entertainment Enterprises,Zee Entertainment,505537,ZEEL
INE191H01014,GSTK532689,PVR Inox,PVR,532689,PVRINOX
INE02RE01045,GSTK544226,Brainbees Solutions,Brainbees Solutions,544226,FIRSTCRY
INE002S01010,GSTK539957,Mahanagar Gas,Mahanagar Gas,539957,MGL
INE209L01016,GSTK533272,Jupiter Wagons,Jupiter Wagons,533272,JWL
INE807F01027,GSTK512529,Viyash Scientific,Viyash Scientific,512529,VIYASH
INE886H01027,GSTK532800,TV18 Broadcast,TV18 Broadcast,532800,TV18BRDCST
INE199A01012,GSTK500126,Procter & Gamble Health,P&G Health,500126,PGHL
INE532F01054,GSTK532922,Edelweiss Financial Services,Edelweiss Financial Services,532922,EDELWEISS
INE477A01020,GSTK511196,Can Fin Homes,Can Fin Homes,511196,CANFINHOME
INE260D01016,GSTK532439,Olectra Greentech,Olectra Greentech,532439,OLECTRA
INE0CLI01024,GSTK543417,RateGain Travel Technologies Ltd.,RateGain,543417,RATEGAIN
INE933S01016,GSTK542726,Indiamart Intermesh,Indiamart Inter,542726,INDIAMART
INE682M01020,GSTK543980,Jupiter Life Line Hospitals,Jupiter Life Line,543980,JLHL
INE216P01012,GSTK541988,Aavas Financiers,Aavas Financiers,541988,AAVAS
INE614B01018,GSTK532652,Karnataka Bank,Karnataka Bank,532652,KTKBANK
INE850D01014,GSTK540743,Godrej Agrovet,Godrej Agrovet,540743,GODREJAGRO
INE872H01027,GSTK532796,Lumax Auto Technologies,Lumax Auto Tech,532796,LUMAXTECH
INE255Z01027,GSTK544783,E2E Networks,E2E Networks,544783,E2E
INE489L01022,GSTK542773,IIFL Securities,IIFL Securities,542773,IIFLCAPS
INE0UOS01011,GSTK544250,Sanofi Consumer Healthcare India,Sanofi Cons. Health,544250,SANOFICONR
INE1B6101010,GSTK544490,Shreeji Shipping Global,Shreeji Ship.Global,544490,SHREEJISPG
INE050A01025,GSTK501425,Bombay Burmah Trading Corporation,Bombay Burmah Trdg.,501425,BBTC
INE491J01022,GSTK544022,ASK Automotive,ASK Automotive,544022,ASKAUTOLTD
INE665L01035,GSTK541578,Varroc Engineering,Varroc Engineering,541578,VARROC
INE09XN01023,GSTK544222,Akums Drugs & Pharmaceuticals,Akums Drugs & Pharmaceuticals,544222,AKUMS
INE085001019,GSTK544570,Wework India Management,Wework India Managem,544570,WEWORK
INE149K01016,GSTK504918,Sandur Manganese & Iron Ores,Sandur Manganese,504918,SANDUMA
INE320J01015,GSTK541556,RITES,RITES,541556,RITES
INE508G01029,GSTK532856,Time Technoplast,Time Technoplast,532856,TIMETECHNO
INE716A01013,GSTK500238,Whirlpool Of India,Whirlpool Of India,500238,WHIRLPOOL
INE00VM01036,GSTK541974,Manorama Industries,Manorama Inds,541974,MANORAMA
INE045601023,GSTK543367,Paras Defence and Space Technologies,Paras Defence,543367,PARAS
INE306R01017,GSTK538835,Intellect Design Arena,Intellect Design,538835,INTELLECT
INE825V01034,GSTK543463,Manyavar- Vedant Fashions Ltd.,Vedant Fashions,543463,MANYAVAR
INE979A01025,GSTK532163,Saregama India,Saregama India,532163,SAREGAMA
INE183A01024,GSTK500940,Finolex Industries,Finolex Industries,500940,FINPIPE
INE131B01039,GSTK530517,Relaxo Footwears,Relaxo Footwears,530517,RELAXO
INE540H01012,GSTK532757,Voltamp Transformers,Voltamp Transformers,532757,VOLTAMP
INE075I01017,GSTK539787,Healthcare Global Enterprises,Healthcare Global,539787,HCG
INE423Y01016,GSTK543959,SBFC Finance,SBFC Finance,543959,SBFC
INE01IU01018,GSTK541967,Sky Gold and Diamonds,Sky Gold & Diamonds,541967,SKYGOLD
INE101I01011,GSTK544280,Afcons Infrastructure,Afcons Infra,544280,AFCONS
INE0QPI01025,GSTK544619,Sudeep Pharma,Sudeep Pharma,544619,SUDEEPPHRM
INE0UIZ01018,GSTK544288,BlackBuck,BlackBuck,544288,BLACKBUCK
INE933B01012,GSTK532408,Sigma Advanced Systems,Sigma Advanced Syste,532408,SIGMAADV
INE153T01027,GSTK540073,BLS International Services,BLS Intl Serv,540073,BLS
INE0V9Q01010,GSTK544469,Sri Lotus Developers And Realty,Sri Lotus Developers,544469,LOTUSDEV
INE614G01033,GSTK532939,Reliance Power,Reliance Power,532939,RPOWER
INE811A01020,GSTK505283,Kirloskar Pneumatic Company,Kirloskar Pneumatic,505283,KIRLPNU
INE665A01038,GSTK503310,Swan Corp,Swan Corp,503310,SWANCORP
INE940H01022,GSTK532808,Pearl Global Industries,Pearl Global Inds.,532808,PGIL
INE955D01029,GSTK530343,Genus Power Infrastructures,Genus Power Infra,530343,GENUSPOWER
INE299N01021,GSTK534618,Waaree Renewables,Waaree Renewables,534618,WAAREERTL
INE824B01021,GSTK500055,Tata Steel BSL,Tata Steel BSL,500055,TATASTLBSL
INE939A01011,GSTK532531,Strides Pharma Science,Strides Pharma,532531,STAR
INE136B01020,GSTK532175,Cyient,Cyient,532175,CYIENT
INE205B01031,GSTK505700,Elecon Engineering Company,Elecon Engg Co,505700,ELECON
INE123F01029,GSTK513377,MMTC,MMTC,513377,MMTC
INE594H01019,GSTK539871,Thyrocare Technologies,Thyrocare Tech,539871,THYROCARE
INE150B01039,GSTK506767,Alkyl Amines Chemicals,Alkyl Amines Chem,506767,ALKYLAMINE
INE010J01012,GSTK540595,Tejas Networks,Tejas Networks,540595,TEJASNET
INE0DD101019,GSTK543265,Railtel Corporation of India,Railtel Corp,543265,RAILTEL
INE213C01025,GSTK500039,Banco Products (India),Banco Products,500039,BANCOINDIA
INE953R01016,GSTK544256,PN Gadgil Jewellers,PN Gadgil Jewellers,544256,PNGJL
INE269A01021,GSTK532221,Sonata Software,Sonata Software,532221,SONATSOFTW
INE386A01023,GSTK520113,Vesuvius India,Vesuvius India,520113,VESUVIUS
INE785M01021,GSTK534809,PC Jeweller,PC Jeweller,534809,PCJEWELLER
INE176A01028,GSTK500043,Bata India,Bata india,500043,BATAINDIA
INE763I01026,GSTK532928,Transformers & Rectifiers (India),Transformers India,532928,TARIL
INE868B01028,GSTK500294,NCC,NCC,500294,NCC
INE690A01028,GSTK517506,TTK Prestige,TTK Prestige,517506,TTKPRESTIG
INE385F01024,GSTK512329,SG Mart,SG Mart,512329,SGMART
INE0HV901016,GSTK544192,Le Travenues Technology,Le Travenues Techno,544192,IXIGO
INE0KCE01017,GSTK543482,Eureka Forbes,Eureka Forbes,543482,EUREKAFORB
INE495B01038,GSTK530239,Suven Life Sciences,Suven Life Sciences,530239,SUVEN
INE284A01012,GSTK500133,Esab India,Esab india,500133,ESABINDIA
INE970X01018,GSTK541233,Lemon Tree Hotels,Lemon Tree Hotels,541233,LEMONTREE
INE063P01018,GSTK543243,Equitas Small Finance Bank,Equitas Small Fin,543243,EQUITASBNK
INE916U01025,GSTK540203,Sheela Foam,Sheela Foam,540203,SFL
INE201P01022,GSTK543317,G R Infraprojects,GR Infraprojects,543317,GRINFRA
INE716B01029,GSTK532375,Tips Music,Tips Music,532375,TIPSMUSIC
INE069I01010,GSTK532832,Embassy Developments,Embassy Developments,532832,EMBDL
INE0SII01026,GSTK544367,Quality Power Electrical Equipments,Quality Power Elect.,544367,QPOWER
INE726V01018,GSTK540293,Pricol,Pricol,540293,PRICOLLTD
INE804L01022,GSTK543427,Medplus Health Services,Medplus Health Services,543427,MEDPLUS
INE836A01035,GSTK532400,Birlasoft,Birlasoft,532400,BSOFT
INE621H01010,GSTK532915,Religare Enterprises,Religare Enterprises,532915,RELIGARE
INE813A01018,GSTK532313,Mahindra Lifespace Developers,Mahindra Lifespace,532313,MAHLIFE
INE854B01010,GSTK522285,Jayaswal Neco Industries,Jayaswal Neco Inds,522285,JAYNECOIND
INE679V01027,GSTK540205,Aditya Vision,Aditya Vision,540205,AVL
INE294B01019,GSTK505192,SML Mahindra,SML Mahindra,505192,SMLMAH
INE460H01021,GSTK540575,Star Cement,Star Cement,540575,STARCEMENT
INE625G01013,GSTK532553,Welspun Enterprises,Welspun Enterprises,532553,WELENT
INE211R01019,GSTK539302,Power Mech Projects,Power Mech Projects,539302,POWERMECH
INE659A01023,GSTK506655,Sudarshan Chemical Industries,Sudarshan Chemicals,506655,SUDARSCHEM
INE001B01026,GSTK530813,KRBL,KRBL,530813,KRBL
INE411F01010,GSTK532468,Kama Holdings,Kama Holdings,532468,KAMAHOLD
INE743M01012,GSTK534076,RHI Magnesita India Ltd.,RHI Magnesita,534076,RHIM
INE945H01021,GSTK532867,V2 Retail,V2 Retail,532867,V2RETAIL
INE483B01026,GSTK521016,Indo Count Industries,Indo Count Inds,521016,ICIL
INE619B01017,GSTK540900,Newgen Software Technologies,Newgen Software Tech,540900,NEWGEN
INE922K01024,GSTK544044,India Shelter Finance Corporation,India Shelter Fin.,544044,INDIASHLTR
INE274F01020,GSTK505533,Westlife Foodworld Ltd,Westlife Development,505533,WESTLIFE
INE739E01017,GSTK532443,Cera Sanitaryware,Cera Sanitaryware,532443,CERA
INE036B01030,GSTK524226,Gujarat Ambuja Exports,Gujarat Ambuja Exp,524226,GAEL
INE0JO301016,GSTK543950,Yatharth Hospital & Trauma Care Services,Yatharth Hospital,543950,YATHARTH
INE666D01022,GSTK502219,Borosil Renewables,Borosil Renewables,502219,BORORENEW
INE227W01023,GSTK543318,Clean Science and Technology,Clean Science,543318,CLEAN
INE517B01013,GSTK532371,Tata Teleservices (Maharashtra),Tata Tele (Maha),532371,TTML
INE884B01025,GSTK500245,Kirloskar Ferrous Industries,Kirloskar Ferrous,500245,KIRLFER
INE919H01018,GSTK533047,Indian Metals & Ferro Alloys,IMFA,533047,IMFA
INE483C01032,GSTK532790,Tanla Platforms,Tanla Platforms,532790,TANLA
INE0CU601026,GSTK543490,GMR Power and Urban Infra,GMR Power,543490,GMRP&UI
INE560A01023,GSTK500201,India Glycols,India Glycols,500201,INDIAGLYCO
INE284S01014,GSTK543387,SJS Enterprises,SJS Enterprises,543387,SJS
INE429E01023,GSTK523025,Safari Industries (India),Safari Industries(I),523025,SAFARI
INE058A01010,GSTK500674,Sanofi India,Sanofi India,500674,SANOFI
INE16NZ01023,GSTK544595,Orkla India,Orkla India,544595,ORKLAINDIA
INE271B01025,GSTK500265,Maharashtra Seamless,Maharashtra Seamless,500265,MAHSEAMLES
INE0LMW01024,GSTK544012,Cello World,Cello World,544012,CELLO
INE855B01025,GSTK500339,Rain Industries,Rain Industries,500339,RAIN
INE317F01035,GSTK505355,Nesco,Nesco,505355,NESCO
INE113A01013,GSTK500670,Gujarat Narmada Valley Fertilizers & Chemicals Ltd,GNFC,500670,GNFC
INE280B01018,GSTK500123,ELANTAS Beck India,ELANTAS Beck India,500123,ELANTAS
INE099Z01011,GSTK541195,Mishra Dhatu Nigam,Mishra Dhatu Nigam,541195,MIDHANI
INE221J01015,GSTK538666,Sharda Cropchem,Sharda Cropchem,538666,SHARDACROP
INE542W01025,GSTK542323,KPI Green Energy,KPI Green Energy,542323,KPIGREEN
INE647O01011,GSTK535755,Aditya Birla Fashion & Retail,ABFRL,535755,ABFRL
INE0LXT01019,GSTK543957,Redtape,Redtape,543957,REDTAPE
INE640A01023,GSTK500472,SKF India,SKF India,500472,SKFINDIA
INE668F01031,GSTK532926,Jyothy Labs,Jyothy Labs,532926,JYOTHYLAB
INE0J5801029,GSTK544476,Jeena Sikho Lifecare,Jeena Sikho Life,544476,JSLL
INE276A01018,GSTK509557,Garware Technical Fibres,Garware Tech Fibre,509557,GARFIBRES
INE0Q3J01015,GSTK544263,KRN Heat Exchanger And Refrigeration,KRN Heat Exch Refrig,544263,KRN
INE517F01014,GSTK533248,Gujarat Pipavav Port,Gujarat Pipavav Port,533248,GPPL
INE2KCE01013,GSTK544622,Kwality Wall's (India),Kwality Wall's India,544622,KWIL
INE546C01010,GSTK530305,Piccadily Agro Industries,Piccadily Agro,530305,PICCADIL
INE0UH301010,GSTK544720,Omnitech Engineering,Omnitech Engineering,544720,OMNI
INE688A01022,GSTK532349,Transport Corporation of India,TCI,532349,TCI
INE255A01020,GSTK500135,EPL,EPL,500135,EPL
INE473D01015,GSTK524019,Kingfa Science & Technology (India),Kingfa Science,524019,KINGFA
INE083K01017,GSTK533095,Bengal & Assam Company,Bengal & Assam Co,533095,BENGALASM
INE789E01012,GSTK532162,JK Paper,JK Paper,532162,JKPAPER
INE867C01010,GSTK526433,ASM Technologies,ASM Technologies,526433,
INE027A01015,GSTK524230,Rashtriya Chemicals & Fertilizers,Rashtriya Chemical,524230,RCF
INE221B01012,GSTK505242,Dynamatic Technologies,Dynamatic Tech,505242,DYNAMATECH
INE786A01032,GSTK500380,JK Lakshmi Cement,JK Lakshmi Cement,500380,JKLAKSHMI
INE091G01026,GSTK532976,Jai Balaji Industries,Jai Balaji Inds,532976,JAIBALAJI
INE917M01012,GSTK540047,Dilip Buildcon,Dilip Buildcon,540047,DBL
INE07RO01027,GSTK543434,Supriya Lifescience,Supriya Lifescience,543434,SUPRIYA
INE254N01026,GSTK519126,Hindustan Foods,Hindustan Foods,519126,HNDFDS
INE399C01030,GSTK532509,Suprajit Engineering,Suprajit Engineering,532509,SUPRAJIT
INE050E01027,GSTK530999,Balaji Amines,Balaji Amines,530999,BALAMINES
INE600K01018,GSTK540935,Galaxy Surfactants,Galaxy Surfactants,540935,GALAXYSURF
INE04TZ01018,GSTK543532,Ethos,Ethos,543532,ETHOSLTD
INE428V01029,GSTK544647,Nephrocare Health Services,Nephrocare Health Se,544647,NEPHROPLUS
INE340A01012,GSTK500335,Birla Corporation,Birla Corporation,500335,BIRLACORPN
INE933K01021,GSTK533229,Bajaj Consumer Care,Bajaj Corp,533229,BAJAJCON
INE372C01037,GSTK523539,Precision Wires India,Precision Wires,523539,PRECWIRE
INE278Y01022,GSTK543523,Campus Activewear,Campus Active,543523,CAMPUS
INE510W01014,GSTK543667,Inox Green Energy Services,Inox Green Energy Se,543667,INOXGREEN
INE454P01035,GSTK544317,Transrail Lighting,Transrail Lighting,544317,TRANSRAILL
INE348A01023,GSTK527001,Ashapura Minechem,Ashapura Minechem,527001,ASHAPURMIN
INE232I01014,GSTK532872,Sun Pharma Advanced Research Company,Sun Pharma Adv. Res,532872,SPARC
INE258B01022,GSTK531599,FDC,FDC,531599,FDC
INE274Y01021,GSTK544356,Ajax Engineering,Ajax Engineering,544356,AJAXENGG
INE314T01033,GSTK539725,Gokul Agro Resources,Gokul Agro Resources,539725,GOKULAGRO
INE602W01027,GSTK543936,Senco Gold,Senco Gold,543936,SENCO
INE555B01013,GSTK532395,Axiscades Technologies,Axiscades Tech,532395,AXISCADES
INE947A01014,GSTK500404,Sunflag Iron & Steel Co,Sunflag Iron,500404,SUNFLAG
INE0I7C01011,GSTK543398,Latent View Analytics,Latent View,543398,LATENTVIEW
INE639B01023,GSTK506854,Tanfac Industries,Tanfac Industries,506854,
INE334L01012,GSTK539874,Ujjivan Financial Services,Ujjivan Financial,539874,UJJIVAN
INE128X01021,GSTK543657,Archean Chemical Industries,Archean Chem Inds,543657,ACI
INE420C01059,GSTK532900,Paisalo Digital,Paisalo Digital,532900,PAISALO
INE177F01017,GSTK523323,Kovai Medical Center & Hospital,Kovai Medical Center,523323,KOVAI
INE0BV301023,GSTK543425,CE Info Systems,CE Info Systems,543425,MAPMYINDIA
INE919P01029,GSTK538566,Apollo Tricoat Tubes,Apollo Tricoat Tubes,538566,
INE493A01027,GSTK532301,Tata Coffee,Tata Coffee,532301,TATACOFFEE
INE544R01021,GSTK538979,Greenlam Industries,Greenlam Industries,538979,GREENLAM
INE078V01014,GSTK544488,Vikram Solar,Vikram Solar,544488,VIKRAMSOLR
INE03EI01018,GSTK544008,Max Estates,Max Estates,544008,MAXESTATES
INE908D01010,GSTK531431,Shakti Pumps India,Shakti Pumps,531431,SHAKTIPUMP
INE0U3I01011,GSTK544322,Unimech Aerospace and Manufacturing,Unimech Aerospace,544322,UNIMECH
INE879I01012,GSTK533160,Valor Estate,Valor Estate,533160,DBREALTY
INE495P01020,GSTK543253,Mrs Bectors Food Specialities,Mrs Bectors Food,543253,BECTORFOOD
INE026A01025,GSTK500690,Gujarat State Fertilizers & Chemicals,GSFC,500690,GSFC
INE195J01029,GSTK539150,PNC Infratech,PNC Infratech,539150,PNCINFRA
INE738D01029,GSTK512065,Mrugesh Trading,Mrugesh Trading,512065,
INE021O01019,GSTK543306,Dodla Dairy,Dodla Dairy,543306,DODLA
INE312H01016,GSTK532706,INOX Leisure,INOX Leisure,532706,INOXLEISUR
INE665J01013,GSTK534976,V-Mart Retail,V-Mart Retail,534976,VMART
INE717A01029,GSTK505890,Kennametal India,Kennametal,505890,KENNAMET
INE570A01022,GSTK500214,Ion Exchange (India),Ion Exchange,500214,IONEXCHANG
INE460C01014,GSTK526367,Ganesh Housing,Ganesh Housing,526367,GANESHHOU
INE227J01012,GSTK544423,Kalpataru,Kalpataru,544423,KALPATARU
INE737H01014,GSTK532768,Fiem Industries,Fiem Inds,532768,FIEMIND
INE599M01018,GSTK535648,Just Dial,Just Dial,535648,JUSTDIAL
INE953L01027,GSTK544118,Jana Small Finance Bank,Jana Small Fin. Bank,544118,JSFB
INE858B01029,GSTK533033,ISGEC Heavy Engineering,ISGEC Heavy Engg,533033,ISGEC
INE18JU01028,GSTK544455,GNG Electronics,GNG Electronics,544455,EBGNG
INE0CJD01029,GSTK543273,Knowledge Marine & Engineering Works,Knowledge Marine,543273,KMEW
INE0LRU01027,GSTK543748,Aarti Pharmalabs Ltd.,Aarti Pharmalabs,543748,AARTIPHARM
INE955V01021,GSTK542484,Arvind Fashions,Arvind Fashions,542484,ARVINDFASN
INE353K01014,GSTK532189,India Tourism Development Corp,ITDC,532189,ITDC
INE503A01015,GSTK532772,DCB Bank,DCB Bank,532772,DCBBANK
INE0RB801010,GSTK544319,Senores Pharmaceuticals,Senores Pharmaceutic,544319,SENORES
INE0AG901020,GSTK544223,Ceigall India,Ceigall India,544223,CEIGALL
INE806T01020,GSTK543397,Sapphire Foods India,Sapphire Foods,543397,SAPPHIRE
INE887G01027,GSTK532630,Gokaldas Exports,Gokaldas Exports,532630,GOKEX
INE285J01028,GSTK540673,SIS,SIS,540673,SIS
INE395N01027,GSTK543965,TVS Supply Chain Solutions,TVS Supply Chain Sol,543965,TVSSCS
INE439E01022,GSTK538562,Skipper,Skipper,538562,SKIPPER
INE270A01029,GSTK521070,Alok Industries,Alok Industries,521070,ALOKINDS
INE545H01011,GSTK532804,Technocraft Industries (India),Technocraft Inds,532804,TIIL
INE759A01021,GSTK523704,Mastek,Mastek,523704,MASTEK
INE348L01012,GSTK540749,MAS Financial Services,MAS Financial,540749,MASFIN
INE007N01010,GSTK544027,Fedbank Financial Services Ltd,Fedbank Financial,544027,FEDFINA
INE024001021,GSTK543972,Aeroflex Industries,Aeroflex Industries,543972,AEROFLEX
INE419U01012,GSTK543227,Happiest Minds Technologies,Happiest Minds Tech.,543227,HAPPSTMNDS
INE074A01025,GSTK522205,Praj Industries,Praj Industries,522205,PRAJIND
INE239C01020,GSTK526951,Stylam Industries,Stylam Industries,526951,STYLAMIND
INE679A01013,GSTK542867,CSB Bank,CSB Bank,542867,CSBBANK
INE490G01020,GSTK533286,MOIL,MOIL,533286,MOIL
INE350C01017,GSTK530135,Optiemus Infracom,Optiemus infracom,530135,OPTIEMUS
INE987S01020,GSTK544664,KSH International,KSH International,544664,KSHINTL
INE025B01025,GSTK526729,Goldiam International,Goldiam Intl,526729,GOLDIAM
INE549A01026,GSTK500185,Hindustan Construction Company,Hindustan Constr,500185,HCC
INE04VU01023,GSTK544533,Seshaasai Technologies,Seshaasai Technologi,544533,STYL
INE912T01018,GSTK539837,Raghav Productivity Enhancers,Raghav Productivity,539837,RPEL
INE910A01012,GSTK500307,Nirlon,Nirlon,500307,NIRLON
INE0DUT01020,GSTK544067,Innova Captab,Innova Captab,544067,INNOVACAP
INE416D01022,GSTK506197,Bliss GVS Pharma,Bliss GVS Pharma,506197,BLISSGVS
INE136S01016,GSTK542665,Neogen Chemicals,Neogen Chemicals,542665,NEOGEN
INE224A01026,GSTK501455,Greaves Cotton,Greaves Cotton,501455,GREAVESCOT
INE483S01020,GSTK539807,AvenuesAI,AvenuesAI,539807,CCAVENUE
INE13B501022,GSTK544526,Saatvik Green Energy,Saatvik Green Energy,544526,SAATVIKGL
INE0J1F01024,GSTK544119,Rashi Peripherals,Rashi Peripheral,544119,RPTECH
INE758C01029,GSTK532811,Ahluwalia Contracts (India),Ahluwalia Contracts,532811,AHLUCONT
INE0M4D01010,GSTK544333,Standard Engineering Technology,Standard Engineering,544333,SETL
INE010601016,GSTK544122,Entero Healthcare Solutions,Entero Healthcare,544122,ENTERO
INE0NAZ01010,GSTK544447,Smartworks Coworking Spaces,Smartworks Coworking,544447,SMARTWORKS
INE010A01011,GSTK500338,Prism Johnson,Prism Johnson,500338,PRSMJOHNSN
INE011E01029,GSTK531112,Balu Forge Industries,Balu Forge Inds,531112,BALUFORGE
INE064A01026,GSTK500414,Timex Group India,Timex Group,500414,TIMEX
INE287B01021,GSTK517168,Subros,Subros,517168,SUBROS
INE559A01017,GSTK505726,IFB Industries,IFB Industries,505726,IFBIND
INE055S01018,GSTK543933,Cyient DLM,Cyient DLM,543933,CYIENTDLM
INE09VQ01012,GSTK543258,Indigo Paints,Indigo Paints,543258,INDIGOPNTS
INE635Q01029,GSTK538567,Gulf Oil Lubricants India,Gulf Oil Lubricants,538567,GULFOILLUB
INE039C01032,GSTK520051,Jamna Auto Industries,Jamna Auto Inds,520051,JAMNAAUTO
INE024F01011,GSTK531201,Shilchar Technologies,Shilchar Tech,531201,SHILCTECH
INE320B01020,GSTK517544,Centum Electronics,Centum Electronics,517544,CENTUM
INE218I01013,GSTK544580,Canara Robeco Asset Management Co,Canara Robeco Asset,544580,CRAMC
INE877F01012,GSTK532524,PTC India,PTC India,532524,PTC
INE335A01020,GSTK500336,Surya Roshni,Surya Roshni,500336,SURYAROSNI
INE694D01016,GSTK519156,Vadilal Industries,Vadilal Industries,519156,VADILALIND
INE752H01013,GSTK534804,CARE Ratings,CARE Ratings,534804,CARERATING
INE111Q01021,GSTK538730,PDS Limited,Pds In,538730,PDSL
INE337A01034,GSTK500250,LG Balakrishnan & Bros,LG Balakrishnan,500250,LGBBROSLTD
INE263M01029,GSTK543669,Keystone Realtors Ltd,Keystone Realtors,543669,RUSTOMJEE
INE127I01024,GSTK530655,Goodluck India,Goodluck India,530655,GOODLUCK
INE07T201019,GSTK543248,Restaurant Brands Asia,Restaurant Brands,543248,RBA
INE02YR01019,GSTK543626,Electronics Mart India,Electronics Mart Ind,543626,EMIL
INE597I01028,GSTK535602,Sharda Motor Industries,Sharda Motor,535602,SHARDAMOTR
INE191A01027,GSTK524372,Orchid Pharma,Orchid Pharma,524372,ORCHPHARMA
INE323I01011,GSTK532891,Puravankara,Puravankara,532891,PURVA
INE455F01025,GSTK532532,Jaiprakash Associates,Jaiprakash Asso,532532,JPASSOCIAT
INE615P01015,GSTK539978,Quess Corp,Quess Corp,539978,QUESS
INE576O01020,GSTK543277,Laxmi Organic Industries,Laxmi Organic Inds.,543277,LXCHEM
INE162B01018,GSTK517206,Lumax Industries,Lumax Industries,517206,LUMAXIND
INE186A01019,GSTK530001,Gujarat Alkalies & Chemicals,Gujarat Alkalies,530001,GUJALKALI
INE0B9K01025,GSTK544209,Bansal Wire Industries,Bansal Wire Inds.,544209,BANSALWIRE
INE365B01017,GSTK532528,Datamatics Global Services,Datamatic Global Ser,532528,DATAMATICS
INE332A01027,GSTK500413,Thomas Cook India,Thomas Cook India,500413,THOMASCOOK
INE256C01024,GSTK532356,Triveni Engineering & Industries,Triveni Engg,532356,TRIVENI
INE802C01033,GSTK513262,Steel Strips Wheels,Steel Strips Wheels,513262,SSWL
INE878A01011,GSTK532309,GE Power India,GE Power India,532309,GVPIL
INE00M201021,GSTK542760,Sterling and Wilson Renewable Energy,Sterling,542760,SWSOLAR
INE417C01014,GSTK539883,Pilani Investment & Industries Corporation,Pilani Investment,539883,PILANIINVS
INE835D01023,GSTK504036,Hirect,Hirect,504036,HIRECT
INE225D01027,GSTK517385,Symphony,Symphony,517385,SYMPHONY
INE725G01011,GSTK532835,ICRA,ICRA,532835,ICRA
INE279A01012,GSTK504212,Universal Cables,Universal Cables,504212,UNIVCABLES
INE305A01023,GSTK526650,Tourism Finance Corporation of India,TFCI,526650,TFCILTD
INE025R01021,GSTK542919,Artemis Medicare Services,Artemis Medicare,542919,ARTEMISMED
INE071N01016,GSTK543332,Epigral,Epigral Ltd,543332,EPIGRAL
INE399K01017,GSTK533122,RattanIndia Power,RattanIndia Power,533122,RTNPOWER
INE343B01030,GSTK531500,Rajesh Exports,Rajesh Exports,531500,RAJESHEXPO
INE616Z01012,GSTK541167,Yasho Industries,Yasho Industries,541167,YASHO
INE850M01015,GSTK544260,Northern Arc Capital,Northern Arc Capital,544260,NORTHARC
INE087H01022,GSTK532670,Shree Renuka Sugars,Shree Renuka Sugars,532670,RENUKA
INE366I01010,GSTK539118,VRL Logistics,VRL Logistics,539118,VRLLOG
INE943D01017,GSTK532440,MPS,MPS,532440,MPSLTD
INE415A01038,GSTK500187,AGI Greenpac,AGI Greenpac,500187,AGI
INE045J01034,GSTK533333,Fineotex Chemical,Fineotex Chemical,533333,FCL
INE105J01010,GSTK532983,RPG Life Sciences,RPG Life Sciences,532983,RPGLIFE
INE688D01026,GSTK505509,Responsive Industries,Responsive Industries,505509,RESPONIND
INE435G01025,GSTK507717,Dhanuka Agritech,Dhanuka Agritech,507717,DHANUKA
INE870H01013,GSTK532798,Network18 Media & Investments,Network18 Media,532798,NETWORK18
INE621L01012,GSTK533326,Texmaco Rail & Engineering,Texmaco Rail,533326,TEXRAIL
INE422C01014,GSTK504966,Tinplate Company of India,Tinplate Company,504966,TINPLATE
INE765D01022,GSTK505872,WPIL,WPIL,505872,WPIL
INE979B01015,GSTK508486,Hawkins Cookers,Hawkins Cookers,508486,HAWKINCOOK
INE618R01015,GSTK539199,SG Finserve,SG Finserve,539199,SGFIN
INE126M01010,GSTK533520,Indiabulls,Indiabulls,533520,IBULLSLTD
INE884A01027,GSTK532156,Vaibhav Global,Vaibhav Global,532156,VAIBHAVGBL
INE805D01034,GSTK512179,Sunteck Realty,Sunteck Realty,512179,SUNTECK
INE0S3G01027,GSTK544550,Pace Digitek,Pace Digitek,544550,PACEDIGITK
INE295D01020,GSTK524709,NACL Industries,NACL Industries,524709,NACLIND
INE998I01010,GSTK533088,Mahindra Holidays & Resorts India,Mahindra Holi.&Resor,533088,MHRIL
INE277A01016,GSTK500407,Swaraj Engines,Swaraj Engines,500407,SWARAJENG
INE086A01029,GSTK500128,Electrosteel Castings,Electrosteel Castings,500128,ELECTCAST
INE189B01011,GSTK506222,Styrenix Performance Materials,Styrenix Performance,506222,STYRENIX
INE459A01010,GSTK500041,Bannari Amman Sugars,Bannari Amman Sugars,500041,BANARISUG
INE255X01014,GSTK542597,MSTC,MSTC,542597,MSTCLTD
INE925R01014,GSTK543441,CMS Info Systems,CMS Info Systems,543441,CMSINFO
INE696F01016,GSTK544129,Juniper Hotels,Juniper Hotels,544129,JUNIPER
INE294Z01018,GSTK542460,Anup Engineering,Anup Engineering,542460,ANUP
INE834M01019,GSTK534597,RattanIndia Enterprises,RattanIndia Entr,534597,RTNINDIA
INE0XAD01024,GSTK544587,Midwest,Midwest,544587,MIDWESTLTD
INE02ID01020,GSTK544240,Raymond Lifestyle,Raymond Lifestyle,544240,RAYMONDLSL
INE519N01014,GSTK526570,Midwest Gold,Midwest Gold,526570,
INE386D01027,GSTK513097,Shivalik Bimetal Controls,Shivalik Bimetal,513097,SBCL
INE005B01027,GSTK532406,Avantel,Avantel,532406,AVANTEL
INE485C01029,GSTK524164,IOL Chemicals & Pharmaceuticals,IOLCP,524164,IOLCP
INE111B01023,GSTK526881,63 Moons Technologies,63 Moons Tech,526881,63MOONS
INE1SY401010,GSTK544420,Raymond Realty,Raymond Realty,544420,RAYMONDREL
INE498B01024,GSTK532638,Shoppers Stop,Shoppers Stop,532638,SHOPERSTOP
INE054A01027,GSTK507880,VIP Industries,VIP Industries,507880,VIPIND
INE515A01019,GSTK500147,John Cockerill India Ltd,John Cockerill India,500147,COCKERILL
INE613A01020,GSTK500355,Rallis India,Rallis India,500355,RALLIS
INE855C01023,GSTK517498,Websol Energy System,Websol Energy System,517498,WEBELSOLAR
INE0GK401011,GSTK543321,Tatva Chintan Pharma Chem,Tatva Chintan,543321,TATVA
INE046W01019,GSTK544055,Muthoot Microfin,Muthoot Microfin,544055,MUTHOOTMF
INE207E01023,GSTK522281,Ram Ratna Wires,Ram Ratna Wires,522281,RAMRAT
INE056I01025,GSTK532884,Refex Industries,Refex Industries,532884,REFEX
INE0E7301029,GSTK544642,Wakefit Innovations,Wakefit Innovations,544642,WAKEFIT
INE250A01039,GSTK500243,Kirloskar Industries,Kirloskar Industries,500243,KIRLOSIND
INE270I01022,GSTK516072,Vishnu Chemicals,Vishnu Chemicals,516072,VISHNU
INE035D01020,GSTK524667,Savita Oil Technologies,Savita Oil Tech,524667,SOTL
INE988K01017,GSTK539844,Equitas Holdings,Equitas Holdings,539844,EQUITAS
INE501X01029,GSTK544699,AYE Finance,AYE Finance,544699,AYE
INE766P01016,GSTK540768,Mahindra Logistics,Mahindra Logistics,540768,MAHLOG
INE291D01011,GSTK532054,KDDL,KDDL,532054,KDDL
INE132H01018,GSTK532668,Aurionpro Solutions,Aurionpro Solutions,532668,AURIONPRO
INE0EK901012,GSTK543249,TARC,TARC,543249,TARC
INE896L01010,GSTK541336,IndoStar Capital Finance,IndoStar Capital,541336,INDOSTAR
INE935B01025,GSTK532407,Moschip Technologies,Moschip Tech,532407,MOSCHIP
INE455I01029,GSTK532899,Kaveri Seed Company,Kaveri Seed Co,532899,KSCL
INE539A01019,GSTK500171,GHCL,GHCL,500171,GHCL
INE306A01021,GSTK500032,Bajaj Hindusthan Sugar,Bajaj Hindusthan Sug,500032,BAJAJHIND
INE063E01061,GSTK532626,Pondy Oxides & Chemicals,Pondy Oxides,532626,POCL
INE08U801020,GSTK543984,Samhi Hotels,Samhi Hotels,543984,SAMHI
INE0JPD01013,GSTK544314,Sanathan Textiles,Sanathan Textiles,544314,SANATHAN
INE993A01026,GSTK513269,Man Industries India,Man Industries,513269,MANINDS
INE349A01021,GSTK530367,NRB Bearings,NRB Bearings,530367,NRBBEARING
INE0ILV01024,GSTK544614,Capillary Technologies India,Capillary Techno Ind,544614,CAPILLARY
INE949H01023,GSTK533169,Man InfraConstruction,Man InfraConstruct,533169,MANINFRA
INE945F01025,GSTK512068,Deccan Gold Mines,Deccan Gold Mines,512068,DECNGOLD
INE365D01021,GSTK523716,Ashiana Housing,Ashiana Housing,523716,ASHIANA
INE519A01011,GSTK500150,Foseco India,Foseco India,500150,FOSECOIND
INE643A01035,GSTK520057,JTEKT India,JTEKT India,520057,JTEKTINDIA
INE942C01045,GSTK506879,Gujarat Themis Biosyn,Guj Themis Biosyn,506879,GUJTHEM
INE742B01025,GSTK509079,Gufic Biosciences,Gufic Biosciences,509079,GUFICBIO
INE932X01026,GSTK540725,Share India Securities,Share India,540725,SHAREINDIA
INE976R01033,GSTK539042,AGI Infra,AGI Infra,539042,AGIIL
INE488V01015,GSTK540544,PSP Projects,PSP Projects,540544,PSPPROJECT
INE541A01023,GSTK505255,GMM Pfaudler,GMM Pfaudler,505255,GMMPFAUDLR
INE767A01016,GSTK524348,Aarti Drugs,Aarti Drugs,524348,AARTIDRUGS
INE301A01014,GSTK500330,Raymond,Raymond,500330,RAYMOND
INE01QM01018,GSTK543533,eMudhra,eMudhra,543533,EMUDHRA
INE0LLY01014,GSTK544290,Enviro Infra Engineers,Enviro Infra Engine.,544290,EIEL
INE202H01019,GSTK532686,Kernex Microsystems (India),Kernex Microsystem,532686,KERNEX
INE193E01025,GSTK500031,Bajaj Electricals,Bajaj Electricals,500031,BAJAJELEC
INE764D01017,GSTK531266,VST Tillers Tractors,VST Tillers Tractors,531266,VSTTILLERS
INE0AJG01018,GSTK543242,Hemisphere Properties India,Hemisphere Prop,543242,HEMIPROP
INE907A01026,GSTK500235,Kalyani Steels,Kalyani Steels,500235,KSL
INE567L01025,GSTK501261,Lords Mark Industries,Lords Mark Inds.,501261,
INE0FHS01024,GSTK543288,Deep Industries,Deep Industries,543288,DEEPINDS
INE247D01039,GSTK531543,Jindal Worldwide,Jindal Worldwide,531543,JINDWORLD
INE234A01025,GSTK500672,Novartis India,Novartis,500672,NOVARTIND
INE782A01015,GSTK523398,Bosch Home Comfort India,Bosch Home Comfort,523398,BOSCH-HCIL
INE278H01035,GSTK541163,Sandhar Technologies,Sandhar Technologies,541163,SANDHAR
INE414D01027,GSTK531719,Bhagiradha Chemicals & Industries,Bhagiradha Chem,531719,BHAGCHEM
INE325D01025,GSTK532029,Sindhu Trade Links,Sindhu Trade Links,532029,SINDHUTRAD
INE710A01016,GSTK509966,VST Industries,VST Industries,509966,VSTIND
INE976A01021,GSTK500444,West Coast Paper Mills,West Coast Paper,500444,WSTCSTPAPR
INE0BYP01024,GSTK544418,Oswal Pumps,Oswal Pumps,544418,OSWALPUMPS
INE052V01019,GSTK519477,Cian Agro Industries & Infrastructure,Cian Agro Inds,519477,
INE150G01020,GSTK539542,Lux Industries,Lux Industries,539542,LUXIND
INE674A01014,GSTK513010,Tata Steel Long Products,Tata Steel Long,513010,TATASTLLP
INE645S01024,GSTK543325,Rolex Rings,Rolex Rings,543325,ROLEXRINGS
INE950I01011,GSTK533151,DB Corp,DB Corp,533151,DBCORP
INE142Z01019,GSTK541301,Orient Electric,Orient Electric,541301,ORIENTELEC
INE236E01022,GSTK544421,Ellenbarrie Industrial Gases,Ellenbarrie Indl.Gas,544421,ELLEN
INE01EO01010,GSTK544386,Spectrum Electrical Industries,Spectrum Electrical,544386,SPECTRUM
INE497B01018,GSTK526807,Seamec,Seamec,526807,SEAMECLTD
INE094B01013,GSTK543766,Ashika Global Securities,Ashika Global Sec.,543766,ASHIKAG
INE558B01017,GSTK530011,Mangalore Chemicals & Fertilisers,Mangalore Chemical,530011,
INE576I01022,GSTK532940,J Kumar Infraprojects,J Kumar Infra,532940,JKIL
INE06ST01018,GSTK544454,Indiqube Spaces,Indiqube Spaces,544454,INDIQUBE
INE0JUS01029,GSTK543600,Harsha Engineers International,Harsha Engineers Int,543600,HARSHA
INE0MWH01014,GSTK544545,TruAlt Bioenergy,TruAlt Bioenergy,544545,TRUALT
INE351A01035,GSTK506690,Unichem Laboratories,Unichem Laboratories,506690,UNICHEMLAB
INE0OJW01016,GSTK544294,Rossell Techsys Ltd.,Rossell Techsys,544294,ROSSTECH
INE863B01029,GSTK526247,Premier Explosives,Premier Explosives,526247,PREMEXPLN
INE461C01038,GSTK526797,Greenply Industries,Greenply Industries,526797,GREENPLY
INE989A01032,GSTK530073,Sanghvi Movers,Sanghvi Movers,530073,SANGHVIMOV
INE349Y01013,GSTK543932,Ideaforge Technology,Ideaforge Technology,543932,IDEAFORGE
INE12NJ01018,GSTK544430,Sambhv Steel Tubes,Sambhv Steel Tubes,544430,SAMBHV
INE837H01020,GSTK540025,Advanced Enzyme Technologies,Advanced Enzyme,540025,ADVENZYMES
INE926X01010,GSTK541019,HG Infra Engineering (Part IX),HGIEL,541019,HGINFRA
INE445C01015,GSTK590013,Xpro India,Xpro India,590013,XPROINDIA
INE056C01010,GSTK513434,Tata Metaliks,Tata Metaliks,513434,TATAMETALI
INE812G01025,GSTK532815,SMS Pharmaceuticals,SMS Pharmaceuticals,532815,SMSPHARMA
INE870D01012,GSTK523630,National Fertilizers,National Fertilizers,523630,NFL
INE450D01021,GSTK513519,Pitti Engineering,Pitti Engineering,513519,PITTIENG
INE841L01016,GSTK544198,Dee Development Engineers Ltd,Dee Development Eng.,544198,DEEDEV
INE675C01017,GSTK534758,Cigniti Technologies,Cigniti Technologies,534758,
INE633B01018,GSTK524051,Polyplex Corporation,Polyplex Corporation,524051,POLYPLEX
INE266D01021,GSTK505710,Grauer & Weil (India),Grauer & Weil,505710,GRAUWEIL
INE578A01017,GSTK500292,Heidelberg Cement India,Heidelberg Cement,500292,HEIDELBERG
INE0JA001018,GSTK543528,Venus Pipes & Tubes,Venus Pipes & Tubes,543528,VENUSPIPES
INE274G01010,GSTK532960,Dhani Services,Dhani Services,532960,
INE715A01015,GSTK590073,Wheels India,Wheels India,590073,WHEELS
INE634I01029,GSTK532942,KNR Constructions,KNR Constructions,532942,KNRCON
INE0S4R01014,GSTK544439,Crizac,Crizac,544439,CRIZAC
INE094I01018,GSTK532924,Kolte-Patil Developers,Kolte-Patil Develop.,532924,KOLTEPATIL
INE516A01017,GSTK500148,Uflex,Uflex,500148,UFLEX
INE442H01029,GSTK533271,Ashoka Buildcon,Ashoka Buildcon,533271,ASHOKA
INE450U01017,GSTK543228,Route Mobile,Route Mobile,543228,ROUTE
INE731F01037,GSTK500365,Welspun Specialty Solutions,Welspun Specialty,500365,WELSPLSOL
INE0L9R01028,GSTK544140,Gopal Snacks,Gopal Snacks,544140,GOPAL
INE139R01012,GSTK543652,Fusion Finance,Fusion Finance,543652,FUSION
INE681B01017,GSTK532150,Indraprastha Medical Corporation,Indrapras Med Corp,532150,INDRAMEDCO
INE206N01018,GSTK504341,Ravindra Energy,Ravindra Energy,504341,RELTD
INE482D01024,GSTK524091,Carysil,Carysil,524091,CARYSIL
INE440T01028,GSTK539921,Shanti Educational Initiatives,Shanti Educational,539921,SEIL
INE342G01023,GSTK543952,NIIT Learning Systems ,NIIT Learning Sys,543952,NIITMTS
INE244O01017,GSTK543689,Uniparts India,Uniparts India,543689,UNIPARTS
INE816B01035,GSTK526227,Filatex India,Filatex India,526227,FILATEX
INE040D01038,GSTK522249,Mayur Uniquoters,Mayur Uniquoters,522249,MAYURUNIQ
INE549H01021,GSTK544530,Anand Rathi Share & Stock Brokers,Anand Rathi Share,544530,ARSSBL
INE050H01012,GSTK532661,Rane (Madras),Rane Madras,532661,RML
INE506A01018,GSTK523618,Dredging Corporation of India,Dredging Corporation,523618,DREDGECORP
INE039O01029,GSTK544402,Jash Engineering,Jash Engineering,544402,JASH
INE0FFK01017,GSTK544396,Network People Services Technologies,Network People S,544396,NPST
INE154U01015,GSTK539940,Max Ventures & Industries,Max Ventures & Inds,539940,MAXVIL
INE845D01014,GSTK514167,Ganesha Ecosphere,Ganesha Ecosphere,514167,GANECOS
INE631A01022,GSTK522034,Shanthi Gears,Shanthi Gears,522034,SHANTIGEAR
INE116A01032,GSTK523694,Apcotex Industries,Apcotex Industries,523694,APCOTEXIND
INE124E01038,GSTK513517,Steelcast,Steelcast,513517,STEELCAS
INE083A01026,GSTK500288,Morepen Laboratories,Morepen Labs,500288,MOREPENLAB
INE198501012,GSTK544519,Euro Pratik Sales,Euro Pratik Sales,544519,EUROPRATIK
INE411H01032,GSTK532735,R Systems International,R Systems Intl.,532735,RSYSTEMS
INE903D01011,GSTK511551,Monarch Networth Capital,Monarch Networth,511551,MONARCH
INE425Y01011,GSTK542333,RPSG Ventures,RPSG Ventures,542333,RPSGVENT
INE488A01050,GSTK543336,Chemplast Sanmar,Chemplast Sanmar,543336,CHEMPLASTS
INE978A01027,GSTK519552,Heritage Foods,Heritage Foods,519552,HERITGFOOD
INE495C01010,GSTK514234,Sangam (India),Sangam India,514234,SANGAMIND
INE229H01012,GSTK532698,Nitin Spinners,Nitin Spinners,532698,NITINSPIN
INE401H01017,GSTK532732,Kewal Kiran Clothing,Kewal Kiran Clothing,532732,KKCL
INE732F01019,GSTK532479,ISMT,ISMT,532479,ISMTLTD
INE0V7W01012,GSTK544320,Carraro India,Carraro India,544320,CARRARO
INE00M901018,GSTK544232,Interarch Building Solutions,Interarch Building,544232,INTERARCH
INE066O01014,GSTK538268,Wonderla Holidays,Wonderla Holidays,538268,WONDERLA
INE0RYC01010,GSTK544342,Stallion India Fluorochemicals,Stallion India Fluor,544342,STALLION
INE421C01016,GSTK509243,TVS Srichakra,TVS Srichakra,509243,TVSSRICHAK
INE266Y01019,GSTK544161,DP Abhushan,DP Abhushan,544161,DPABHUSHAN
INE24OJ01011,GSTK544517,Shankara Buildpro,Shankara Buildpro,544517,BUILDPRO
INE579B01039,GSTK504000,Elpro International,Elpro International,504000,ELPROINTL
INE982B01027,GSTK519183,ADF Foods,ADF Foods,519183,ADFFOODS
INE461D01028,GSTK522215,HLE Glascoat,HLE Glascoat,522215,HLEGLAS
INE060A01024,GSTK508989,Navneet Education,Navneet Education,508989,NAVNETEDUL
INE164A01016,GSTK523319,Balmer Lawrie & Company,Balmer Lawrie & Co,523319,BALMLAWRIE
INE753U01022,GSTK543812,Divgi Torqtransfer Systems,Divgi Torqtransfer,543812,DIVGIITTS
INE050M01012,GSTK534392,Vardhman Special Steels,Vardhman Steel,534392,VSSL
INE385W01011,GSTK540701,Dishman Carbogen Amcis,Dishman Carbogen,540701,DCAL
INE602G01020,GSTK521248,Kitex Garments,Kitex Garments,521248,KITEX
INE689W01016,GSTK542907,Prince Pipes & Fittings,Prince Pipes,542907,PRINCEPIPE
INE637C01025,GSTK532486,Pokarna,Pokarna,532486,POKARNA
INE01FR01028,GSTK544243,Baazar Style Retail,Baazar Style Retail,544243,STYLEBAAZA
INE079J01017,GSTK543489,Gateway Distriparks,Gateway Distri,543489,GATEWAY
INE922A01025,GSTK500052,Bhansali Engineering Polymers,Bhansali Engg. Poly.,500052,BEPL
INE818A01017,GSTK530075,Antelopus Selan Energy,Antelopus Selan Ener,530075,ANTELOPUS
INE886D01026,GSTK512008,EFC (I),EFC (I),512008,EFCIL
INE391J01032,GSTK534600,JTL Industries Ltd,JTL Industries,534600,JTLIND
INE822C01015,GSTK523301,TCPL Packaging,TCPL Packaging,523301,TCPLPACK
INE052A01021,GSTK522029,Windsor Machines,Windsor Machines,522029,WINDMACHIN
INE317W01030,GSTK542866,Colab Platforms,Colab Platforms,542866,
INE683C01011,GSTK590078,Maithan Alloys,Maithan Alloys,590078,MAITHANALL
INE464A01036,GSTK503960,Bharat Bijlee,Bharat Bijlee,503960,BBL
INE023A01030,GSTK532256,Nalwa Sons Investments,Nalwa Sons Invst,532256,NSIL
INE495A01022,GSTK500097,Dalmia Bharat Sugar & Industries,Dalmia Bharat Inds,500097,DALMIASUG
INE614A01028,GSTK532369,Ramco Industries,Ramco Inds.,532369,RAMCOIND
INE155D01018,GSTK544786,Schneider Electric President Systems,Schneider Electric,544786,
INE337M01021,GSTK533676,Indo Thai Securities,Indo Thai Secs,533676,INDOTHAI
INE00HZ01011,GSTK526125,BN Agrochem,BN Agrochem,526125,BNAGROCHEM
INE02PY01013,GSTK543212,Borosil,Borosil,543212,BOROLTD
INE876N01018,GSTK535754,Orient Cement,Orient Cement,535754,ORIENTCEM
INE314H01012,GSTK501421,TechNVision Ventures,TechNVision,501421,TECHNVISN
INE02A801020,GSTK543213,Rossari Biotech,Rossari Biotech,543213,ROSSARI
INE0HR601026,GSTK543547,Ddev Plastiks Industries,Ddev Plastiks Ind.,543547,DDEVPLSTIK
INE197D01010,GSTK500227,Jindal Poly Films,Jindal Poly Films,500227,JINDALPOLY
INE332H01014,GSTK532717,Indo Tech Transformers,Indo Tech,532717,INDOTECH
INE393P01035,GSTK540724,Prataap Snacks,Prataap Snacks,540724,DIAMONDYD
INE0Q3R01026,GSTK544066,Sundaram-Clayton,Sundaram-Clayton,544066,SUNCLAY
INE231F01020,GSTK532663,Sasken Technologies,Sasken Technologies,532663,SASKEN
INE03CC01015,GSTK544355,Jubilant Agri And Consumer Products,Jubilant Agri & Con.,544355,JUBLCPL
INE382M01027,GSTK543283,United Foodbrands,United Foodbrands,543283,UFBL
INE305C01029,GSTK524820,Panama Petrochem,Panama Petrochem,524820,PANAMAPET
INE07K301024,GSTK543985,Zaggle Prepaid Ocean Services,Zaggle Prepaid Ocean,543985,ZAGGLE
INE163A01018,GSTK500730,Nocil,NOCIL,500730,NOCIL
INE345D01031,GSTK514446,LS Industries,LS Industries,514446,
INE00Y201027,GSTK544030,Flair Writing Industries,Flair Writing Indu.,544030,FLAIR
INE076B01028,GSTK503811,Siyaram Silk Mills,Siyaram Silk Mills,503811,SIYSIL
INE475B01022,GSTK524735,Hikal,Hikal,524735,HIKAL
INE0NLT01010,GSTK544107,BLS E-Services,BLS E-Services,544107,BLSE
INE449A01011,GSTK505010,Automotive Axles,Auto.Axle,505010,AUTOAXLES
INE034S01021,GSTK539301,Arvind Smartspaces,Arvind Smartspaces,539301,ARVSMART
INE579C01029,GSTK524394,Vimta Labs,Vimta Labs,524394,VIMTALABS
INE244B01030,GSTK531120,Patel Engineering,Patel Engineering,531120,PATELENG
INE703H01016,GSTK532799,Hubtown,Hubtown,532799,HUBTOWN
INE415I01015,GSTK532967,Kiri Industries,Kiri Industries,532967,KIRIINDUS
INE883N01014,GSTK539889,Parag Milk Foods,Parag Milk Foods,539889,PARAGMILK
INE0MLS01022,GSTK544540,EPack Prefab Technologies,EPack Prefab Techno.,544540,EPACKPEB
INE552U01010,GSTK539997,Kwality Pharmaceuticals,Kwality Pharma,539997,KPL
INE310A01015,GSTK523385,Nilkamal,Nilkamal,523385,NILKAMAL
INE456Z01021,GSTK544088,Medi Assist Healthcare Services,Medi Assist Health,544088,MEDIASSIST
INE172N01012,GSTK539056,Imagicaaworld Entertainment,Imagicaaworld,539056,IMAGICAA
INE092B01025,GSTK532240,India Nippon Electricals,India Nippon Elec,532240,INDNIPPON
INE836B01017,GSTK539404,Satin Creditcare Network,Satin Creditcare,539404,SATIN
INE552D01024,GSTK526829,Confidence Petroleum India,Confidence Petro,526829,CONFIPET
INE227C01017,GSTK522241,MM Forgings,MM Forgings,522241,MMFL
INE529A01010,GSTK505744,Federal-Mogul Goetze (India),Federal-Mogul Goetze,505744,FMGOETZE
INE07O001026,GSTK543272,EaseMyTrip,EaseMyTrip,543272,EASEMYTRIP
INE1AG301022,GSTK544525,GK Energy,GK Energy,544525,GKENERGY
INE182D01020,GSTK503101,Marathon Nextgen Realty,Marathon Nextgen,503101,MARATHON
INE874I01013,GSTK533262,Ramky Infrastructure,Ramky Infrastructure,533262,RAMKY
INE988S01028,GSTK544111,Apeejay Surrendra Park Hotels,Apeejay Surrendra Park,544111,PARKHOTELS
INE08KJ01020,GSTK542774,Mufin Green Finance,Mufin Green Finance,542774,MUFIN
INE347A01017,GSTK502157,Mangalam Cement,Mangalam Cement,502157,MANGLMCEM
INE0QRL01017,GSTK544261,Arkade Developers,Arkade Developers,544261,ARKADE
INE735W01017,GSTK543942,Utkarsh Small Finance Bank,Utkarsh Small Fin.,543942,UTKARSHBNK
INE858F01012,GSTK532722,Nitco,Nitco,532722,NITCO
INE00IN01015,GSTK543260,Stove Kraft,Stove Kraft,543260,STOVEKRAFT
INE922B01023,GSTK531349,Panacea Biotec,Panacea Biotec,531349,PANACEABIO
INE615I01010,GSTK533104,Globus Spirits,Globus Spirits,533104,GLOBUSSPR
INE625X01026,GSTK543525,Silver Touch Technologies,Silver Touch,543525,SILVERTUC
INE885H01029,GSTK539221,Sportking India,Sportking India,539221,SPORTKING
INE771F01041,GSTK524743,Fischer Medical Ventures,Fischer Medical,524743,FISCHER
INE0ALI01010,GSTK543230,Advait Energy Transitions,Advait Energy,543230,ADVAIT
INE187D01029,GSTK505160,Talbros Automotive Components,Talbros Automotive,505160,TALBROAUTO
INE451D01029,GSTK517522,Rajratan Global Wire,Rajratan Global Wire,517522,RAJRATAN
INE045A01017,GSTK517041,Ador Welding,Ador Welding,517041,ADOR
INE212I01016,GSTK540048,SP Apparels,SP Apparels,540048,SPAL
INE032A01023,GSTK500020,Bombay Dyeing And Manufacturing Company,Bombay Dyeing Mfg.,500020,BOMDYEING
INE004A01022,GSTK544021,Protean e-Gov Technologies,Protean e-Gov Tech.,544021,PROTEAN
INE162A01010,GSTK517300,Gujarat Industries Power Company,Guj Inds Power Co,517300,GIPCL
INE669R01026,GSTK539533,Elitecon International,Elitecon Intl,539533,ELITECON
INE209A01019,GSTK500215,Sundrop Brands,Sundrop Brands,500215,SUNDROP
INE0IQ001011,GSTK543514,Veranda Learning Solutions,Veranda Learning,543514,VERANDA
INE384A01010,GSTK505800,Rane Holdings,Rane Holdings,505800,RANEHOLDIN
INE128A01029,GSTK531508,Eveready Industries India,Eveready Industries,531508,EVEREADY
INE298G01035,GSTK513349,Ajmera Realty & Infra India,Ajmera Realty,513349,AJMERA
INE778U01029,GSTK541700,TCNS Clothing Co,TCNS Clothing Co,541700,TCNSBRANDS
INE0LGX01024,GSTK543620,Insolation Energy,Insolation Energy,543620,INA
INE052I01032,GSTK532834,Camlin Fine Sciences,Camlin Fine Sciences,532834,CAMLINFINE
INE624Z01016,GSTK541540,Solara Active Pharma Sciences,Solara Active Pharma,541540,SOLARA
INE0OAF01028,GSTK544167,JNK India,JNK India,544167,JNKINDIA
INE338F01015,GSTK522101,Kilburn Engineering,Kilburn Eng,522101,KLBRENG-B
INE0KKN01029,GSTK543590,Rhetan TMT,Rhetan TMT,543590,RHETAN
INE484C01030,GSTK590005,Veedol Corporation,Veedol Corporation,590005,VEEDOL
INE934C01018,GSTK526783,Dr Agarwal's Eye Hospital,Dr Agarwal's Hosp,526783,DRAGARWQ
INE612J01015,GSTK535322,Repco Home Finance,Repco Home Finance,535322,REPCOHOME
INE411B01019,GSTK526953,Venus Remedies,Venus Remedies,526953,VENUSREM
INE792Z01011,GSTK543686,SIRCA Paints India,SIRCA Paints India,543686,SIRCA
INE029L01018,GSTK533302,Kalyani Investment Company,KICL,533302,KICL
INE725E01024,GSTK590086,Orissa Minerals Development Company,OMDC,590086,ORISSAMINE
INE661I01014,GSTK532930,BGR Energy Systems,BGR Energy Systems,532930,BGRENERGY
INE622Q01027,GSTK539682,Mobavenue Ai Tech,Mobavenue Ai Tech,539682,
INE08ZM01014,GSTK542857,Greenpanel Industries,Greenpanel Inds.,542857,GREENPANEL
INE438E01032,GSTK523606,Sika Interplant Systems,Sika Interplant Sys,523606,SIKA
INE0N2P01017,GSTK543977,Rishabh Instruments,Rishabh Instruments,543977,RISHABH
INE488B01017,GSTK519091,Tasty Bite Eatables,Tasty Bite Eatables,519091,TASTYBITE
INE707A01012,GSTK517015,Vindhya Telelinks,Vindhya Telelinks,517015,VINDHYATEL
INE750A01020,GSTK500314,Oriental Hotels,Oriental Hotels,500314,ORIENTHOT
INE426A01027,GSTK506235,Alembic,Alembic,506235,ALEMBICLTD
INE757A01017,GSTK508814,Cosmo First,Cosmo First,508814,COSMOFIRST
INE456C01020,GSTK519588,DFM Foods,DFM Foods,519588,DFMFOODS
INE045B01015,GSTK504112,Nelco,NELCO,504112,NELCO
INE934S01014,GSTK540124,GNA Axles,GNA Axles,540124,GNA
INE0OV601013,GSTK543983,EMS,EMS,543983,EMSLIMITED
INE751B01018,GSTK500333,Pix Transmissions,Pix Transmission,500333,PIXTRANS
INE229C01021,GSTK502090,Sagar Cements,Sagar Cements,502090,SAGCEM
INE500L01026,GSTK539450,SH Kelkar And Company,SH Kelkar & Co,539450,SHK
INE586B01026,GSTK532390,Taj GVK Hotels & Resorts,Taj GVK Hotels,532390,TAJGVK
INE126J01016,GSTK531761,Apollo Pipes,Apollo Pipes,531761,APOLLOPIPE
INE03NU01014,GSTK544457,Brigade Hotel Ventures,Brigade Hotel Ven.,544457,BRIGHOTEL
INE275B01026,GSTK509820,Huhtamaki India,Huhtamaki India,509820,HUHTAMAKI
INE667G01023,GSTK590051,Saksoft,Saksoft,590051,SAKSOFT
INE08NE01025,GSTK544217,Sanstar,Sanstar,544217,SANSTAR
INE559R01029,GSTK543714,Landmark Cars,Landmark Cars,543714,LANDMARK
INE932A01024,GSTK513228,Pennar Industries,Pennar Industries,513228,PENIND
INE219W01012,GSTK515008,Modern Insulators,Modern Insulators,515008,
INE893J01029,GSTK533080,Mold-Tek Packaging,Mold-Tek Packaging,533080,MOLDTKPAC
INE927X01018,GSTK503681,Elcid Investments,Elcid Investments,503681,ELCIDIN
INE603A01013,GSTK506022,Prakash Industries,Prakash Industries,506022,PRAKASH
INE0G5901015,GSTK544095,EPACK Durable,EPACK Durable,544095,EPACK
INE777F01014,GSTK544133,Exicom Tele-Systems,Exicom Tele-Systems,544133,EXICOM
INE717W01049,GSTK544029,Gandhar Oil Refinery (India),Gandhar Oil Refinery,544029,GANDHAR
INE818W01011,GSTK544020,ESAF Small Finance Bank,ESAF Small Finance,544020,ESAFSFB
INE498Q01014,GSTK538920,Vintage Coffee and Beverages,Vintage Coffee,538920,VINCOFE
INE246B01019,GSTK532370,Ramco Systems,Ramco Systems,532370,RAMCOSYS
INE903A01025,GSTK500306,Jaykay Enterprises,Jaykay Enterprises,500306,JAYKAY
INE1B3L01017,GSTK544512,Shringar House of Mangalsutra,Shringar House,544512,SHRINGARMS
INE243D01012,GSTK532430,BF Utilities,BF Utilities,532430,BFUTILITIE
INE173M01012,GSTK513119,Onix Solar Energy,Onix Solar Energy,513119,
INE175A01038,GSTK500219,Jain Irrigation Systems,Jain Irrigation Sys,500219,JISLJALEQS
INE495S01016,GSTK540136,HPL Electric & Power,HPL Electric & Power,540136,HPL
INE149O01018,GSTK535136,NIBE,NIBE,535136,NIBE
INE809Q01020,GSTK505504,GHV Infra Projects,GHV Infra Projects,505504,
INE899L01030,GSTK533644,Ujaas Energy,Ujaas Energy,533644,UEL
INE838B01021,GSTK590021,Bharat Rasayan,Bharat Rasayan,590021,BHARATRAS
INE007B01023,GSTK532285,Geojit Financial Services,Geojit Finl. Service,532285,GEOJITFSL
INE345A01011,GSTK500186,Hindustan Oil Exploration Company,HOEC,500186,HINDOILEXP
INE634A01018,GSTK522064,Honda India Power Products,Honda Power Prods,522064,HONDAPOWER
INE074B01023,GSTK530555,Paramount Communications,Paramount Comm,530555,PARACABLES
INE398A01010,GSTK523261,Venky's India,Venky's India,523261,VENKEYS
INE782E01017,GSTK524669,Hester Biosciences,Hester Biosciences,524669,HESTERBIO
INE338A01024,GSTK500412,Thirumalai Chemicals,Thirumalai Chemicals,500412,TIRUMALCHM
INE572J01011,GSTK542759,Spandana Sphoorty Financial,Spandana Sphoorty,542759,SPANDANA
INE805C01028,GSTK590066,KCP,KCP,590066,KCP
INE586V01016,GSTK540212,TCI Express,TCI Express,540212,TCIEXP
INE879K01018,GSTK524520,KMC Speciality Hospitals (India),KMC Spl Hospitals,524520,
INE127T01021,GSTK539686,KP ENERGY,KP ENERGY,539686,KPEL
INE985S01024,GSTK539658,TeamLease Services,TeamLease Services,539658,TEAMLEASE
INE323C01030,GSTK504741,Indian Hume Pipe Company,Indian Hume Pipe,504741,INDIANHUME
IN9274G01034,GSTK890145,Dhani Services - Partly Paid,Dhani Services - PP,890145,DHANIPP
INE075D01018,GSTK507488,GM Breweries,GM Breweries,507488,GMBREW
INE0KQN01018,GSTK544042,Bajel Projects,Bajel Projects,544042,BAJEL
INE068L01024,GSTK533267,Cantabil Retail India,Cantabil Retail,533267,CANTABIL
INE059D01020,GSTK526947,La Opala Rg,La Opala Rg,526947,LAOPALA
INE109C01017,GSTK531179,Arman Financial Services,Arman Financial Serv,531179,ARMANFIN
INE304A01026,GSTK500460,Mukand,Mukand,500460,MUKANDLTD
INE225C01029,GSTK530131,Udaipur Cement Works,Udaipur Cement,530131,
INE0I0M01023,GSTK544379,Prabha Energy Ltd,Prabha Energy,544379,PRABHA
INE873D01024,GSTK532612,Indoco Remedies,Indoco Remedies,532612,INDOCO
INE806C01018,GSTK505196,TIL,TIL,505196,TIL
INE887E01022,GSTK524774,NGL Fine Chem,NGL Fine Chem,524774,NGLFINE
INE0KL801015,GSTK543650,DCX Systems,DCX Systems,543650,DCXINDIA
INE015C01016,GSTK530475,Tinna Rubber & Infrastructure,Tinna Rubber,530475,TINNARUBR
INE355A01028,GSTK531548,Somany Ceramics,Somany Ceramics,531548,SOMANYCERA
INE04AK01028,GSTK542725,SBC Exports,SBC Exports,542725,SBC
INE890A01024,GSTK522263,JMC Projects (India),JMC Projects,522263,JMCPROJECT
INE108V01019,GSTK544181,Awfis Space Solutions,Awfis Space Solution,544181,AWFIS
INE077F01035,GSTK506480,GOCL Corporation,GOCL Corp,506480,GOCLCORP
INE170I01016,GSTK532859,Hinduja Global Solutions,Hinduja Global,532859,HGS
INE0MB501011,GSTK544138,JG Chemicals,JG Chemicals,544138,JGCHEM
INE915B01019,GSTK532305,Ind-Swift Laboratories,Ind-Swift Labs,532305,INDSWFTLAB
INE14UN01029,GSTK544633,Vidya Wires,Vidya Wires,544633,VIDYAWIRES
INE752G01015,GSTK532650,MSP Steel & Power,MSP Steel & Power,532650,MSPL
INE276G01015,GSTK530355,Asian Energy Services,Asian Energy Serv,530355,ASIANENE
INE07OG01012,GSTK543214,NDR Auto Components,NDR Auto Components,543214,NDRAUTO
INE533A01012,GSTK500168,Goodyear India,Goodyear India,500168,GOODYEAR
INE598D01035,GSTK505725,Algoquant Fintech,Algoquant Fintec,505725,ALGOQUANT
INE600Y01019,GSTK540795,Dynamic Cables,Dynamic Cables,540795,DYCL
INE0PB301013,GSTK544142,Shipping Corporation of India Land and Assets Ltd.,Ship.Corp.(I) Land,544142,SCILAL
INE209B01025,GSTK520008,Rico Auto Industries,Rico Auto Inds,520008,RICOAUTO
INE002E01010,GSTK538992,SAR Auto Products,SAR Auto Products,538992,
INE982F01036,GSTK533162,Hathway Cable & Datacom,Hathway Cable,533162,HATHWAY
INE415B01044,GSTK517467,Marsons,Marsons,517467,MARSONS
INE276C01014,GSTK523127,EIH Associated Hotels,EIH Associated Hotel,523127,EIHAHOTELS
INE425B01027,GSTK532368,Brightcom Group,Brightcom Group,532368,BCG
INE01R501028,GSTK544496,Vikran Engineering,Vikran Engineering,544496,VIKRAN
INE059B01024,GSTK523838,Simplex Infrastructures,Simplex Infra,523838,SIMPLEXINF
INE070I01018,GSTK532851,Insecticides (India),Insecticides India,532851,INSECTICID
INE192H01020,GSTK531449,GRM Overseas,GRM Overseas,531449,GRMOVER
INE153U01017,GSTK539981,Max India Ltd,Max India,539981,MAXINDIA
INE05AN01011,GSTK542905,Hindware Home Innovation Limited,Hindware Home Innovation Limited,542905,HINDWAREAP
INE760L01018,GSTK534369,Tribhovandas Bhimji Zaveri,TBZ,534369,TBZ
INE926B01016,GSTK523862,Grand Oak Canyons Distillery,Grand Oak Canyons,523862,GRANDOAK
INE737E01011,GSTK516038,KS Smart Technologies,KS Smart Techno.,516038,
INE743C01021,GSTK513446,JSW Ispat Special Products,JSW Ispat Spl Prod,513446,JSWISPL
INE264T01014,GSTK540710,Capacite Infraprojects,Capacite Infra,540710,CAPACITE
INE528K01029,GSTK533265,Gallantt Ispat,Gallantt Ispat,533265,GALLISPAT
INE096B01018,GSTK531209,Nucleus Software Exports,Nucleus Software Exp,531209,NUCLEUS
INE039D01014,GSTK539724,Hypersoft Technologies,Hypersoft Tech,539724,
INE373T01047,GSTK539607,Blue Cloud Softech Solutions,Blue Cloud Softech,539607,
INE645L01011,GSTK533320,Jubilant Industries,Jubilant Industries,533320,JUBLINDS
INE742C01031,GSTK511034,Jindal Drilling & Industries,Jindal Drilling,511034,JINDRILL
INE131C01011,GSTK500068,DISA India,DISA India,500068,DISAQ
INE070D01027,GSTK512237,Jai Corp,Jai Corp,512237,JAICORPLTD
INE560K01014,GSTK533344,PTC India Financial Services,PTC Financial Serv,533344,PFS
INE0D6701023,GSTK543311,India Pesticides,India Pesticides,543311,IPL
INE0H5O01029,GSTK543329,Windlas Biotech,Windlas Biotech,543329,WINDLAS
INE016Q01014,GSTK538734,Ceinsys Tech,Ceinsys Tech,538734,CEINSYS
INE597J01018,GSTK540797,Shalby,Shalby,540797,SHALBY
INE265B01019,GSTK506532,Nitta Gelatin India,Nitta Gelatin,506532,NITTAGELA
INE571B01036,GSTK520066,Jay Bharat Maruti,Jay Bharat Maruti,520066,JAYBARMARU
INE613C01026,GSTK538891,Magellanic Cloud,Magellanic Cloud,538891,MCLOUD
INE0U4101014,GSTK544414,Bluspring Enterprises,Bluspring Enterprise,544414,BLUSPRING
INE00Q601028,GSTK544599,Studds Accessories,Studds Accessories,544599,STUDDS
INE150C01029,GSTK524717,Titan Biotech,Titan Biotech,524717,
INE0BJS01011,GSTK543401,Go Fashion (India),Go Fashion (India),543401,GOCOLORS
INE285B01017,GSTK500285,Spicejet,SpiceJet,500285,
INE972A01020,GSTK509732,Kothari Industrial Corporation,Kothari Industrial,509732,KOTIC
INE106T01025,GSTK543411,Hi-Tech Pipes,Hi-Tech Pipes,543411,HITECH
INE428Q01011,GSTK543279,Suryoday Small Finance Bank,Suryoday Small Fin,543279,SURYODAY
INE878K01010,GSTK533303,BF Investment,BF Investment,533303,BFINVEST
INE08LI01020,GSTK543328,Krsnaa Diagnostics,Krsnaa,543328,KRSNAA
INE153A01019,GSTK500108,Mahanagar Telephone Nigam,MTNL,500108,MTNL
INE793A01012,GSTK532268,Accelya Solutions India,Accelya Solutions,532268,ACCELYA
IN9945P01014,GSTK890164,Wardwizard Inno Mobi Partly Paid,Wardwizard Inn-b,890164,
INE631E01024,GSTK539895,Spice Lounge Food Works,Spice Lounge Food,539895,
INE103C01036,GSTK543263,SMC Global Securities,SMC Global Sec.,543263,SMCGLOBAL
INE124G01033,GSTK532848,Delta Corp,Delta Corp,532848,DELTACORP
INE08N601015,GSTK544470,M&B Engineering,M&B Engineering,544470,MBEL
INE0JR601024,GSTK543992,Yatra Online Ltd,Yatra Online,543992,YATRA
INE144Z01023,GSTK543399,Tarsons Products,Tarsons Products,543399,TARSONS
INE200D01020,GSTK512267,Media Matrix Worldwide,Media Matrix,512267,MMWL
INE520G01024,GSTK511144,Axis Solution Ltd.,Axis Solution,511144,
INE127B01011,GSTK522073,Hi-Tech Gears,Hi-Tech Gears,522073,HITECHGEAR
INE632C01026,GSTK531717,Vidhi Specialty Food Ingredients,Vidhi Specialty,531717,VIDHIING
INE251H01024,GSTK532708,GVK Power & Infrastructure,GVK Power & Infra,532708,GVKPIL
INE274C01019,GSTK505412,Wendt (India),Wendt India,505412,WENDT
INE451L01014,GSTK513554,Mahamaya Steel Industries,Mahamaya Steel,513554,MAHASTEEL
INE716F01012,GSTK504092,Indokem,Indokem,504092,
INE618L01018,GSTK540776,5Paisa Capital,5Paisa Capital,540776,5PAISA
INE519C01017,GSTK533306,Summit Securities,Summit Securities,533306,SUMMITSEC
INE194R01017,GSTK539730,Fredun Pharmaceuticals,Fredun Pharma,539730,
INE0TY101024,GSTK544532,Solarworld Energy Solutions,Solarworld Energy So,544532,SOLARWORLD
INE937A01023,GSTK500402,SPML Infra,SPML Infra,500402,SPMLINFRA
INE022I01019,GSTK532888,Asian Granito India,Asian Granito India,532888,ASIANTILES
INE0FRK01020,GSTK544053,Motisons Jewellers,Motisons Jewellers,544053,MOTISONS
INE344S01016,GSTK543644,Infobeans Technologies,Infobeans Tech.,543644,INFOBEAN
INE0HLU01028,GSTK544305,One Mobikwik Systems,One Mobikwik Systems,544305,MOBIKWIK
INE0JVO01026,GSTK544271,Garuda Construction & Engineering,Garuda Const. & Eng.,544271,GARUDA
INE250K01012,GSTK533146,D-Link (India),D-Link (India),533146,DLINKINDIA
INE572D01014,GSTK522195,Frontier Springs,Frontier Springs,522195,FRONTSP
INE02WG01024,GSTK543449,Wonder Electricals,Wonder Electricals,543449,WEL
INE898Q01015,GSTK538668,Meghna Infracon Infrastructure,Meghna Infracon Inf.,538668,
INE898S01029,GSTK539289,Aurum Proptech,Aurum Proptech,539289,AURUM
INE711A01022,GSTK507410,Walchandnagar Industries,Walchandnagar Inds,507410,WALCHANNAG
INE920A01037,GSTK522261,Dolphin Offshore Enterprises (India),Dolphin Enterprise,522261,DOLPHIN
INE221H01019,GSTK532775,GTL Infrastructure,GTL Infrastructure,532775,GTLINFRA
INE800H01010,GSTK532880,Omaxe,Omaxe,532880,OMAXE
INE417B01040,GSTK532365,Dynacons Systems & Solutions,Dynacons Systems,532365,DSSL
INE06ZD01017,GSTK544459,Shanti Gold International,Shanti Gold Internat,544459,SHANTIGOLD
INE525F01025,GSTK532485,Balmer Lawrie Investments,Balmer Lawie Invst,532485,BLIL
INE0I0T01010,GSTK543597,Virtuoso Optoelectronics,Virtuoso Optoelectro,543597,VOEPL
INE235C01036,GSTK514211,Sumeet Industries,Sumeet Industries,514211,SUMEETINDS
INE111F01024,GSTK532742,Paushak,Paushak,532742,PAUSHAKLTD
INE0LOJ01019,GSTK543923,IKIO Technologies,IKIO Technologies,543923,IKIO
INE278M01019,GSTK539332,Navkar Corporation,Navkar Corporation,539332,NAVKARCORP
INE630A01024,GSTK502450,Seshasayee Paper & Boards,Seshasayee Paper,502450,SESHAPAPER
INE073G01016,GSTK507526,Associated Alcohols & Breweries,Assoc Alcohol & Brew,507526,ASALCBR
INE831A01028,GSTK500279,MIRC Electronics,MIRC Electronics,500279,MIRCELECTR
INE392H01026,GSTK537392,Keto Motors,Keto Motors,537392,
INE859A01011,GSTK532366,PNB Gilts,PNB Gilts,532366,PNBGILTS
INE048B01035,GSTK507789,Jagsonpal Pharmaceuticals,Jagson Pal Pharma,507789,JAGSNPHARM
INE840Y01029,GSTK544748,One Point One Solutions,One Point One Solutions,544748,ONEPOINT
INE0U4701011,GSTK544413,Digitide Solutions,Digitide Solutions,544413,DIGITIDE
INE0KGZ01021,GSTK544117,Signpost India,Signpost India,544117,SIGNPOST
INE784R01023,GSTK539151,Arfin India,Arfin India,539151,ARFIN
INE325C01035,GSTK541403,Dollar Industries,Dollar Industries,541403,DOLLAR
INE133Y01011,GSTK540774,IFGL Refractories,IFGL Refractories,540774,IFGLEXPOR
INE056801025,GSTK544523,Ivalue Infosolutions,Ivalue Infosolutions,544523,IVALUE
INE390G01014,GSTK533761,GPT Infraprojects,GPT Infraprojects,533761,GPTINFRA
INE480C01038,GSTK507514,Som Distilleries And Breweries,Som DistilleriesBrew,507514,SDBL
INE795B01031,GSTK506373,Citurgia Biochemicals,Citurgia Biochem,506373,
INE985W01018,GSTK544631,Creative Peripherals & Distribution,Creative Peripherals,544631,CNL
INE848A01014,GSTK532341,Izmo,Izmo,532341,IZMO
INE098F01031,GSTK590006,Amrutanjan Health Care,Amrutanjan Health,590006,AMRUTANJAN
INE704B01017,GSTK520073,RACL Geartech,RACL Geartech,520073,RACLGEAR
INE583D01011,GSTK511742,Ugro Capital,Ugro Capital,511742,UGROCAP
INE225B01021,GSTK506414,Fermenta Biotech,Fermenta Biotech,506414,FERMENTA
INE193B01039,GSTK508933,Aym Syntex,Aym Syntex,508933,AYMSYNTEX
INE156A01020,GSTK500207,Indo Rama Synthetics (India),Indo Rama Synthetics,500207,INDORAMA
INE563J01010,GSTK533138,Astec Lifesciences,Astec Lifesciences,533138,ASTEC
INE363L01045,GSTK513307,Belding India,Belding India,513307,
INE435C01024,GSTK505400,Texmaco Infrastructure & Holdings,Texmaco Infra,505400,TEXINFRA
INE0GV601021,GSTK544479,All Time Plastics,All Time Plastics,544479,ALLTIME
INE910C01018,GSTK507747,TTK Healthcare,TTK Healthcare,507747,TTKHLTCARE
INE204A01010,GSTK500199,IG Petrochemicals,IGPL,500199,IGPL
INE142Q01026,GSTK543711,Sula Vineyards,Sula Vineyards,543711,SULA
INE207H01018,GSTK513536,Gujarat Natural Resources,GNRL,513536,GNRL
INE217L01019,GSTK543419,Shriram Properties,Shriram Properties,543419,SHRIRAMPPS
INE184O01015,GSTK544264,Diffusion Engineers,Diffusion Engineers,544264,DIFFNKG
INE503B01021,GSTK534748,Steel Exchange India,Steel Exchange India,534748,STEELXIND
INE951D01028,GSTK531795,Atul Auto,Atul Auto,531795,ATULAUTO
INE583L01014,GSTK543451,AGS Transact Technologies,AGS Transact,543451,AGSTRA
INE419D01026,GSTK530307,Chaman Lal Setia Exports,Chaman L S Exports,530307,CLSEL
INE188B01013,GSTK517380,Igarashi Motors India,Igarashi Motors,517380,IGARASHI
INE0RE001014,GSTK544244,Gala Precision Engineering,Gala Precision Engi.,544244,GALAPREC
INE02L001032,GSTK544184,Borosil Scientific,Borosil Scientific,544184,BOROSCI
INE277B01014,GSTK506618,Punjab Chemicals & Crop Protection,Punjab Chem. & Corp,506618,PUNJABCHEM
INE486R01017,GSTK544131,GPT Healthcare,GPT Healthcare,544131,GPTHEALTH
INE415D01024,GSTK523229,Bharat Seats,Bharat Seats,523229,BHARATSE
INE199G01027,GSTK532705,Jagran Prakashan,Jagran Prakashan,532705,JAGRAN
INE0LRY01011,GSTK544336,Quadrant Future Tek,Quadrant Future Tek,544336,QUADFUTURE
INE887D01016,GSTK512038,TCC Concept,TCC Concept,512038,TCC
INE900B01029,GSTK524109,Kabra Extrusiontechnik,Kabra Extrus.technik,524109,KABRAEXTRU
INE438K01021,GSTK543989,Sai Silks (Kalamandir),Sai Silks (Kalaman),543989,KALAMANDIR
INE0CT101020,GSTK543331,Meghmani Organics,Meghmani,543331,MOL
INE851I01011,GSTK543996,Updater Services,Updater Services,543996,UDS
INE500A01029,GSTK500117,DCW,DCW,500117,DCW
INE449C01025,GSTK526173,Andrew Yule & Co,Andrew Yule & Co,526173,
INE547E01014,GSTK590065,India Motor Parts & Accessories,IMPAL,590065,IMPAL
INE967G01019,GSTK512020,Saraswati Commercial (India),Saraswati Commercial,512020,ZSARACOM
INE147A01011,GSTK590030,Southern Petrochemical Industries Corporation,Southern Petrochem,590030,SPIC
INE124Y01028,GSTK544448,Pashupati Cotspin,Pashupati Cotspin,544448,PASHUPATI
INE065D01027,GSTK511076,AEROFLEX ENTERPRISES LIMITED,AEROFLEX ENTERPRISES LIMITED,511076,AEROENTER
INE316L01019,GSTK539799,Bharat Wire Ropes,Bharat Wire Ropes,539799,BHARATWIRE
INE1RDG01013,GSTK544718,PNGS Reva Diamond Jewellery,PNGS Reva Diamond,544718,PNGSREVA
INE497S01012,GSTK544279,Godavari Biorefineries,Godavari Biorefin,544279,GODAVARIB
INE484I01029,GSTK539636,Precision Camshafts,Precision Camshafts,539636,PRECAM
INE485A01015,GSTK500280,Century Enka,Century Enka,500280,CENTENKA
INE664D01019,GSTK509438,Benares Hotels,Benares Hotels,509438,
INE451C01013,GSTK505036,Automobile Corporation of Goa,Automobile Corp.Goa,505036,
INE02NC01014,GSTK543386,Fino Payments Bank,Fino Payments Bk,543386,FINOPB
INE646H01017,GSTK544120,Capital Small Finance Bank,Capital Small Fin.,544120,CAPITALSFB
INE551C01044,GSTK524632,Shukra Pharmaceuticals,Shukra Pharma,524632,
INE411D01023,GSTK532143,SKM Egg Products Export India,SKM Egg Products,532143,SKMEGGPROD
INE161A01038,GSTK500304,NIIT,NIIT,500304,NIITLTD
INE947J01015,GSTK533137,DEN Networks,DEN Networks,533137,DEN
INE877V01027,GSTK544293,Suraksha Diagnostic,Suraksha Diagnostic,544293,SURAKSHA
INE963C01033,GSTK530079,Faze Three,Faze Three,530079,FAZE3Q
INE1VXE01018,GSTK544395,STL Networks,STL Networks,544395,STLNETWORK
INE433O01024,GSTK508929,Avishkar Infra Realty,Avishkar Infra Real,508929,
INE05CZ01011,GSTK543978,Ratnaveer Precision Engineering,Ratnaveer Precision,543978,RATNAVEER
INE999B01013,GSTK526521,Sanghi Industries,Sanghi Industries,526521,
INE295F01017,GSTK517421,Butterfly Gandhimathi Appliances,ButterflyGandhimathi,517421,BUTTERFLY
INE197A01024,GSTK513250,Jyoti Structures,Jyoti Structures,513250,JYOTISTRUC
INE258R01028,GSTK539469,Panorama Studios International,Panorama Studios,539469,
INE822G01016,GSTK526608,Electrotherm (India),Electrotherm India,526608,ELECTHERM
INE830Q01018,GSTK539046,Manaksia Coated Metals & Industries,Manaksia Coated,539046,MANAKCOAT
INE363A01022,GSTK500023,Asian Hotels (North),Asian Hotels North,500023,ASIANHOTNR
INE895B01021,GSTK533552,Rupa & Company,Rupa & Company,533552,RUPA
INE712K01011,GSTK539334,Shree Pushkar Chemicals & Fertilisers,Shree Pushkar Chem,539334,SHREEPUSHK
INE535D01037,GSTK517500,Roto Pumps,Roto Pumps,517500,ROTO
INE866K01023,GSTK533257,Indosolar Ltd.,Indosolar,533257,WAAREEINDO
INE680A01011,GSTK532180,Dhanlaxmi Bank,Dhanlaxmi Bank,532180,DHANBANK
INE0O6601022,GSTK544253,Kross,Kross,544253,KROSS
INE302D01024,GSTK517035,RIR Power Electronics,RIR Power Electronic,517035,RIR
INE722H01024,GSTK532923,Renaissance Global,Renaissance Global,532923,RGL
INE199P01028,GSTK543324,Gretex Corporate Services,Gretex Corporate,543324,GCSL
INE690J01011,GSTK533315,Innovassynth Technologies (India),Innovassynth Techno,533315,
INE201K01015,GSTK533121,Expleo Solutions,Expleo Solutions,533121,EXPLEOSOL
INE835G01018,GSTK532633,Alldigi Tech,Alldigi Tech,532633,ALLDIGI
INE369A01029,GSTK500650,Excel Industries,Excel Industries,500650,EXCELINDUS
INE959C01023,GSTK500078,Oriental Aromatics,Oriental Aromatics,500078,OAL
INE0PT501018,GSTK544134,Platinum Industries,Platinum Industries,544134,PLATIND
INE312C01025,GSTK524470,Syncom Formulations (India),Syncom Formulations,524470,SYNCOMF
INE255D01024,GSTK532457,Gulshan Polyols,Gulshan Polyols,532457,GULPOLY
INE724A01017,GSTK507912,Gyftr,Gyftr,507912,GYFTR
INE350H01032,GSTK532719,B L Kashyap & Sons,BL Kashyap & Sons,532719,BLKASHYAP
INE524T01011,GSTK539956,TAAL Tech,TAAL Tech,539956,TAALTECH
INE435A01051,GSTK502330,Andhra Paper,Andhra Paper,502330,ANDHRAPAP
INE00EV01017,GSTK543517,Hariom Pipe Industries,Hariom Pipe Inds,543517,HARIOMPIPE
INE803D01021,GSTK524342,Indo Borax and Chemicals,Indo Borax,524342,INDOBORAX
INE01BK01022,GSTK543254,Antony Waste Handling Cell,Antony Waste,543254,AWHCL
INE418H01029,GSTK532749,Allcargo Logistics,Allcargo Logistics,532749,ALLCARGO
INE184H01027,GSTK532684,Everest Kanto Cylinder,Everest Kanto,532684,EKC
INE0PPK01015,GSTK544235,Orient Technologies,Orient Technologies,544235,ORIENTTECH
INE966A01022,GSTK505526,Dolat Algotech,Dolat Algotech,505526,DOLATALGO
INE0WO601020,GSTK544339,Laxmi Dental,Laxmi Denta,544339,LAXMIDENTL
INE999K01014,GSTK533263,Orient Green Power Company,Orient Green Power,533263,GREENPOWER
INE346W01013,GSTK540692,Apex Frozen Foods,Apex Frozen Foods,540692,APEX
INE660C01027,GSTK501150,Centrum Capital,Centrum Capital,501150,CENTRUM
INE405C01035,GSTK531633,Lincoln Pharmaceuticals,Lincoln Pharma,531633,LINCOLN
INE643K01018,GSTK506194,Arihant Superstructures,Arihant Superstructures,506194,ARIHANTSUP
INE0R6Z01013,GSTK544158,SRM Contractors Limited,SRM Contractors Ltd,544158,SRM
INE727B01026,GSTK506109,Genesys International Corporation,Genesys Intl Corp,506109,GENESYS
INE411U01027,GSTK539872,Bajaj Healthcare,Bajaj Healthcare,539872,BAJAJHCARE
INE964H01014,GSTK532945,SEPC,SEPC,532945,SEPC
INE701G01012,GSTK530499,AK Capital Serv,AK Capital Serv,530499,AKCAPIT
INE405A01021,GSTK506685,Ultramarine & Pigments,Ultramar & Pigments,506685,ULTRAMAR
INE413D01011,GSTK531381,Arihant Foundations & Housing,Arihant Foundations,531381,ARIHANT
INE301D01026,GSTK503169,Ruby Mills,Ruby Mills,503169,RUBYMILLS
INE046A01015,GSTK523445,Reliance Industrial Infrastructure,Reliance Indl. Infra,523445,RIIL
INE694A01020,GSTK507878,Unitech,Unitech,507878,UNITECH
INE068B01017,GSTK515043,Saint-Gobain Sekurit India,Saint-Gobain Sekurit,515043,
INE137I01015,GSTK509152,GRP,GRP,509152,GRPLTD
INE201A01024,GSTK500268,Manali Petrochemicals,Manali Petrochem,500268,MANALIPETC
INE715B01021,GSTK590062,Andhra Sugars,Andhra Sugars,590062,ANDHRSUGAR
INE577D01013,GSTK514448,Jyoti Resins & Adhesives,Jyoti Resins,514448,
INE760B01019,GSTK526775,Valiant Communications,Valiant Comm,526775,
INE620D01011,GSTK501298,Industrial & Prudential Investment Co,Ind & Prud Invest,501298,INDPRUD
INE275D01022,GSTK506248,Amines & Plasticizers,Amines & Plasticizers,506248,AMNPLST
INE670O01013,GSTK514330,One Global Service Provider,One Global Service,514330,
INE284B01028,GSTK507753,TGV SRAAC,TGV SRAAC,507753,
INE671K01027,GSTK539300,Sunrakshakk Industries India,Sunrakshakk Indust.,539300,
INE062D01024,GSTK531147,Alicon Castalloy,Alicon Castalloy,531147,ALICON
INE950M01013,GSTK538836,Monte Carlo Fashions,Monte Carlo Fashions,538836,MONTECARLO
INE796G01012,GSTK532624,Jindal Photo,Jindal Photo,532624,JINDALPHOT
INE0PA801013,GSTK543918,GHCL Textiles Ltd.,GHCL Textiles,543918,GHCLTEXTIL
INE412G01024,GSTK524332,BCL Industries,BCL Industries,524332,BCLIND
INE488D01021,GSTK519105,AVT Natural Products,AVT Natural Prod,519105,AVTNPL
INE284H01025,GSTK544316,DAM Capital Advisors,DAM Capital Advi,544316,DAMCAPITAL
INE147P01019,GSTK536773,Jindal Poly Investment & Finance Company,Jindal Poly Invst,536773,JPOLYINVST
INE374E01021,GSTK542669,BMW Industries,BMW Industries,542669,
INE701A01023,GSTK500439,Vardhman Holdings,Vardhman Holdings,500439,VHL
INE414A01015,GSTK590134,Madras Fertilizers,Madras Fertilizers,590134,MADRASFERT
INE994E01018,GSTK532067,3B Blackbio Dx,3B Blackbio Dx,532067,3BBLACKBIO
INE0JYY01029,GSTK544764,Mangalam Worldwide,Mangalam Worldwide,544764,MWL
INE232A01011,GSTK502180,Shree Digvijay Cement Company,Shree DigvijayCement,502180,SHREDIGCEM
INE559D01011,GSTK511413,Crest Ventures,Crest Ventures,511413,CREST
INE524B01027,GSTK513108,Gandhi Special Tubes,Gandhi Special Tubes,513108,GANDHITUBE
INE577L01016,GSTK533316,STEL Holdings,STEL Holdings,533316,STEL
INE07U701015,GSTK544004,IRM Energy,IRM Energy,544004,IRMENERGY
INE189I01024,GSTK532864,Nelcast,Nelcast,532864,NELCAST
INE0H9P01028,GSTK544419,Arisinfra Solutions,Arisinfra Solutions,544419,ARIS
INE107A01015,GSTK531426,Tamilnadu Newsprint & Papers,TN Newsprint,531426,TNPL
INE00YJ01010,GSTK544534,Jaro Institute of Technology Management and Research,Jaro Inst. of Tech&R,544534,JARO
INE199E01014,GSTK530845,Sunshield Chemicals,Sunshield Chemicals,530845,
INE767M01029,GSTK512025,Asgard Alcobev,Asgard Alcobev,512025,
INE457F01013,GSTK517059,Salzer Electronics,Salzer Electronics,517059,SALZERELEC
INE0ECP01024,GSTK543929,HMA Agro Industries,HMA Agro Indus,543929,HMAAGRO
INE107F01022,GSTK524212,Wanbury,Wanbury,524212,WANBURY
INE158B01016,GSTK523708,Eimco Elecon India,Eimco Elecon India,523708,EIMCOELECO
INE00ZE01026,GSTK543712,Abans Financial Services Limited,Abans Financial Services Limited,543712,AFSL
INE170V01027,GSTK540642,Salasar Techno Engineering,Salasar Techno,540642,SALASAR
INE290A01027,GSTK500296,Nahar Spinning Mills,Nahar Spinning Mills,500296,NAHARSPING
INE828A01016,GSTK526666,Bhartiya International,Bhartiya Intl,526666,BIL
INE770A01010,GSTK513532,Pradeep Metals,Pradeep Metals,513532,PRADPME
INE794B01026,GSTK532382,Balaji Telefilms,Balaji Telefilms,532382,BALAJITELE
INE672B01032,GSTK520059,Munjal Auto Industries,Munjal Auto Inds,520059,MUNJALAU
INE442P01014,GSTK537259,Suyog Telematics,Suyog Telematics,537259,SUYOG
INE365Y01019,GSTK541096,Bharat Parenterals,Bharat Parenteral,541096,
INE677D01037,GSTK511768,Master Trust,Master Trust,511768,MASTERTR
INE349W01017,GSTK540649,Avadh Sugar & Energy,Avadh Sugar & Energy,540649,AVADHSUGAR
INE557A01011,GSTK509675,BirlaNu,BirlaNu,509675,BIRLANU
INE032Z01020,GSTK544757,Bombay Super Hybrid Seeds,Bombay Hybrid Seeds,544757,BSHSL
INE0V0W01025,GSTK544666,Gujarat Kidney And Super Speciality,Guj. Kidney & Super,544666,GKSL
INE0TO701015,GSTK544318,Mamata Machinery,Mamata Machinery,544318,MAMATA
INE760F01028,GSTK524648,Indo Amines,Indo Amines,524648,INDOAMIN
INE082A01010,GSTK524280,Kopran,Kopran,524280,KOPRAN
INE049A01027,GSTK514043,Himatsingka Seide,Himatsingka Seide,514043,HIMATSEIDE
INE0GGO01015,GSTK544416,Krishival Foods,Krishival Foods,544416,KRISHIVAL
INE06XZ01023,GSTK544491,Gem Aromatics,Gem Aromatics,544491,GEMAROMA
INE354C01027,GSTK530803,Bhageria Industries,Bhageria Industries,530803,BHAGERIA
INE019J01013,GSTK533259,Health X Platform,Health X Platform,533259,HEALTHX
INE658T01017,GSTK544536,Wealth First Portfolio Managers,Wealth First,544536,WEALTH
INE833A01016,GSTK523411,ADC India Communications,ADC India Comm,523411,
INE840M01016,GSTK534742,Zuari Agro Chemicals,Zuari Agro Chem,534742,ZUARI
INE670C01026,GSTK526530,IIRM Holdings India,IIRM Holdings India,526530,
INE306L01010,GSTK539678,Quick Heal Technologies,Quick Heal Tech,539678,QUICKHEAL
INE155E01016,GSTK504786,Investment & Precision Castings,IPCL,504786,INVPRECQ
INE540G01014,GSTK531978,Ambika Cotton Mills,Ambika Cotton Mills,531978,AMBIKCO
INE302M01033,GSTK539351,Prabhat Dairy,Prabhat Dairy,539351,PRABHAT
INE152B01027,GSTK532345,Allcargo Gati,Allcargo Gati,532345,
INE287C01037,GSTK532850,MIC Electronics,MIC Electronics,532850,MICEL
INE270B01035,GSTK500264,Mafatlal Industries,Mafatlal Industries,500264,MAFATIND
INE083B01024,GSTK530199,Themis Medicare,Themis Medicare,530199,THEMISMED
INE455D01012,GSTK519031,Shah Foods,Shah Foods,519031,
INE316A01038,GSTK530643,Eco Recycling,Eco Recycling,530643,
INE384C01016,GSTK522108,Yuken India,Yuken India,522108,YUKEN
INE611A01016,GSTK500350,RSWM,RSWM,500350,RSWM
INE338D01028,GSTK524370,Bodal Chemicals,Bodal Chemicals,524370,BODALCHEM
INE091E01039,GSTK512233,Jaybharat Textiles & Real Estate,Jaybharat Textiles,512233,
INE754D01018,GSTK512014,Sobhaygya Mercantile,Sobhaygya Mercantile,512014,
INE799B01025,GSTK539984,Hindusthan Insulators & Industries,Hindusthan Insulator,539984,
INE00U401027,GSTK544227,Unicommerce eSolutions,Unicomm. eSolutions,544227,UNIECOM
INE194D01017,GSTK531847,Asian Star Co,Asian Star Co,531847,ASTAR
INE0DNW01011,GSTK543252,Fairchem Organics,Fairchem Organics,543252,FAIRCHEMOR
INE535F01024,GSTK522257,Rajoo Engineers,Rajoo Engineers,522257,RAJOOENG
INE0R4L01018,GSTK544345,Denta Water And Infra Solutions,Denta Water And Inf,544345,DENTA
INE032B01021,GSTK500337,Prime Securities,Prime Securities,500337,PRIMESECU
INE943C01027,GSTK513605,Srikalahasthi Pipes,Srikalahasthi Pipes,513605,SRIPIPES
INE361D01012,GSTK504605,Uni-Abex Alloy Products,Uni-Abex Alloy,504605,
INE00QT01015,GSTK541929,Synergy Green Industries,Synergy Green Inds,541929,SGIL
INE0P8B01020,GSTK544709,Gaudium IVF and Women Health,Gaudium IVF & Women,544709,GAUDIUMIVF
INE843S01025,GSTK544054,Suraj Estate Developers,Suraj Estate Develop,544054,SURAJEST
INE356B01024,GSTK526506,Systematix Corporate Services,Systematix Corp,526506,SYSTMTXC
INE737D01021,GSTK506261,Modison,Modison,506261,MODISONLTD
INE535P01015,GSTK530929,RRP Defense,RRP Defense,530929,
INE955I01044,GSTK532993,Sejal Glass,Sejal Glass,532993,SEJALLTD
INE881E01017,GSTK506528,Keltech Energies,Keltech Energies,506528,
INE778B01029,GSTK500136,Ester Industries,Ester Industries,500136,ESTER
INE663B01015,GSTK522295,Control Print,Control Print,522295,CONTROLPR
INE841D01013,GSTK506597,Amal,Amal,506597,
INE0CJF01024,GSTK544258,Western Carriers (India),Western Carriers,544258,WCIL
INE395U01014,GSTK539843,NINtec Systems,NINtec Systems,539843,NINSYS
INE334A01023,GSTK530759,Sterling Tools,Sterling Tools,530759,STERTOOLS
INE236G01019,GSTK532513,TVS Electronics,TVS Electronics,532513,TVSELECT
INE134B01017,GSTK533193,Kirloskar Electric Company,Kirloskar Electric,533193,KECL
INE435D01014,GSTK507836,Mac Charles (India),Mac Charles,507836,MCCHRLS-B
INE076C01018,GSTK507438,IFB Agro Industries,IFB Agro Industries,507438,IFBAGRO
INE893C01032,GSTK521238,Bharat Global Developers,Bharat Global Devel.,521238,
INE00OQ01016,GSTK543687,Dharmaj Crop Guard,Dharmaj Crop Guard,543687,DHARMAJ
INE377D01026,GSTK526935,Kalind,Kalind,526935,
INE071D01033,GSTK523828,Menon Bearings,Menon Bearings,523828,MENONBE
INE0CG601016,GSTK543223,Max India,Max India,543223,MAXIND
INE865T01018,GSTK539785,Pudumjee Paper Products,Pudumjee Paper,539785,PDMJEPAPER
INE866R01028,GSTK540704,Matrimony.Com,Matrimony.Com,540704,MATRIMONY
INE409B01013,GSTK532051,Swelect Energy Systems,Swelect Energy,532051,SWELECTES
INE06H201014,GSTK542851,Gensol Engineering,Gensol Engg,542851,GENSOL
INE01A001028,GSTK544202,Stanley Lifestyles,Stanley Lifestyles,544202,STANLEY
INE570D01018,GSTK516064,Arrow Greentech,Arrow Greentech,516064,ARROWGREEN
INE072A01029,GSTK513361,India Homes,India Homes,513361,
INE606N01019,GSTK544617,Excelsoft Technologies,Excelsoft Technologi,544617,EXCELSOFT
INE075B01020,GSTK520086,Sical Logistics,Sical Logistics,520086,SICALLOG
INE750M01017,GSTK534328,Hexa Tradex,Hexa Tradex,534328,HEXATRADEX
INE893I01013,GSTK533156,Vascon Engineers,Vascon Engineers,533156,VASCONEQ
INE0MHO01029,GSTK544485,Regaal Resources,Regaal Resources,544485,REGAAL
INE388A01029,GSTK500153,Ganesh Benzoplast,Ganesh Benzoplast,500153,GANESHBE
INE090501011,GSTK544411,Scoda Tubes,Scoda Tubes,544411,SCODATUBES
INE148A01019,GSTK500777,Tamilnadu Petroproducts,TN Petro Products,500777,TNPETRO
INE734I01027,GSTK508954,Finkurve Financial Services,Finkurve Financial,508954,FINKURVE
INE060901027,GSTK543240,Likhitha Infrastructure,Likhitha Infra,543240,LIKHITHA
INE863T01013,GSTK540311,JITF Infralogistics,JITF Infra,540311,JITFINFRA
INE155G01029,GSTK532529,New Delhi Television,New Delhi Television,532529,NDTV
INE041A01016,GSTK500119,Dhampur Sugar Mills,Dhampur Sugar Mills,500119,DHAMPURSUG
INE073V01015,GSTK539986,Commercial Syn Bags,COMSYN,539986,COMSYN
INE239D01028,GSTK531092,Om Infra,Om Infra,531092,OMINFRAL
INE458B01036,GSTK512296,Bhagyanagar India,Bhagyanagar India,512296,BHAGYANGR
INE420B01036,GSTK511605,Arihant Capital Markets,Arihant Capital,511605,ARIHANTCAP
INE335K01011,GSTK539436,Coffee Day Enterprises,Coffee Day Entr,539436,COFFEEDAY
INE16SF01016,GSTK544404,Borana Weaves,Borana Weaves,544404,BORANA
INE390H01020,GSTK532741,Kamdhenu,Kamdhenu,532741,KAMDHENU
INE283H01019,GSTK532699,Royal Orchid Hotels,Royal Orchid Hotel,532699,ROHLTD
INE312M01016,GSTK531910,JOJO,JOJO,531910,
INE809I01019,GSTK532944,Onmobile Global,Onmobile Global,532944,ONMOBILE
INE786F01031,GSTK532729,Uttam Sugar Mills,Uttam Sugar Mills,532729,UTTAMSUGAR
INE417D01020,GSTK511628,Fedders Holding,Fedders Holding,511628,FEDDERSHOL
INE760A01029,GSTK523207,Kokuyo Camlin,Kokuyo Camlin,523207,KOKUYOCMLN
INE583V01021,GSTK540125,Radhika Jeweltech,Radhika Jeweltech,540125,RADHIKAJWE
INE693D01018,GSTK519152,Vadilal Enterprises,Vadilal Enterprises,519152,
INE492A01029,GSTK506390,Sudarshan Colorants India,Sudarshan Colorants,506390,SUDARCOLOR
INE730A01022,GSTK513121,Oricon Enterprises,Oricon Enterprises,513121,ORICONENT
INE0QN801017,GSTK544149,Krystal Integrated Services Limited,Krystal Integrated Services Ltd,544149,KRYSTAL
INE026D01011,GSTK523475,Lotus Chocolate Company,Lotus Chocolate Co,523475,
INE477B01010,GSTK523736,Dhunseri Ventures,Dhunseri Ventures,523736,DVL
INE658G01014,GSTK532604,SAL Steel,SAL Steel,532604,SALSTEEL
INE01EG01016,GSTK542383,Ritco Logistics,Ritco,542383,RITCO
INE917H01012,GSTK532842,Sree Rayalaseema Hi-Strength Hypo,Sree Rayalaseema,532842,SRHHYPOLTD
INE453D01025,GSTK526885,Sarla Performance Fibers,Sarla Performance,526885,SARLAPOLY
INE06HJ01020,GSTK544239,Ecos (India) Mobility & Hospitality,Ecos India Mob Hosp.,544239,ECOSMOBLTY
INE704G01024,GSTK507944,Bajaj Steel Industries,Bajaj Steel Industries,507944,BAJAJST
INE732C01016,GSTK502168,NCL Industries,NCL Industries,502168,NCLIND
INE0KNT01012,GSTK543995,Manoj Vaibhav Gems 'N' Jewellers,Manoj Vaibhav Gems,543995,MVGJL
INE565V01010,GSTK540145,Valiant Organics,Valiant Organics,540145,VALIANTORG
INE345H01024,GSTK530879,Capital India Finance,Capital India Finance,530879,CIFL
INE295A01018,GSTK508906,Everest Industries,Everest Industries,508906,EVERESTIND
INE414Y01015,GSTK540737,Shree Ganesh Remedies,Shree Ganesh Remedies,540737,
INE740D01017,GSTK516082,NR Agarwal Industries,NR Agarwal Inds,516082,NRAIL
INE1B0W01010,GSTK544562,Advance Agrolife,Advance Agrolife,544562,ADVANCE
INE0D0K01022,GSTK543389,Sigachi Industries,Sigachi Inds,543389,SIGACHI
INE550H01011,GSTK532904,Supreme Infrastructure India,Supreme Infra,532904,SUPREMEINF
INE368U01029,GSTK544756,United Polyfab Gujarat,United Polyfab,544756,UNITEDPOLY
INE868X01014,GSTK540980,Yamuna Syndicate,Yamuna Syndicate,540980,
INE709A01018,GSTK511333,VLS Finance,VLS Finance,511333,VLSFINANCE
INE289B01019,GSTK511676,GIC Housing Finance,GIC Housing Finance,511676,GICHSGFIN
INE219Y01026,GSTK544456,RM Drip & Sprinklers Systems,RM Drip & Sprinklers,544456,RMDRIP
INE070K01014,GSTK506166,Apis India,Apis India,506166,
INE28GN01010,GSTK544446,Advent Hotels International,Advent Hotels Inter.,544446,ADVENTHTL
INE489G01022,GSTK506260,Anuh Pharma,Anuh Pharma,506260,ANUHPHR
INE900C01027,GSTK520119,Automotive Stampings & Assemblies,Automotive Stamping,520119,ASAL
INE0PKD01011,GSTK544492,Mangal Electrical Industries,Mangal Electrical,544492,MEIL
INE980Y01015,GSTK543986,South West Pinnacle Exploration,SW Pinnacle,543986,SOUTHWEST
INE0Y8W01025,GSTK544497,Anlon Healthcare,Anlon Healthcare,544497,AHCL
INE622H01018,GSTK544328,Indo Farm Equipments,Indo Farm Equipment,544328,INDOFARM
INE213D01015,GSTK539018,Beekay Steel Industries,Beekay Steel Inds,539018,BEEKAY
INE722B01019,GSTK531637,Praveg,Praveg,531637,PRAVEG
INE286H01012,GSTK532721,VISA Chrome,VISA Chrome,532721,VISASTEEL
INE772T01024,GSTK544144,Popular Vehicles and Services Limited,Popular Vehicles and Services Ltd,544144,PVSL
INE0L0L01012,GSTK543539,Modi's Navnirman,Modi's Navnirman,543539,MODIS
INE050001010,GSTK542684,Prakash Pipes,Prakash Pipes,542684,PPL
INE217A01012,GSTK500780,Zuari Industries,Zuari Industries,500780,ZUARIIND
INE583C01021,GSTK502137,Deccan Cements,Deccan Cements,502137,DECCANCE
INE626Z01029,GSTK541276,Hardwyn India,Hardwyn India,541276,HARDWYN
INE684B01029,GSTK508807,IST,IST,508807,
INE337E01010,GSTK530477,Vikram Thermo India,Vikram Thermo India,530477,
INE312B01027,GSTK504398,SJ Corporation,SJ Corporation,504398,
INE232E01013,GSTK505232,Veljan Denison,Veljan Denison,505232,VELJAN
INE865C01022,GSTK532974,Aditya Birla Money,Aditya Birla Money,532974,BIRLAMONEY
INE668G01021,GSTK523329,Eldeco Housing and Industries,EHIL,523329,ELDEHSG
INE230R01035,GSTK539309,Rama Steel Tubes,Rama Steel Tubes,539309,RAMASTEEL
INE296E01026,GSTK532503,Rajapalayam Mills,Rajapalayam Mills,532503,RAJPALAYAM
INE599F01020,GSTK523160,Foseco Crucible (India),Foseco Crucible Ind,523160,
INE0R8B01010,GSTK544487,Patel Retail,Patel Retail,544487,PATELRMART
INE726E01014,GSTK509960,U. P. Hotels,UP Hotels,509960,
INE673E01018,GSTK538563,SMT Engineering,SMT Engineering,538563,
INE0O9T01021,GSTK544364,Indef Manufacturing Limited,BAJAJINDEF,544364,BAJAJINDEF
INE290E01011,GSTK511702,Yogi,Yogi,511702,
INE164B01030,GSTK519602,Kellton Tech Solutions,Kellton Tech Soln,519602,KELLTONTEC
INE692C01020,GSTK522229,Taneja Aerospace & Aviation,Taneja Aerospace,522229,
INE583B01015,GSTK526725,Sandesh,Sandesh,526725,SANDESH
INE204E01012,GSTK531921,Agarwal Industrial Corporation,Agarwal Inds Corp,531921,AGARIND
INE0BX301013,GSTK544410,Prostarm Info Systems,Prostarm Info System,544410,PROSTARM
INE888C01040,GSTK506642,Sadhana Nitro Chem,Sadhana Nitro Chem,506642,SADHNANIQ
INE692G01013,GSTK532616,Xchanging Solutions,Xchanging Solutions,532616,XCHANGING
INE392A01021,GSTK509055,Visaka Industries,Visaka Industries,509055,VISAKAIND
INE215I01027,GSTK532906,Maan Aluminium,Maan Aluminium,532906,MAANALU
INE457G01029,GSTK531859,Oriental Rail Infrastructure,Oriental Rail Infra,531859,
INE400A01014,GSTK506808,Tuticorin Alkali Chemicals & Fertilizers,Tuticorin Alkali,506808,
INE00TV01023,GSTK543828,Sudarshan Pharma Industries,Sudarshan Pharma Ind,543828,
INE687A01016,GSTK506687,Transpek Industry,Transpek Industry,506687,TRANSPEK
INE309M01020,GSTK514354,Premier Polyfilm,Premier Polyfilm,514354,PREMIERPOL
INE06WU01026,GSTK544465,Laxmi India Finance,Laxmi India Finance,544465,LAXMIINDIA
INE655A01013,GSTK512531,State Trading Corporation of India,STC,512531,STCINDIA
INE916G01016,GSTK532764,GeeCee Ventures,GeeCee Vntrs,532764,GEECEE
INE418E01018,GSTK504132,Permanent Magnets,Permanent Magnets,504132,
INE896J01014,GSTK512062,Tandhan Industries,Tandhan Industries,512062,
INE350Z01018,GSTK542351,Gloster,Gloster,542351,GLOSTERLTD
INE652V01016,GSTK544528,Ganesh Consumer Products,Ganesh Consumer Prod,544528,GANESHCP
INE330H01018,GSTK532712,Reliance Communications,Reliance Comm,532712,RCOM
INE694N01015,GSTK543266,Heranba Industries,Heranba Industries,543266,HERANBA
INE0N7W01012,GSTK543898,BEML Land Assets Ltd.,BEML Land Assets,543898,BLAL
INE729D01010,GSTK524500,Kilitch Drugs (India),Kilitch Drugs,524500,KILITCH
INE655I01032,GSTK533006,Birla Cotsyn (India) Ltd.,Birla Cotsyn (India),533006,
INE0H8H01019,GSTK543378,CWD Ltd,CWD Ltd,543378,
INE830C01026,GSTK533208,Emami Paper Mills,Emami Paper Mills,533208,EMAMIPAP
INE032E01017,GSTK530245,Aryaman Financial Services,Aryaman Fin Service,530245,
INE252A01019,GSTK517166,SPEL Semiconductor,SPEL Semiconductor,517166,
INE266F01018,GSTK532475,Aptech,Aptech,532475,APTECHT
INE347W01011,GSTK540650,Magadh Sugar & Energy,Magadh Sugar & Energ,540650,MAGADSUGAR
INE767C01012,GSTK523850,Axtel Industries,Axtel Industries,523850,
INE505A01010,GSTK506405,DMCC Speciality Chemicals,DMCC Speciality Chem,506405,DMCC
INE362A01016,GSTK517556,PVP Ventures,PVP Ventures,517556,PVP
INE871K01015,GSTK533217,Hindustan Media Ventures,Hindustan Media,533217,HMVL
INE0PK601023,GSTK544278,OCCL Ltd.,OCCL,544278,OCCLLTD
INE03YM01018,GSTK543233,Chemcon Speciality Chemicals,Chemcon Speciality,543233,CHEMCON
INE429I01024,GSTK532902,Consolidated Construction Consortium,Consolidated Const,532902,CCCL
INE389K01018,GSTK533252,Welspun Investments and Commercials,Welspun Investments,533252,WELINV
INE366A01041,GSTK532610,Dwarikesh Sugar Industries,Dwarikesh Sugar,532610,DWARKESH
INE506D01020,GSTK515147,Haldyn Glass,Haldyn Glass,515147,HALDYNGL
INE785A01026,GSTK524330,Jayant Agro-Organics,Jayant Agro-Organics,524330,JAYAGROGN
INE939X01013,GSTK544262,Manba Finance,Manba Finance,544262,MANBA
INE144J01027,GSTK533022,20 Microns,20 Microns,533022,20MICRONS
INE038F01029,GSTK532515,TV Today Network,TV Today Network,532515,TVTODAY
INE836F01026,GSTK532839,Dish TV India,Dish TV India,532839,DISHTV
INE0CG401037,GSTK544135,Mukka Proteins,Mukka Proteins,544135,MUKKA
INE529I01021,GSTK532937,Kuantum Papers,Kuantum Papers,532937,KUANTUM
INE052T01021,GSTK539660,Best Agrolife,Best Agrolife,539660,BESTAGRO
INE869I01013,GSTK540602,GTPL Hathway,GTPL Hathway,540602,GTPL
INE474O01010,GSTK535667,India Finsec,India Finsec,535667,
INE626A01014,GSTK502175,Saurashtra Cement,Saurashtra Cement,502175,SAURASHCEM
INE0HF201011,GSTK544558,Fabtech Technologies,Fabtech Technologies,544558,FABTECH
INE403Y01018,GSTK544302,Innovana Thinklabs,Innovana Thinklabs,544302,INNOVANA
INE296H01011,GSTK532737,Emkay Global Financial Services,EmkayGlobal Finl.Ser,532737,EMKAY
INE763M01028,GSTK531357,Mercury Ev-Tech,Mercury Metals,531357,MERCURYEV
INE0MIS01010,GSTK543969,Pyramid Technoplast,Pyramid Technoplast,543969,PYRAMID
INE0D6I01023,GSTK543599,Ksolves India,Ksolves India,543599,KSOLVES
INE140B01048,GSTK537254,JTL Defence,JTL Defence,537254,
INE217G01035,GSTK590057,Equippp Social Impact Technologies,Equippp Social,590057,EQUIPPP
INE308A01027,GSTK523391,Nahar Poly Films,Nahar Poly Films,523391,NAHARPOLY
INE037A01022,GSTK500429,Uniphos Enterprises,Uniphos Enterprises,500429,UNIENTER
INE130L01014,GSTK533477,Enkei Wheels (India),Enkei Wheels,533477,
INE818B01023,GSTK500456,Pasupati Acrylon,Pasupati Acrylon,500456,PASUPTAC
INE102I01027,GSTK532875,Allied Digital Services,Allied Digital Serv.,532875,ADSL
INE0I3401014,GSTK543593,Dhampur Bio Organics,Dhampur Bio Organics,543593,DBOL
INE229A01017,GSTK517536,Onward Technologies,Onward Technologies,517536,ONWARDTEC
INE051B01021,GSTK511431,Vakrangee Limited,Vakrangee,511431,VAKRANGEE
INE247M01014,GSTK534425,Speciality Restaurants,Speciality Restaurants,534425,SPECIALITY
INE416A01051,GSTK530943,Aqylon Nexus,Aqylon Nexus,530943,AQYLON
INE974B01016,GSTK526817,Cheviot Co,Cheviot Co,526817,CHEVIOT
INE501Y01019,GSTK540757,Sheetal Cool Products,Sheetal Cool Prods,540757,SCPL
INE761G01016,GSTK514183,Black Rose Industries,Black Rose Inds,514183,BLACKROSE
INE412U01025,GSTK540061,Bigbloc Construction,Bigbloc Construction,540061,BIGBLOC
INE515H01014,GSTK509525,Empire Industries,Empire Industries,509525,
INE00YB01025,GSTK544281,AB Infrabuild,AB Infrabuild,544281,ABINFRA
INE0TQE01026,GSTK544557,Glottis,Glottis,544557,GLOTTIS
INE734N01019,GSTK538635,Snowman Logistics,Snowman Logistics,538635,SNOWMAN
INE266B01017,GSTK500240,Kinetic Engineering,Kinetic Engineering,500240,
INE220Z01013,GSTK519397,Sharat Industries,Sharat Industries,519397,SHINDL
INE195N01013,GSTK534675,Prozone Realty,Prozone Realty,534675,PROZONER
INE138A01028,GSTK503031,Peninsula Land,Peninsula Land,503031,PENINLAND
INE491D01017,GSTK524723,Arvaya Healthcare,Arvaya Healthcare,524723,
INE231G01010,GSTK512626,Orbit Exports,Orbit Exports,512626,ORBTEXP
INE285C01015,GSTK522122,Voith Paper Fabrics India,Voith Paper Fabrics,522122,
INE310C01029,GSTK509635,Hindustan Composites,Hindustan Composites,509635,HINDCOMPOS
INE110B01017,GSTK517344,Mindteck (India),Mindteck (India),517344,MINDTECK
INE953E01022,GSTK519421,KSE,KSE,519421,
INE222F01029,GSTK532893,VTM,VTM,532893,
INE170E01023,GSTK539201,Satia Industries,Satia Industries,539201,SATIA
INE413G01022,GSTK526582,TPL Plastech,TPL Plastech,526582,TPLPLASTEH
INE919M01026,GSTK511634,Axentra Corp,Axentra Corp,511634,
INE754A01055,GSTK532348,Subex,Subex,532348,SUBEXLTD
INE389C01015,GSTK539400,Mallcom (India),Mallcom,539400,MALLCOM
INE645H01027,GSTK532782,Sutlej Textiles & Industries,Sutlej Textiles,532782,SUTLEJTEX
INE672K01025,GSTK533407,True Green Bio Energy,True Green Bio Energ,533407,
INE0TT901016,GSTK544186,Forbes Precision Tools And Machine Parts,Forbes Prec Tool,544186,
INE537F01012,GSTK519003,Modi Naturals,Modi Naturals,519003,MODINATUR
INE607A01022,GSTK506852,Primo Chemicals,Primo Chemicals,506852,PRIMO
INE311M01018,GSTK531771,Towa Sokki,Towa Sokki,531771,
INE802B01027,GSTK531241,Linc,Linc,531241,LINC
INE783X01023,GSTK541269,Chemfab Alkalis,Chemfab Alkalis,541269,CHEMFAB
INE064H01021,GSTK504028,GEE,GEE,504028,
INE116C01012,GSTK505163,ZF Steering Gear (India),ZF Steering Gear,505163,ZFSTEERING
INE0O3901029,GSTK543955,Transindia Real Estate,Transindia Real Est,543955,TREL
INE550F01049,GSTK532467,Hazoor Multi Projects,Hazoor Multi Proj,532467,
INE574A01016,GSTK507155,Jagatjit Industries,Jagatjit Inds,507155,
INE0PEQ01016,GSTK544060,RBZ Jewellers,RBZ Jewellers,544060,RBZJEWEL
INE037Z01029,GSTK544315,Concord Enviro Systems,Concord Enviro Sys.,544315,CEWATER
INE084K01015,GSTK544502,Amanta Healthcare,Amanta Healthcare,544502,AMANTA
INE939D01015,GSTK590043,Harita Seating Systems,Harita Seating Sys,590043,HARITASEAT
INE0NN701020,GSTK543954,Allcargo Terminals,Allcargo Terminal,543954,ATL
INE882B01037,GSTK531889,Nurture Well Industries,Nurture Well Industr,531889,
INE501G01024,GSTK532662,HT Media,HT Media,532662,HTMEDIA
INE244J01017,GSTK532987,Rane Brake Linings,Rane Brake Linings,532987,
INE798F01010,GSTK513511,Panchmahal Steel,Panchmahal Steel,513511,
INE984B01023,GSTK505358,Integra Engineering India,Integra Engineering,505358,
INE0A0S01028,GSTK543917,Sigma Solve,Sigma Solve,543917,SIGMA
INE677H01012,GSTK532760,Deep Energy Resources,Deep Energy Resource,532760,DEEPENR
INE133D01023,GSTK522134,Artson,Artson,522134,
INE445D01013,GSTK530129,Nile,NILE,530129,NILE
INE0ATZ01017,GSTK544187,Kronox Lab Sciences,Kronox Lab Sciences,544187,KRONOX
INE518E01015,GSTK541400,Zim Laboratories,Zim Laboratories,541400,ZIMLAB
INE849C01026,GSTK509874,Shalimar Paints,Shalimar Paints,509874,SHALPAINTS
INE555P01013,GSTK537750,Kiran Vyapar,Kiran Vyapar,537750,KIRANVYPAR
INE265C01025,GSTK531647,Prabhatam Infra Venture,Prabhatam Infra Vent,531647,
INE938C01019,GSTK502958,Lakshmi Mills Company,Lakshmi Mills Co,502958,
INE498D01012,GSTK505703,Satani Bearings,Satani Bearings,505703,
INE577A01027,GSTK520043,Munjal Showa,Munjal Showa,520043,MUNJALSHOW
INE0AE001013,GSTK543974,Vishnu Prakash R Punglia,Vishnu Prakash R,543974,VPRPL
INE335Q01026,GSTK517286,RNIT AI Solutions Ltd.,Autopal Inds,517286,
INE461B01014,GSTK532687,Repro India,Repro India,532687,REPRO
INE0A1101019,GSTK543636,DC Infotech & Communication,DC Infotech & Comm,543636,DCI
INE143A01010,GSTK539290,Oswal Greentech,Oswal Greentech,539290,OSWALGREEN
INE220Q01020,GSTK544058,Credo Brands Marketing,Credo Brands Mktg,544058,MUFTI
INE145Y01023,GSTK540693,Shish Industries,Shish Industries,540693,
INE035S01028,GSTK539195,POCL Enterprises,POCL Enterprises,539195,
INE959E01011,GSTK505141,Scooters India,Scooters India,505141,
INE397H01017,GSTK532740,Lokesh Machines,Lokesh Machines,532740,LOKESHMACH
INE440G01017,GSTK505978,Triton Valves,Triton Valves,505978,
INE249D01019,GSTK524480,Riddhi Siddhi Gluco Biols,Riddhi Siddhi GluCo,524480,
INE095I01015,GSTK532934,PPAP Automotive,PPAP Automotive,532934,PPAP
INE0R8101016,GSTK544361,Covance Softsol,Covance Softsol,544361,
INE320L01011,GSTK533336,Dhunseri Investments,Dhunseri Investments,533336,DHUNINV
INE439N01031,GSTK514440,Blue Pearl Agriventures,Blue Pearl Agriven.,514440,
INE034D01049,GSTK509220,PTL Enterprises,PTL Enterprises,509220,PTL
INE879A01019,GSTK532310,Shree Rama Multi-Tech,Shree Rama Tech,532310,SHREERAMA
INE777G01012,GSTK531359,Shriram Asset Management Co,Shriram AMC,531359,
INE545L01039,GSTK505850,Mangal Credit & Fincorp,MCFL,505850,MANCREDIT
INE118K01011,GSTK514215,Binny,Binny,514215,
INE0NQ801033,GSTK544136,RK Swamy,RK Swamy,544136,RKSWAMY
INE450E01029,GSTK524542,Sukhjit Starch & Chemicals,Sukhjit Starch,524542,SUKHJITS
INE265F01028,GSTK532700,Entertainment Network (India),Entertainment Network,532700,ENIL
INE538A01037,GSTK500173,GFL,GFL,500173,GFLLIMITED
INE566M01017,GSTK504731,Azad India Mobility,Azad India Mobility,504731,
INE694E01014,GSTK507779,Kanpur Plastipack,Kanpur Plastipack,507779,KANPRPLA
INE924D01017,GSTK530023,Investment Trust Of India,Inv Trust of India,530023,THEINVEST
INE864K01010,GSTK540735,IRIS RegTech Solutions,IRIS RegTech Solut.,540735,IRIS
INE318C01014,GSTK523710,Sayaji Hotels,Sayaji Hotels,523710,SAYAJIHOTL
INE783E01023,GSTK504176,High Energy Batteries (India),High Energy Batterie,504176,
INE564J01026,GSTK512453,Shri Jagdamba Polymers,Shri Jagdamba Poly,512453,
INE142A01012,GSTK500317,Oswal Agro Mills,Oswal Agro Mills,500317,OSWALAGRO
INE573K01025,GSTK533470,Rushil Decor,Rushil Decor,533470,RUSHIL
INE885E01042,GSTK523792,Mazda,Mazda,523792,MAZDA
INE020G01017,GSTK532774,Inspirisys Solutions,Inspirisys Solutions,532774,INSPIRISYS
INE807K01035,GSTK540497,S Chand & Co,S Chand & Co,540497,SCHAND
INE229R01011,GSTK538716,Aryaman Capital Markets,Aryaman Capital,538716,
INE0APB01032,GSTK544273,Mangalam Global Enterprise,Mangalam Global Entr,544273,MGEL
INE942G01012,GSTK532654,McLeod Russel India,McLeod Russel,532654,MCLEODRUSS
INE437D01010,GSTK517449,Magna Electro Castings,Magna Electro,517449,
INE166R01015,GSTK504882,National Standard (India),National Stndrd,504882,NATIONSTD
INE927C01020,GSTK517214,Digispice Technologies,Digispice Tech,517214,DIGISPICE
INE050401020,GSTK543725,Elin Electronics,Elin Electronics,543725,ELIN
INE778K01012,GSTK533218,Emami Realty,Emami Realty,533218,EMAMIREAL
INE194N01016,GSTK514336,CCME Global,CCME Global,514336,
INE370D01013,GSTK514418,Mangalam Organics,Mangalam Organics,514418,MANORG
INE099F01013,GSTK535601,Sreeleathers,Sreeleathers,535601,SREEL
INE01EE01011,GSTK543668,B & B Triplewall Containers,B & B Triplewall,543668,BBTCL
INE289A01011,GSTK519136,Nahar Industrial Enterprises,Nahar Inds Enter,519136,NAHARINDUS
INE0TGX01019,GSTK544450,Chembond Chemicals,Chembond Chemicals,544450,CHEMBONDCH
INE555C01029,GSTK532323,Shiva Cement,Shiva Cement,532323,
INE966H01019,GSTK532794,Zee Media Corporation,Zee Media Corp,532794,ZEEMEDIA
INE467D01017,GSTK530521,Virat Industries,Virat Industries,530521,
INE965W01036,GSTK544543,BMW Ventures,BMW Ventures,544543,BMWVENTLTD
INE175N01023,GSTK534733,Aerpace Industries,Aerpace Indus.,534733,
INE967C01018,GSTK526668,Kamat Hotels (India),Kamat Hotels,526668,KAMATHOTEL
INE853A01022,GSTK530431,Ador Fontech,Ador Fontech,530431,
INE05J901018,GSTK544432,Indogulf Cropsciences,Indogulf Cropscience,544432,IGCL
INE961D01019,GSTK522014,United Drilling Tools,United Drilling,522014,UNIDT
INE443P01038,GSTK517172,Pervasive Commodities,Pervasive Commodities,517172,
INE569C01020,GSTK504879,Orient Ceratech,Orient Abrasives,504879,ORIENTCER
INE083C01022,GSTK523648,Plastiblends India,Plastiblends India,523648,PLASTIBLEN
INE551B01012,GSTK539518,Uday Jewellery Industries,Uday Jewellery,539518,
INE147C01017,GSTK532011,Vashu Bhagnani Industries,Vashu Bhagnani Ind.,532011,
INE090B01011,GSTK520021,Omax Autos,Omax Autos,520021,OMAXAUTO
INE320I01017,GSTK535693,Brahmaputra Infrastructure,Brahmaputra Infra,535693,
INE926R01012,GSTK541358,Unifinz Capital India,Unifinz Capital Ind,541358,
INE718F01018,GSTK530067,CSL Finance,CSL Finance,530067,CSLFINANCE
INE748C01038,GSTK532628,3i Infotech,3i Infotech,532628,3IINFOLTD
INE244A01016,GSTK590031,De Nora India,De Nora India,590031,DENORA
INE550C01020,GSTK526987,Urja Global,Urja Global,526987,URJA
INE119R01014,GSTK539834,Balgopal Commercial,Balgopal Commercial,539834,
INE354A01013,GSTK524731,Jenburkt Pharmaceuticals,Jenburkt Pharma,524731,
INE482B01010,GSTK533982,Tera Software,Tera Software,533982,TERASOFT
INE310B01013,GSTK532329,Danlaw Technologies India,Danlaw Technologies,532329,
INE575C01027,GSTK509709,International Conveyors,Intl Conveyors,509709,INTLCONV
INE199C01026,GSTK523269,Advani Hotels & Resorts (India),Advani Hotels,523269,ADVANIHOTR
INE214A01019,GSTK532173,Cybertech Systems & Software,Cybertech Systems,532173,CYBERTECH
INE303A01010,GSTK500089,DIC India,DIC India,500089,DICIND
INE379J01029,GSTK512229,Veritas India,Veritas India,512229,
INE260R01016,GSTK538715,Dhabriya Polywood,Dhabriya Polywood,538715,
INE102A01024,GSTK500193,HLV,HLV,500193,HLVLTD
INE479D01038,GSTK526423,Kriti Industries (India),Kriti Industries,526423,KRITI
INE800A01015,GSTK500060,Birla Cable,Birla Cable,500060,BIRLACABLE
INE00S901012,GSTK542231,Nila Spaces,Nila Spaces,542231,NILASPACES
INE429C01035,GSTK502742,Sintex Industries,Sintex Industries,502742,SINTEX
INE0AK901016,GSTK544346,RDB Real Estate Constructions,RDB Real Estate Cons,544346,
INE607D01018,GSTK530365,Orient Bell,Orient Bell,530365,ORIENTBELL
INE878I01022,GSTK532989,Bafna Pharmaceuticals,Bafna Pharma,532989,BAFNAPH
IN9936B01021,GSTK890161,Natural Capsules Ltd. - Partly Paid up Equity Shares (Rights Entitlements (REs),NATCAPSPP,890161,
INE142E01022,GSTK522650,Bemco Hydraulics,Bemco Hydraulics,522650,
INE320X01016,GSTK540679,Haleos Labs,Haleos Labs,540679,HALEOSLABS
INE771A01026,GSTK526642,Mirza International,Mirza International,526642,MIRZAINT
INE179G01029,GSTK543267,Davangere Sugar Company,Davangere Sugar Co,543267,DAVANGERE
INE745B01028,GSTK507794,Khaitan Chemicals & Fertilizers,Khaitan Chem & Fert,507794,KHAICHEM
INE120D01012,GSTK526217,Hitech Corporation,Hitech Corporation,526217,HITECHCORP
INE100D01014,GSTK504220,WS Industries India,WS Industries India,504220,WSI
INE071E01023,GSTK530363,Ugar Sugar Works,Ugar Sugar Works,530363,UGARSUGAR
INE834D01018,GSTK530627,Vipul Organics,Vipul Organics,530627,
INE480D01010,GSTK538772,Niyogin Fintech,Niyogin Fintech,538772,
INE809A01032,GSTK524037,Rama Phosphates,Rama Phosphates,524037,RAMAPHO
INE0J0B01017,GSTK544726,Kotyark Industries,Kotyark Industries,544726,KOTYARK
INE547B01028,GSTK531225,Xtglobal Infotech,Xtglobal Infotech,531225,XTGLOBAL
INE824Q01011,GSTK539044,Manaksia Steels,Manaksia Steels,539044,MANAKSTEEL
INE401Z01019,GSTK541741,Fratelli Vineyards,Fratelli Vineyards,541741,
INE459C01016,GSTK522017,Fluidomat,Fluidomat,522017,
INE293E01031,GSTK523105,Cropster Agro,Cropster Agro,523105,
INE201B01022,GSTK500267,Majestic Auto,Majestic Auto,500267,MAJESAUT
INE826C01016,GSTK522217,Gujarat Apollo Industries,Gujarat Apollo Inds,522217,GUJAPOLLO
INE636A01039,GSTK523371,Mawana Sugars,Mawana Sugars,523371,MAWANASUG
INE923A01015,GSTK521194,SIL Investments,SIL Investments,521194,SILINV
INE250B01029,GSTK524129,Vinyl Chemicals India,Vinyl Chemicals,524129,VINYLINDIA
INE755Q01025,GSTK538598,Vishal Fabrics,Vishal Fabrics,538598,
INE557B01019,GSTK526596,Liberty Shoes,Liberty Shoes,526596,LIBERTSHOE
INE559N01010,GSTK534680,SRG Housing Finance,SRG Housing,534680,SRGHFL
INE835B01035,GSTK526263,Mold-Tek Technologies,Mold-Tek Tech,526263,MOLDTECH
INE912H01013,GSTK533152,MBL Infrastructure,MBL Infrastructures,533152,MBLINFRA
INE424C01010,GSTK590025,Ginni Filaments,Ginni Filaments,590025,GINNIFILA
INE395F01023,GSTK526071,Stellant Securities (India),Stellant Securities,526071,
INE432F01032,GSTK531035,EBIX,EBIX,531035,
INE0CYK01015,GSTK544191,Purple Finance,Purple Finance,544191,
INE08PH01015,GSTK544522,AB Cotspin India,AB Cotspin India,544522,ABCOTS
INE480M01011,GSTK533941,Thomas Scott India,Thomas Scott India,533941,THOMASCOTT
INE298I01015,GSTK532935,Aries Agro,Aries Agro,532935,ARIES
INE666E01020,GSTK532141,Andhra Cements,Andhra Cements,532141,ACL
INE05ST01028,GSTK543218,Suratwwala Business Group,Suratwwala Group,543218,SBGLP
INE668D01028,GSTK512519,Donear Industries,Donear Industries,512519,DONEAR
INE545R01010,GSTK539235,Grandeur Products,Grandeur Products,539235,
INE353A01023,GSTK500189,NDL Ventures,NXTDigital,500189,NDLVENTURE
INE976H01018,GSTK532829,Lehar Footwears,Lehar Footwears,532829,
INE245L01028,GSTK533285,RDB Infrastructure And Power,RDB Infra. & Power.,533285,
INE138C01024,GSTK506525,Kanoria Chemicals & Industries,Kanoria Chemical,506525,KANORICHEM
INE0JWS01017,GSTK543998,Valiant Laboratories,Valiant Laboratories,543998,VALIANTLAB
INE589N01017,GSTK531191,Filtron Engineers,Filtron Engineers,531191,
INE473L01018,GSTK538786,Citizen Solar,Citizen Solar,538786,
INE536P01021,GSTK536974,Captain Polyplast,Captain Polyplast,536974,CPL
INE554H01021,GSTK531676,Emrock Corporation,Emrock Corporation,531676,
INE278B01020,GSTK500356,Shree Rama Newsprint,Shree Rama Newsprint,500356,RAMANEWS
INE629D01020,GSTK503722,Banswara Syntex,Banswara Syntex,503722,BANSWRAS
INE728Z01015,GSTK543470,SoftTech Engineers,SoftTech,543470,SOFTTECH
INE875B01015,GSTK511714,Nimbus Projects,Nimbus Projects,511714,NIMBSPROJ
INE587G01015,GSTK539276,Kaya,Kaya,539276,KAYA
INE680Z01018,GSTK543910,AVG Logistics,AVG Logistics,543910,AVG
INE324X01026,GSTK543688,Sarveshwar Foods,Sarveshwar Foods,543688,SARVESHWAR
INE296Q01012,GSTK538446,Moneyboxx Finance,Moneyboxx Finance,538446,MONEYBOXX
INE317D01014,GSTK523888,Megamont,Megamont,523888,
INE228I01012,GSTK532853,Asahi Songwon Colors Lucky Laminates,Asahi Songwon,532853,ASAHISONG
INE184D01026,GSTK526873,Rajasthan Securities,Rajasthan Securities,526873,
INE658D01029,GSTK513472,Simplex Castings,Simplex Castings,513472,
INE0B1K01014,GSTK543193,DJ Mediaprint & Logistics,DJ Mediaprint & Logi,543193,DJML
INE122M01019,GSTK533704,Essar Shipping,Essar Shipping,533704,ESSARSHPNG
INE983C01015,GSTK526179,Ludlow Jute & Specialities,Ludlow Jute,526179,
INE049I01012,GSTK532952,Nahar Capital & Financial Services,Nahar Cap & Fin,532952,NAHARCAP
INE846D01012,GSTK500284,Lords Chloro Alkali,Lords Chloro Alkali,500284,LORDSCHLO
INE037B01020,GSTK512393,Shardul Securities,Shardul Securities,512393,SHARDUL
INE713C01016,GSTK531638,Suraj,Suraj,531638,SURAJLTD
INE03V001013,GSTK542933,Universus Photo Imagings,Universus Photo,542933,UNIVPHOTO
INE0ALR01029,GSTK543911,Atal Realtech,Atal Realtech,543911,ATALREAL
INE916Y01027,GSTK544200,Akme Fintrade (India),Akme Fintrade,544200,AFIL
INE0S2V01010,GSTK544204,Vraj Iron & Steel,Vraj Iron & Steel,544204,VRAJ
INE0RWQ01014,GSTK544254,Tolins Tyres,Tolins Tyres,544254,TOLINS
INE714B01016,GSTK500012,Andhra Petrochemicals,Andhra Petrochem,500012,
INE638A01035,GSTK505729,Singer India,Singer India,505729,SINGERIND
INE976E01023,GSTK507552,Foods and Inns,Foods and Inns,507552,FOODSIN
INE1FF001016,GSTK544547,Jinkushal Industries,Jinkushal Industries,544547,JKIPL
INE874A01010,GSTK514238,MKVentures Capital,MKVentures Cap,514238,
INE906O01029,GSTK536264,Tiger Logistics India,Tiger Logistics,536264,TIGERLOGS
INE015B01018,GSTK526586,Wim Plast,Wim Plast,526586,
INE630Y01024,GSTK540937,Medico Remedies,Medico Remedies,540937,MEDICO
INE823A01017,GSTK530299,Kothari Products,Kothari Products,530299,KOTHARIPRO
INE689M01025,GSTK540717,Polo Queen Industrial & Fintech,Polo Queen Inds,540717,
INE544A01019,GSTK500467,Harrisons Malayalam,Harrisons Malayalam,500467,HARRMALAYA
INE788J01021,GSTK539148,Shivalik Rasayan,Shivalik Rasayan,539148,SHIVALIK
INE363M01019,GSTK538685,Shemaroo Entertainment,Shemaroo Enter,538685,SHEMAROO
INE155C01010,GSTK524075,Albert David,Albert David,524075,ALBERTDAVD
INE902B01017,GSTK517273,S & S Power Switchgear,S & S Power Switch,517273,S&SPOWER
INE300A01016,GSTK500166,Goodricke Group,Goodricke Group,500166,
INE718H01014,GSTK532797,Autoline Industries,Autoline Industries,532797,AUTOIND
INE691D01012,GSTK521113,Suditi Industries,Suditi Industries,521113,
INE0FW001016,GSTK543364,Markolines Pavement Technologies,Markolines Pave Tech,543364,MARKOLINES
INE020J01029,GSTK532980,Gokul Refoils & Solvent,Gokul Refoils,532980,GOKUL
INE592A01026,GSTK502420,Orient Paper & Industries,Orient Paper,502420,ORIENTPPR
INE855R01021,GSTK543732,Radiant Cash Management Services,Radiant Cash Mgmnt.,543732,RADIANTCMS
INE642C01025,GSTK500367,Rubfila International,Rubfila Intl,500367,RUBFILA
INE1BZC01019,GSTK544564,Om Freight Forwarders,Om Freight Forwarder,544564,OMFREIGHT
INE505V01016,GSTK544461,Euro Panel Products,Euro Panel Products,544461,EUROBOND
INE296G01013,GSTK511766,Muthoot Capital Services,Muthoot Capital Serv,511766,MUTHOOTCAP
INE969C01022,GSTK514316,Raghuvir Synthetics,Raghuvir Synthetics,514316,
INE094S01041,GSTK539594,Mishtann Foods,Mishtann Foods,539594,
INE177C01022,GSTK522004,Batliboi,Batliboi,522004,BATLIBOI
INE688E01024,GSTK505720,Hercules Investments,Hercules Investments,505720,
INE087A01019,GSTK502937,Kesoram Industries,Kesoram Industries,502937,KESORAMIND
INE0MGS01014,GSTK544080,Sayaji Hotels (Indore),Sayaji Hotels(Ind.),544080,
INE761Y01019,GSTK543416,Zodiac Energy,Zodiac Energy,543416,ZODIAC
INE173E01019,GSTK531628,Tejassvi Aaharam,Tejassvi Aaharam,531628,
INE850B01026,GSTK531161,ABM Knowledgeware,ABM Knowledgeware,531161,ABMKNO
INE482J01021,GSTK533275,Shah Metacorp,Shah Metacorp,533275,SHAH
INE099G01011,GSTK511672,Scan Steels,Scan Steels,511672,SCANSTL
INE152C01025,GSTK530579,UY Fincorp,UY Fincorp,530579,UYFINCORP
INE784W01015,GSTK540396,Manomay Tex India,Manomay Tex India,540396,MANOMAY
INE0P6P01016,GSTK544499,Career Point Edutech,Career Point Edutech,544499,CPEDU
INE872E01016,GSTK504240,Delton Cables,Delton Cables,504240,
INE359U01028,GSTK539841,Lancer Container Lines,Lancer Container,539841,
INE236A01020,GSTK500179,HCL Infosystems,HCL Infosystems,500179,HCL-INSYS
INE059901020,GSTK543715,Indiabulls Enterprises,Indiabulls Enterpris,543715,
INE985A01022,GSTK523023,Sinclairs Hotels,Sinclairs Hotels,523023,SINCLAIR
INE788D01016,GSTK517246,B C C Fuba India,BCC Fuba India,517246,
INE00EM01016,GSTK541352,Megastar Foods,Megastar Foods,541352,MEGASTAR
INE364S01014,GSTK539922,Rotographics India,Rotographics India,539922,
INE561H01026,GSTK532780,Parsvnath Developers,Parsvnath Developers,532780,PARSVNATH
INE964R01013,GSTK540175,Regency Fincorp,Regency Fincorp,540175,
INE585A01020,GSTK500298,Naperol Investments,Naperol Investments,500298,
INE307N01014,GSTK512600,Astal Laboratories,Astal Laboratories,512600,
INE019B01010,GSTK500422,Transchem,Transchem,500422,
INE015D01022,GSTK532932,Manaksia,Manaksia,532932,MANAKSIA
INE757B01015,GSTK520151,Transworld Shipping Lines,Transworld Shipping,520151,TRANSWORLD
INE172D01021,GSTK538476,Capital Trade Links,CTL,538476,
INE798K01010,GSTK533210,Kriti Nutrients,Kriti Nutrients,533210,KRITINUT
INE757T01025,GSTK542670,Artemis Electricals and Projects,Artemis Electricals,542670,AEPL
INE099J01015,GSTK533207,Jaypee Infratech,Jaypee Infratech,533207,JPINFRATEC
INE650G01029,GSTK531727,Menon Pistons,Menon Pistons,531727,MENNPIS
INE790B01024,GSTK533192,KCP Sugar & Industries Corporation,KCP Sugar & Inds,533192,KCPSUGIND
INE005E01013,GSTK531364,Ekansh Concepts,Ekansh Concepts,531364,
INE238C01022,GSTK531279,Trishakti Industries,Trishakti Industries,531279,
INE013A01015,GSTK500111,Reliance Capital,Reliance Capital,500111,RELCAPITAL
INE0JS101016,GSTK543591,Dreamfolks Services,Dreamfolks Services,543591,DREAMFOLKS
INE528C01018,GSTK531652,UVS Hospitality and Services,UVS Hospitality,531652,
INE436A01026,GSTK500013,Ansal Properties & Infrastructure,Ansal Properties,500013,ANSALAPI
INE755D01015,GSTK504959,Stovec Industries,Stovec Inds,504959,
INE485D01043,GSTK521167,Maxgrow India,Maxgrow India,521167,
INE058F01019,GSTK524634,Alufluoride,Alufluoride,524634,
INE235U01012,GSTK513496,Sizemasters Technology,Sizemasters Technolg,513496,
INE717E01013,GSTK538987,Talbros Engineering,Talbros Engineering,538987,
INE08E401029,GSTK542770,Alphalogic Techsys,Alphalogic,542770,
INE844K01012,GSTK533270,Bedmutha Industries,Bedmutha Industries,533270,BEDMUTHA
INE426D01013,GSTK509567,Goa Carbon,Goa Carbon,509567,GOACARBON
INE010C01025,GSTK523558,Swiss Military Consumer Goods,Swiss Military Goods,523558,
INE440A01010,GSTK514286,Ashima,Ashima,514286,ASHIMASYN
INE679E01015,GSTK539546,Agribio Spirits,Agribio Spirits,539546,
INE091C01017,GSTK512527,Super Sales India,Super Sales India,512527,
INE752P01024,GSTK540064,Future Retail,Future Retail,540064,FRETAIL
INE365O01028,GSTK512165,Abans Enterprises,Abans Enterprise,512165,ABANSENT
INE274V01019,GSTK540425,Shankara Building Products,Shankara Bldg. Prod,540425,SHANKARA
INE653C01022,GSTK526721,Nicco Parks & Resorts,Nicco Parks,526721,
INE641C01019,GSTK590041,Kavveri Defence & Wireless Technologies,Kavveri Def. Wireles,590041,KAVDEFENCE
INE219M01021,GSTK532090,Atvo Enterprises,Atvo Enterprises,532090,
INE09EO01013,GSTK543210,Aarti Surfactants,Aarti Surfactant,543210,AARTISURF
INE551D01018,GSTK516030,Pakka,Pakka,516030,PAKKA
INE843D01027,GSTK523369,DCM Shriram Industries,DCM Shriram Inds.,523369,DCMSRIND
INE875G01048,GSTK532641,Nandan Denim,Nandan Denim,532641,NDL
INE910R01024,GSTK539479,GTV Engineering,GTV Engineering,539479,
INE277E01026,GSTK513544,Mardia Samyoung Capillary Tubes Company,Mardia Samyoung,513544,
INE980A01023,GSTK509077,Pressman Advertising,Pressman Advertising,509077,PRESSMN
INE289D01015,GSTK513252,Jay Ushin,Jay Ushin,513252,
INE073D01013,GSTK590072,Sundaram Brake Linings,Sundaram Brake Lin,590072,SUNDRMBRAK
INE926C01022,GSTK526159,Nikhil Adhesives,Nikhil Adhesives,526159,
INE280H01015,GSTK532841,Sahyadri Industries,Sahyadri Industries,532841,SAHYADRI
INE00RL01028,GSTK544477,Highway Infrastructure,Highway Infrast.,544477,HILINFRA
INE348N01042,GSTK512595,KD Green Industries,KD Green Industries,512595,
INE532B01020,GSTK524622,iStreet Network,iStreet Network,524622,
INE0PO601011,GSTK544205,National Peroxide,National Peroxide,544205,
INE00CA01015,GSTK542233,Trejhara Solutions,Trejhara Solutions,542233,TREJHARA
INE314C01013,GSTK521034,Soma Textiles & Industries,Soma Textiles,521034,SOMATEX
INE377E01024,GSTK501831,Coastal Corporation,Coastal Corporation,501831,COASTCORP
INE0DSF01015,GSTK543264,Nureca,Nureca,543264,NURECA
INE256H01015,GSTK532707,Dynemic Products,Dynemic Products,532707,DYNPRO
INE278D01018,GSTK524828,BDH Industries,BDH Inds,524828,
INE0HMF01019,GSTK543638,Tracxn Technologies,Tracxn Technologies,543638,TRACXN
INE248H01012,GSTK532731,Rohit Ferro-Tech,Rohit Ferro-Tech,532731,ROHITFERRO
INE341Z01025,GSTK540956,Bhatia Communications & Retail (India),Bhatia Comms India,540956,
INE0VOV01021,GSTK544513,Dev Accelerator,Dev Accelerator ,544513,DEVX
INE803H01014,GSTK532785,Ruchira Papers,Ruchira Papers,532785,RUCHIRA
INE878E01021,GSTK505075,Setco Automotive,Setco Automotive,505075,SETCO
INE113B01037,GSTK511644,Omega Interactive Technologies,Omega Interactive,511644,
INE274K01012,GSTK533108,Bhilwara Technical Textiles,Bhilwara Tech Tex,533108,BTTL
INE814D01010,GSTK514324,Omnitex Industries (India),Omnitex Inds,514324,
INE646B01010,GSTK531146,Medicamen Biotech,Medicamen Biotech,531146,MEDICAMEQ
INE344T01014,GSTK539399,Bella Casa Fashion & Retail,Bella Casa Fashion,539399,BELLACASA
INE253A01025,GSTK500500,Hindustan Motors,Hindustan Motors,500500,
INE378P01036,GSTK538537,Pipan Oils,Pipan Oils,538537,
INE323B01024,GSTK511589,Avonmore Capital & Management Services,Avonmore Capital,511589,AVONMORE
INE273D01027,GSTK514274,Varvee Global,Varvee Global,514274,VGL
INE0GAO01018,GSTK543363,Prevest Denpro,Prevest Denpro,543363,
INE583R01029,GSTK539359,Pritika Auto Industries,Pritika Auto Industr,539359,PRITIKAUTO
INE518A01013,GSTK502865,Forbes & Company,Forbes & Company,502865,
INE142I01023,GSTK532890,Take,Take,532890,TAKE
INE603D01017,GSTK512026,Vega Jewellers,Vega Jewellers,512026,
INE207B01011,GSTK523449,Sharp India,Sharp India,523449,
INE792I01017,GSTK532941,Cords Cable Industries,Cords Cable Inds,532941,CORDSCABLE
INE807H01023,GSTK531281,Marble City India,Marble City Indi,531281,
INE949P01018,GSTK538961,Genus Paper & Boards,Genus Paper & Boards,538961,GENUSPAPER
INE882D01017,GSTK526827,Spice Islands Industries,Spice Islands Inds.,526827,
INE864X01013,GSTK543962,DP Wires,DP Wires,543962,DPWIRES
INE591A01010,GSTK500313,Oil Country Tubular,Oil Country Tubular,500313,OILCOUNTUB
INE160F01013,GSTK500143,PH Capital,PH Capital,500143,
INE365H01014,GSTK530197,Fundviser Capital (India),Fundviser Capital,530197,
INE536C01029,GSTK530219,Nutricircle,Nutricircle,530219,
INE115S01010,GSTK539854,Halder Venture,Halder Venture,539854,HALDER
INE448G01010,GSTK537291,Nath Bio-Genes (I),Nath Bio-Genes,537291,NATHBIOGEN
INE869A01010,GSTK526739,Narmada Gelatines,Narmada Gelatines,526739,
INE832A01018,GSTK500890,Modi Rubber,Modi Rubber,500890,MODIRUBBER
INE704H01022,GSTK532807,Cineline India,Cineline India,532807,CINELINE
INE334C01029,GSTK524790,Everest Organics,Everest Organics,524790,
INE030P01017,GSTK535916,Alacrity Securities,Alacrity Security,535916,
INE071F01012,GSTK518091,Anjani Portland Cement,Anjani Portland Cem.,518091,APCL
INE324L01013,GSTK533284,RPP Infra Projects,RPP Infra Projects,533284,RPPINFRA
INE920T01011,GSTK539927,Likhami Consulting,Likhami Consulting,539927,
INE0GSL01024,GSTK543433,HP Adhesives,Hp Adhesives,543433,HPAL
INE461A01024,GSTK500270,Baroda Rayon Corporation,Baroda Rayon,500270,
INE813G01023,GSTK504084,Kaycee Industries,Kaycee Industries,504084,
INE948G01019,GSTK532102,SBEC Sugar,SBEC Sugar,532102,
INE542A01039,GSTK518029,Gujarat Sidhee Cement,Guj Sidhee Cement,518029,GSCLCEMENT
INE020801028,GSTK542337,Spencer's Retail,Spencer's Retail,542337,SPENCERS
INE215D01010,GSTK523754,Mahindra EPC Irrigation,Mahindra EPC Irrig,523754,MAHEPC
INE474C01023,GSTK530919,Remsons Industries,Remsons Industries,530919,REMSONSIND
INE508K01013,GSTK543901,Robust Hotels,Robust Hotels,543901,RHL
INE937C01029,GSTK530377,Nila Infrastructures,Nila Infrastructures,530377,NILAINFRA
INE805A01014,GSTK531439,AION-Tech Solutions,AION-Tech Solutions,531439,GOLDTECH
INE895E01017,GSTK526081,SC Agrotech,SC Agrotech,526081,
INE123M01017,GSTK533608,RDB Rasayans,RDB Rasayans,533608,
INE850R01014,GSTK540199,Corporate Merchant Bankers,Corporate Merchant,540199,
INE08KP01019,GSTK542729,DCM Nouvelle,DCM Nouvelle,542729,DCMNVL
INE285H01022,GSTK532759,Atlantaa,Atlantaa,532759,ATLANTAA
INE835A01029,GSTK514175,Vardhman Polytex,Vardhman Polytex,514175,VARDMNPOLY
INE866E01026,GSTK507525,Amrit Corp.,Amrit Corp,507525,
INE311N01016,GSTK532070,Gujjubhai Industries,Gujjubhai Industries,532070,
INE886A01014,GSTK501295,Industrial Investment Trust,Industrial Invest,501295,IITL
INE01TL01014,GSTK509470,Bombay Oxygen Investments,Bombay Oxygen Invst,509470,
INE143C01024,GSTK517258,Precision Electronics,Precision Electronics,517258,
INE313M01030,GSTK524444,Evexia Lifecare,Evexia Lifecare,524444,
INE02EZ01022,GSTK542285,Axita Cotton,Axita Cotton,542285,AXITA
INE689O01013,GSTK538942,Mercantile Ventures,Mercantile Ventures,538942,MERCANTILE
INE002B01016,GSTK532344,Madala Holdings,Madala Holdings,532344,
INE050N01010,GSTK530215,Kings Infra Ventures,Kings Infra Ventures,530215,
INE705G01021,GSTK505712,HIM Teknoforge,HIM Teknoforge,505712,
INE043B01028,GSTK517393,Vintron Informatics,Vintron Informatics,517393,
INE371C01013,GSTK524570,Poddar Pigments,Poddar Pigments,524570,PODDARMENT
INE636D01041,GSTK505750,Josts Engineering Company,Josts Engg Co,505750,
INE366C01021,GSTK530745,ACS Technologies Ltd.,ACS Technologies,530745,ACSTECH
INE430D01015,GSTK506522,JL Morison (India),JL Morison,506522,
INE619I01012,GSTK533292,A2Z Infra Engineering,A2Z Infra Engg,533292,A2ZINFRA
INE137M01017,GSTK539112,SAB Industries,SAB Industries,539112,
INE044N01021,GSTK507265,Emerald Leisures,Emerald Leisures,507265,
INE09BN01011,GSTK543737,Aveer Foods,Aveer Foods,543737,
INE486F01012,GSTK532039,Zenotech Laboratories,Zenotech Labs,532039,
INE09E501017,GSTK543251,Ravinder Heights,Ravinder Heights,543251,RVHL
INE890S01026,GSTK540097,Gamco,Gamco,540097,
INE0GFE01026,GSTK543327,Exxaro Tiles,Exxaro Tiles,543327,EXXARO
INE933A01014,GSTK500259,Lyka Labs,Lyka Labs,500259,LYKALABS
INE177M01013,GSTK519606,Integrated Proteins,Integrated Protein,519606,
INE861H01020,GSTK508875,Nitin Castings,Nitin Castings,508875,
INE017C01012,GSTK530145,Kisan Mouldings,Kisan Mouldings,530145,
INE432A01017,GSTK500009,Ambalal Sarabhai Enterprises,Ambalal Sarabhai Ent,500009,AMBALALSA
INE198H01019,GSTK524412,Aarey Drugs & Pharmaceuticals,Aarey Pharma,524412,AAREYDRUGS
INE278R01034,GSTK541161,Dharan Infra-EPC,Dharan Infra-EPC,541161,KBCGLOBAL
INE342D01012,GSTK531253,India Gelatine & Chemicals,India Gelatine,531253,
INE0INJ01017,GSTK544003,Plaza Wires,Plaza Wires,544003,PLAZACABLE
INE418C01012,GSTK500069,Quest Capital Markets,Quest Capital Market,500069,
INE655V01019,GSTK540358,RMC Switchgears,RMC Switchgears,540358,RMC
INE198N01017,GSTK534796,Jujhar Logistics,Jujhar Logistics,534796,
INE442V01012,GSTK540404,Prime Fresh,Prime Fresh,540404,
INE050B01023,GSTK511208,IL&FS Investment Managers,IL&FS Investment,511208,IVC
INE918N01018,GSTK539331,Veto Switch Gears & Cables,Veto Switch Gears,539331,VETO
INE421A01028,GSTK523204,Aban Offshore,Aban Offshore,523204,ABAN
INE110A01019,GSTK500074,BPL,BPL,500074,BPL
INE020S01012,GSTK526073,Galaxy Bearings,Galaxy Bearings,526073,
INE992I01013,GSTK512381,Starteck Finance,Starteck Finance,512381,STARTECK
INE023H01027,GSTK532649,Nectar Lifesciences,Nectar Life Sciences,532649,NECLIFE
INE02H701025,GSTK544100,Nova Agritech,Nova Agritech,544100,NOVAAGRI
INE017I01027,GSTK512399,Sera Investments & Finance India,Sera Investments,512399,
INE838E01017,GSTK532460,Ponni Sugars (Erode),Ponni Sugars (Erode),532460,PONNIERODE
INE05CY01014,GSTK543531,Tierra Agrotech,Tierra Agrotech,543531,
INE687B01014,GSTK507435,Khoday India,Khoday India,507435,
INE512B01022,GSTK532666,FCS Software Solutions,FCS Software Soln,532666,FCSSOFT
INE326B01035,GSTK531400,Almondz Global Securities,Almondz Global Sec,531400,ALMONDZ
INE454M01024,GSTK539917,Nagarjuna Fertilizers & Chemicals,Nagarjuna Fertilizer,539917,NAGAFERT
INE185C01017,GSTK538795,Shree Ajit Pulp & Paper,Shree Ajit Pulp,538795,SAPPL
INE868C01018,GSTK522273,Ahmedabad Steel Craft,Ahmedabad Steel,522273,
INE802D01023,GSTK509162,Indag Rubber,Indag Rubber,509162,
INE327G01032,GSTK540728,Sayaji Industries,Sayaji Industries,540728,
INE995D01025,GSTK530871,Chembond Material Technologies,Chembond Mat.Techno,530871,CHEMBOND
INE443A01030,GSTK502015,ASI Industries,ASI Industries,502015,
INE157H01023,GSTK532673,KM Sugar Mills,KM Sugar Mills,532673,KMSUGAR
INE190H01024,GSTK532713,Sakuma Exports,Sakuma Exports,532713,SAKUMA
INE469A01019,GSTK505681,Bimetal Bearings,Bimetal Bearings,505681,BIMETAL
INE302R01024,GSTK542332,Hi-Klass Trading & Investment,Hi-Klass Trading,542332,
INE07S101038,GSTK543915,Pavna Industries,Pavna Industries,543915,PAVNAIND
INE911Z01025,GSTK542012,A-1,A-1,542012,
INE139B01016,GSTK500464,UCAL,UCAL,500464,UCAL
INE527H01019,GSTK539141,UFO Moviez India,UFO Moviez India,539141,UFO
INE926K01017,GSTK533227,Asian Hotels East,Asian Hotels East,533227,AHLEAST
INE637D01015,GSTK505285,Tulive Developers,Tulive Developers,505285,
INE821Y01011,GSTK540796,Ratnabhumi Developers,Ratnabhumi Dev,540796,
INE108G01010,GSTK512361,Cupid Breweries And Distilleries Ltd.,Cupid Brew.&Dist,512361,
INE637H01024,GSTK532776,Shivam Autotech,Shivam Autotech,532776,SHIVAMAUTO
INE201M01029,GSTK540403,CL Educate,CL Educate,540403,CLEDUCATE
INE124B01018,GSTK523100,Cosmo Ferrites,Cosmo Ferrites,523100,
INE07G501017,GSTK544090,Sayaji Hotels (Pune),Sayaji Hotels (Pune),544090,
INE048A01011,GSTK500449,Hindustan Organic Chemicals,HOC,500449,
INE391D01019,GSTK505854,TRF,TRF,505854,TRF
INE890G01047,GSTK522091,United Van Der Horst,UVDHL,522091,
INE826B01026,GSTK523586,Indian Toners & Developers,Indian Toners & Dev,523586,
INE336H01023,GSTK532767,Gayatri Projects,Gayatri Projects,532767,GAYAPROJ
INE565L01011,GSTK533287,Zee Learn,Zee Learn,533287,ZEELEARN
INE315N01017,GSTK503635,Shree Salasar Investments,SSIL,503635,
INE130B01031,GSTK517530,Surana Telecom & Power,Surana Telecom,517530,SURANAT&P
INE947I01017,GSTK532998,Lotus Eye Hospital & Institute,Lotus Eye Hosp,532998,LOTUSEYE
INE567A01028,GSTK504058,Indo National,Indo National,504058,NIPPOBATRY
INE012Q01039,GSTK538119,R & B Denims,R & B Denims,538119,RNBDENIMS
INE450G01024,GSTK532613,VIP Clothing,VIP Clothing,532613,VIPCLOTHNG
INE158G01015,GSTK513043,Remi Edelstahl Tubulars,Remi Edelstahl,513043,
INE855F01042,GSTK532694,Avio Smart Market Stack,Avio Smart Market,532694,ASMS
INE176O01011,GSTK532016,Espire Hospitality,Espire,532016,
INE732K01027,GSTK511557,Pro Fin Capital Services,Pro Fin Capital,511557,
INE945A01026,GSTK500223,J C T,J C T,500223,JCT
INE276H01013,GSTK512103,Nidhi Granites,Nidhi Granites,512103,
INE262B01016,GSTK500213,International Travel House,Intl Travel House,500213,
INE072B01027,GSTK526443,Artificial Electronics Intelligent Material,Artificial Electro,526443,
INE0SJA01013,GSTK544521,VMS TMT,VMS TMT,544521,VMSTMT
INE889E01010,GSTK531879,Pioneer Distilleries,Pioneer Distilleries,531879,PIONDIST
INE591D01014,GSTK500120,Diamines & Chemicals,Diamines & Chemicals,500120,DIAMINESQ
INE01NE01012,GSTK542232,Shankar Lal Rampal Dye-Chem,Shankar Lal Rampal,542232,SRD
INE861D01011,GSTK511754,Shalibhadra Finance,Shalibhadra Finance,511754,SAHLIBHFI
INE371F01024,GSTK540829,Chandrima Mercantiles,Chandrima Mercantiles,540829,
INE928C01010,GSTK526821,Dai Ichi Karkaria,Dai Ichi Karkaria,526821,DAICHI
INE423D01010,GSTK526703,Ecoplast,Ecoplast,526703,
INE336C01016,GSTK504903,Rathi Steel & Power,Rathi Steel,504903,
INE161L01027,GSTK542655,Vikas Lifecare,Vikas Lifecare,542655,VIKASLIFE
INE761D01021,GSTK539132,Wardwizard Foods and Beverages,Wardwizard Foods&Bev,539132,
INE299D01022,GSTK526407,Hampton Sky Realty,Ritesh Properties,526407,
INE733A01018,GSTK516022,Star Paper Mills,Star Paper Mills,516022,STARPAPER
INE882A01013,GSTK521018,Maral Overseas,Maral Overseas,521018,MARALOVER
INE840D01015,GSTK526519,Alpine Housing Development Corporation,Alpine Housing Dev,526519,
INE372E01025,GSTK522105,Birla Precision Technologies,Birla Precision,522105,BIRLAPREC
INE364A01020,GSTK509715,Jay Shree Tea & Industries,Jay Shree Tea,509715,JAYSREETEA
INE977Y01011,GSTK543442,Brand Concepts,Brand Concepts,543442,BCONCEPTS
INE589D01018,GSTK517514,D & H India,D & H India,517514,
INE0CPR01018,GSTK543284,EKI Energy Services,EKI Energy Serv,543284,
INE0QXV01014,GSTK544112,Jasch Gauging Technologies,Jasch Gauging Techno,544112,
INE052001026,GSTK542862,Shahlon Silk Industries,Shahlon Silk,542862,
INE872A01014,GSTK523756,SREI Infrastructure Finance,SREI Infra Fin,523756,SREINFRA
INE792H01019,GSTK532773,Global Vectra Helicorp,Global Vectra,532773,GLOBALVECT
INE919I01024,GSTK540366,Music Broadcast,Music Broadcast,540366,RADIOCITY
INE222J01013,GSTK532988,Rane Engine Valve,Rane Engine Valve,532988,
INE418B01048,GSTK532320,Vaarad Ventures,Vaarad Ventures,532320,
INE256D01014,GSTK532425,Genus Prime Infra,Genus Prime Infra,532425,
INE859Q01017,GSTK539045,Manaksia Aluminium Company,Manaksia Aluminium,539045,MANAKALUCO
INE691C01022,GSTK530585,Swastika Investmart,Swastika Investmart,530585,
INE0V3U01015,GSTK544424,Globe Civil Projects,Globe Civil Projects,544424,GLOBECIVIL
INE159L01013,GSTK535621,SV Global Mill,SV Global Mill,535621,
INE854S01022,GSTK539407,Generic Engineering Construction & Projects,Generic Engg,539407,GENCON
INE849B01010,GSTK531525,ACE Software Exports,ACE Software Exp,531525,
INE678F01014,GSTK526169,Multibase India,Multibase India,526169,
INE196Y01018,GSTK544577,Worth Peripherals,Worth Peripherals,544577,WORTHPERI
INE186H01022,GSTK532674,Bannari Amman Spinning Mills,Bannari Amman Mills,532674,BASML
INE507F01023,GSTK504351,Empower India,Empower India,504351,EMPOWER
INE035801013,GSTK543743,Aeroflex Neu,Aeroflex Neu,543743,AERONEU
INE078D01012,GSTK526747,PG Foils,PG Foils,526747,
INE576N01014,GSTK531412,Radix Industries India,Radix Industries,531412,
INE819A01049,GSTK531216,Comfort Intech,Comfort Intech,531216,COMFINTE
INE0S2G01011,GSTK544249,Shree Tirupati Balajee Agro Trading Company Ltd,Shree Tirup.Bal.Agro,544249,BALAJEE
IN9026L01012,GSTK890165,Tilak Ventures Partly Paid,Tilak Venture-x,890165,
INE013E01017,GSTK508941,Panasonic Carbon India Company,Panasonic Carbon,508941,
INE314G01014,GSTK513509,Kalyani Forge,Kalyani Forge,513509,KALYANIFRG
INE227F01010,GSTK538890,MK Exim (India),MK Exim (India),538890,
INE362D01010,GSTK531069,Vijay Solvex,Vijay Solvex,531069,
INE557Z01018,GSTK543912,Power & Instrumentation (Gujarat),Power & Instrument,543912,PIGL
INE864J01012,GSTK533170,Tamboli Industries,Tamboli Industries,533170,TAMBOLIIN
INE657D01021,GSTK507998,Simmonds Marshall,Simmonds Marshall,507998,
INE0DAB01012,GSTK544246,Revathi Equipment India,Revathi Equip. Ind.,544246,RVTH
INE509C01026,GSTK531739,Gennex Laboratories,Gennex Laboratories,531739,
INE847C01020,GSTK533168,Rossell India,Rossell India,533168,ROSSELLIND
INE823B01015,GSTK531041,Competent Automobiles Company,Competent Auto,531041,
INE723D01021,GSTK514010,Rudra Ecovation,Rudra Ecovation,514010,
INE586E01020,GSTK540954,Indian Wood Products Co,Indian Wood Prods,540954,IWP
INE206B01013,GSTK521163,Zodiac Clothing Company,Zodiac Clothing Co,521163,ZODIACLOTH
INE01BL01012,GSTK542628,Northern Spirits,Northern Spirits,542628,
INE692Z01013,GSTK541402,Affordable Robotic & Automation,ARAPL,541402,AFFORDABLE
INE652F01027,GSTK526550,Country Club Hospitality & Holidays,Country Club,526550,CCHHL
INE589G01011,GSTK532678,Bombay Rayon Fashions,Bombay Rayon Fashion,532678,BRFL
INE914E01040,GSTK531082,Alankit,Alankit,531082,ALANKIT
INE0QTF01015,GSTK544124,Vibhor Steel Tubes,Vibhor Steel Tubes,544124,VSTL
INE631R01026,GSTK539894,Madhav Infra Projects,Madhav Infra Proj,539894,MADHAVIPL
INE705C01020,GSTK511108,Shiva Texyarn,Shiva Texyarn,511108,SHIVATEX
INE865D01012,GSTK531550,Jhaveri Credits & Capital,Jhaveri Credits,531550,
INE0PQ101010,GSTK544230,Saraswati Saree Depot,Saraswati Saree Dep.,544230,SSDL
INE0K1401020,GSTK543499,Achyut Healthcare,Achyut Hlthcr,543499,
INE317V01016,GSTK540078,Mitsu Chem Plast,Mitsu Chem Plast,540078,
INE214F01026,GSTK509546,Graviss Hospitality,Graviss Hospitality,509546,GRAVISSHO
INE951M01037,GSTK531307,RRIL,RRIL,531307,RRIL
INE782D01027,GSTK505216,Alfred Herbert (India),Alfred Herbert,505216,
INE034H01016,GSTK532679,SORIL Infra Resources,SORIL Infra,532679,SORILINFRA
INE524U01019,GSTK501151,Kartik Investments Trust,Kartik Invests.Trust,501151,
INE946H01037,GSTK511726,Vipul,Vipul,511726,VIPULLTD
INE277T01024,GSTK542753,Seacoast Shipping Services,Seacoast Shipping,542753,
INE683E01017,GSTK524506,Coral Laboratories,Coral Labs,524506,
INE716M01034,GSTK506863,Swadeshi Industries & Leasing,Swadeshi Industries,506863,
INE817B01025,GSTK530163,Kerala Ayurveda,Kerala Ayurveda,530163,
INE260E01014,GSTK530977,Shri Keshav Cements & Infra,Shri Keshav Cements,530977,
INE561C01019,GSTK505688,Bharat Gears,Bharat Gears,505688,BHARATGEAR
INE0GD201014,GSTK543376,Samor Reality,Samor Reality,543376,
INE121D01036,GSTK531173,Syschem (India),Syschem (India),531173,
INE711C01028,GSTK500220,Jasch Industries,Jasch Industries,500220,
INE726L01027,GSTK533452,Ebixcash World Money India,Ebixcash World,533452,DELPHIFX
INE404B01022,GSTK526961,Last Mile Enterprises,Last Mile Enterprise,526961,
INE289C01025,GSTK511559,Team India Guaranty,Team India Guaranty,511559,TEAMGTY
INE920C01017,GSTK526723,NTC Industries,NTC Industries,526723,
INE217K01011,GSTK540709,Reliance Home Finance,Reliance Home Finance,540709,RHFL
INE586G01017,GSTK532543,GP Petroleums,GP Petroleums,532543,GULFPETRO
INE945P01024,GSTK538970,Wardwizard Innovations & Mobility,Wardwizard Innov,538970,
INE860D01013,GSTK531569,Sanjivani Paranteral,Sanjivani Paranteral,531569,
INE623A01011,GSTK507315,Sakthi Sugars,Sakthi Sugars,507315,SAKHTISUG
INE834I01025,GSTK540775,Khadim India,Khadim,540775,KHADIM
INE781A01025,GSTK532326,Intense Technologies,Intense Tech,532326,INTENTECH
INE314I01036,GSTK536565,Novelix Pharmaceuticals,Novelix Pharma,536565,
INE088G01014,GSTK516108,South India Paper Mills,South India Paper,516108,
INE176J01011,GSTK533014,Sicagen India,Sicagen India,533014,SICAGEN
INE106G01014,GSTK504646,Bhagwati Autocast,Bhagwati Autocast,504646,
INE099E01016,GSTK532362,Nagpur Power & Industries,Nagpur Power & Inds,532362,
INE416L01017,GSTK533261,Eros International Media,Eros Intl Media,533261,EROSMEDIA
INE104E01014,GSTK512634,Savera Industries,Savera Industries,512634,
INE745A01012,GSTK512345,Lexora Global,Lexora Global,512345,
INE600A01035,GSTK500327,PIL ITALICA Lifestyle,PIL ITALICA Life,500327,PILITA
INE542B01011,GSTK524598,Aksharchem (India),Aksharchem (India),524598,AKSHARCHEM
INE136C01044,GSTK526717,HCP Plastene Bulkpack,HCP Plastene,526717,
INE461H01011,GSTK512109,Aviva Industries,Aviva Industries,512109,
INE806A01020,GSTK530961,Vikas Ecotech,Vikas Ecotech,530961,VIKASECO
INE204C01024,GSTK503804,Shri Dinesh Mills,Shri Dinesh Mills,503804,
INE713D01055,GSTK522292,Candour Techtex,Candour Techtex,522292,
INE105D01013,GSTK513353,Cochin Minerals & Rutile,Cochin Minerals,513353,
INE861A01058,GSTK532411,MPS Infotecnics,MPS Infotecnics,532411,VISESHINFO
INE572G01025,GSTK509048,Lancor Holdings,Lancor Holdings,509048,LANCORHOL
INE605D01012,GSTK508670,Neelamalai Agro Industries,Neelamalai Agro,508670,NEAGI
INE231C01019,GSTK516016,Shreyans Industries,Shreyans Inds,516016,SHREYANIND
INE319B01014,GSTK531373,Byke Hospitality,Byke Hospitality,531373,BYKE
INE185E01021,GSTK532022,Filatex Fashions,Filatex Fashions,532022,FILATFASH
INE047B01011,GSTK532716,Gillanders Arbuthnot & Co,Gillanders Arbuthnot,532716,GILLANDERS
INE650L01011,GSTK533543,Brooks Laboratories,Brooks Labs,533543,BROOKS
INE776I01010,GSTK539126,MEP Infrastructure Developers,MEP Infra Devs,539126,MEP
INE05MV01019,GSTK542694,Parshva Enterprises,Parshva Enterprises,542694,
INE413F01016,GSTK542679,Dhanashree Electronics,Dhanashree Electro,542679,
INE284C01018,GSTK504258,Lakshmi Electrical Control Systems,Lakshmi Elect.Contl.,504258,
INE544W01021,GSTK540401,Maximus International,Maximus Intl,540401,
INE084Q01012,GSTK537785,Race Eco Chain,Race Eco Chain,537785,RACE
INE845B01018,GSTK526604,Lippi Systems,Lippi Systems,526604,
INE668L01013,GSTK506180,Emergent Industrial Solutions,Emergent Ind Soln,506180,
INE795A01017,GSTK504093,Panasonic Energy India Co,Panasonic Energy,504093,
INE959B01017,GSTK530457,GTT Data Solutions,GTT Data Solutions,530457,
INE727C01024,GSTK539598,AMPL Capital,AMPL Capital,539598,
INE645W01026,GSTK543811,Airan,Airan,543811,AIRAN
INE03RS01027,GSTK543268,DRC Systems India,DRC Systems,543268,DRCSYSTEMS
INE864B01027,GSTK500231,Umang Dairies,Umang Dairies,500231,
INE394C01023,GSTK532275,Landmarc Leisure Corporation,Landmarc Leisure,532275,
INE133C01033,GSTK524174,Kesar Petroproducts,Kesar Petroproducts,524174,
INE754C01010,GSTK511571,Crescentis Capital,Crescentis Capital,511571,
INE753K01015,GSTK533161,Emmbi Industries,Emmbi Industries,533161,EMMBI
INE722N01014,GSTK514318,Jattashankar Industries,Jattashankar Inds,514318,
INE837B01031,GSTK514470,Winsome Textile Industries,Winsome Textile Inds,514470,
INE102E01018,GSTK524636,Oxygenta Pharmaceutical,Oxygenta,524636,
INE312J01012,GSTK533167,Coromandel Engineering Company,CEC,533167,
INE961E01017,GSTK509953,Trade Wings,Trade Wings,509953,
INE368I01016,GSTK532986,Niraj Cement Structurals,Niraj Cement Struct,532986,NIRAJ
INE692B01014,GSTK515037,Murudeshwar Ceramics,Murudeshwar Ceramics,515037,MURUDCERA
INE641R01017,GSTK539515,Quint Digital,Quint Digital,539515,QUINT
INE640B01021,GSTK532334,HB Estate Developers,HB Estate Developers,532334,HBESD
INE123C01018,GSTK507785,Tainwala Chemicals & Plastics (India),Tainwala Chemicals,507785,TAINWALCHM
INE082C01024,GSTK517417,Patels Airtemp (India),Patels Airtemp,517417,
INE043C01018,GSTK507580,IVP,IVP,507580,IVP
INE218C01016,GSTK509009,Ausom Enterprise,Ausom Enterprise,509009,AUSOMENT
INE553C01016,GSTK534615,North Eastern Carrying Corporation,North Eastern Carrying,534615,NECCLTD
INE418N01035,GSTK535958,Integra Essentia,Integra Essentia,535958,ESSENTIA
INE273F01022,GSTK539115,Alan Scott Enterprises,Alan Scott Enter.,539115,
INE380Z01015,GSTK541144,Active Clothing Co,Active Clothing Co,541144,
INE625B01014,GSTK507490,Rana Sugars,Rana Sugars,507490,RANASUG
INE302E01014,GSTK511066,Sakthi Finance,Sakthi Finance,511066,
INE230F01014,GSTK531694,Rainbow Foundations,Rainbow Foundations,531694,
INE758A01072,GSTK512149,Avance Technologies,Avance Technology,512149,
INE454F01010,GSTK540874,7Seas Entertainment,7Seas Enter,540874,
INE222U01010,GSTK540062,Golden Crest Education & Services,Golden Crest Edu,540062,
INE475D01010,GSTK538714,Sangam Finserv,Sangam Finserv,538714,
INE220J01025,GSTK533400,Future Consumer,Future Consumer,533400,FCONSUMER
INE081G01019,GSTK538896,Kanchi Karpooram,Kanchi Karpooram,538896,KANCHI
INE054C01015,GSTK523660,Waterbase,Waterbase,523660,
INE011R01013,GSTK538713,Atishay,Atishay,538713,
INE588G01021,GSTK507621,Milkfood,Milkfood,507621,
INE473C01025,GSTK530495,Stratmont Industries,Stratmont Industries,530495,
INE302C01018,GSTK530139,Kreon Finnancial Services,Kreon Financial Serv,530139,
INE977M01024,GSTK537839,HBG Hotels,HBG Hotels,537839,
INE712B01010,GSTK523283,Super House,Super house,523283,SUPERHOUSE
INE541K01014,GSTK539255,Star Delta Transformers,Star Delta Trans,539255,
INE030Q01015,GSTK538882,Emerald Finance,Emerald Finance,538882,
INE822E01011,GSTK530677,Supreme Holdings & Hospitality (India),Supreme Holdings,530677,SUPREME
INE132C01027,GSTK514138,Suryalata Spinning Mills,Suryalata Spg Mills,514138,SURYALA
INE762C01021,GSTK526241,Amrapali Industries,Amrapali Inds,526241,
INE263B01022,GSTK524592,Jaysynth Orgochem,Jaysynth Orgochem,524592,
INE027T01023,GSTK539226,Rudra Global Infra Products,Rudra Global Infra,539226,RUDRA
INE539B01017,GSTK532372,Virinchi,Virinchi,532372,VIRINCHI
INE794W01014,GSTK500282,Modern Threads (India),Modern Threads,500282,MODTHREAD
INE227G01018,GSTK532894,Indowind Energy,Indowind Energy,532894,INDOWIND
INE521J01018,GSTK533260,CP Capital,CP Capital,533260,CPCAP
INE251D01023,GSTK503015,Modern India,Modern India,503015,
INE498A01018,GSTK502820,DCM,DCM,502820,DCM
INE601B01023,GSTK519216,Ajanta Soya,Ajanta Soya,519216,
INE666Y01010,GSTK542013,Dolfin Rubbers,Dolfin Rubbers,542013,
INE561D01025,GSTK526614,Expo Engineering And Projects,Expo Eng. & Projects,526614,
INE590L01019,GSTK533576,Vaswani Industries,Vaswani Industries,533576,VASWANI
INE186R01013,GSTK540198,Osiajee Texfab,Osiajee Texfab,540198,
INE319Q01012,GSTK538546,Bansal Roofing Products,Bansal Roofing,538546,
INE731D01024,GSTK505299,KPT Industries,KPT Industries,505299,
INE836H01014,GSTK532852,Mcdowell Holdings,Mcdowell Holdings,532852,MCDHOLDING
INE921D01013,GSTK519295,Bambino Agro Industries,Bambino Agro Inds,519295,
INE558A01019,GSTK523638,IP Rings,IP Rings,523638,
INE915K01010,GSTK533221,Asian Hotels (West),Asian Hotels West,533221,AHLWEST
INE968D01022,GSTK506074,Arshiya,Arshiya,506074,ARSHIYA
INE0LQS01015,GSTK543614,Tips Films,Tips Films,543614,TIPSFILMS
INE268T01015,GSTK540168,Supra Pacific Financial Services,Supra Pacific Manage,540168,
INE512D01028,GSTK506134,Gourmet Gateway India,Gourmet Gateway,506134,
INE876S01017,GSTK539227,Loyal Equipments,Loyal Equipments,539227,
INE948A01012,GSTK517562,Trigyn Technologies,Trigyn Technologies,517562,TRIGYN
INE013J01016,GSTK513369,Krishanveer Forge,Krishanveer Forge,513369,
INE798D01015,GSTK523676,Golkunda Diamonds & Jewellery,Golkunda Diamonds,523676,
INE082B01018,GSTK523248,Machino Plastics,Machino Plastics,523248,
INE741B01027,GSTK513528,Glittek Granites,Glittek Granites,513528,
INE897N01014,GSTK539288,AVI Polymers,AVI Polymers,539288,
INE398B01018,GSTK532376,Umiya Buildcon,Umiya Buildcon,532376,UMIYA-MRO
INE486D01017,GSTK524218,Resonance Specialties,Resonance Specialtie,524218,
INE03HW01020,GSTK543958,VL E-Governance & IT Solutions,VL E-Governance & IT,543958,VLEGOV
INE250Z01010,GSTK541304,Indo US Bio-Tech,Indo US Bio-Tech,541304,INDOUS
INE606B01022,GSTK531175,BLS Infotech,BLS Infotech,531175,
INE877I01016,GSTK532994,Archidply Industries,Archidply Industries,532994,ARCHIDPLY
INE372M01010,GSTK543993,ARCL Organics,ARCL Organics,543993,
INE592B01024,GSTK514142,TT,TT,514142,TTL
INE178C01020,GSTK532419,Smartlink Holdings,Smartlink Holdings,532419,SMARTLINK
INE402H01015,GSTK526981,Shri Bajrang Alliance,Shri Bajrang,526981,SHBAJRG
INE927K01023,GSTK513502,Baroda Extrusion,Baroda Extrusion,513502,
INE489D01011,GSTK508136,B&A,B&A,508136,BNALTD
INE19GK01015,GSTK544716,Shree Ram Twistex,Shree Ram Twistex,544716,SRTL
INE474E01029,GSTK512608,Bhandari Hosiery Exports,Bhandari Hosiery,512608,BHANDARI
INE606A01024,GSTK500343,AMJ Land Holdings,AMJ Land Holdings,500343,AMJLAND
INE085D01033,GSTK500159,Metroglobal,Metroglobal,500159,METROGLOBL
INE856A01017,GSTK505690,Brady & Morris Engineering Co,Brady & Morris Engg,505690,
INE273A01015,GSTK517096,Aplab,Aplab,517096,
INE790D01020,GSTK532992,CHL,CHL,532992,
INE191C01023,GSTK523874,East India Drums And Barrels Manufacturing,East India Drums,523874,
INE218N01021,GSTK506640,ZR2 Bioenergy Ltd.,ZR2 Bioenergy,506640,
INE452L01012,GSTK538365,Adhunik Industries,Adhunik Industries,538365,INCREDIBLE
INE281A01026,GSTK500083,Century Extrusions,Century Extrusions,500083,CENTEXT
INE077P01034,GSTK509945,Thacker & Company,Thacker & Co,509945,THACKER
INE493B01017,GSTK531399,GG Automotive Gears,GG Automotive Gear,531399,
INE590D01016,GSTK531306,DHP India,DHP India,531306,
INE0GOA01018,GSTK543351,NAAPBOOKS Limited,NAAPBOOKS Limited,543351,
INE291E01019,GSTK539113,Paul Merchants,Paul Merchants,539113,PML
INE964W01021,GSTK543919,MK Proteins,MK Proteins,543919,MKPL
INE890B01014,GSTK531390,Upsurge Investment & Finance,Upsurge Investment,531390,
INE383L01019,GSTK506128,Parnax Lab,Parnax Lab,506128,
INE921B01025,GSTK530393,DB (International) Stock Brokers,DB Stock Brokers,530393,DBSTOCKBRO
INE226H01026,GSTK532710,Sadbhav Engineering,Sadbhav Engineering,532710,SADBHAV
INE316G01019,GSTK531726,Panchsheel Organics,Panchsheel Organics,531726,
INE516P01015,GSTK538540,Raama Finance,Raama Finance,538540,
INE906K01027,GSTK531065,Oswal Overseas,Oswal Overseas,531065,
INE529F01035,GSTK512131,Signet Industries,Signet Industries,512131,SIGIND
INE560T01015,GSTK542803,Vaxfab Enterprises,Vaxfab Enterprise,542803,
INE812S01012,GSTK530741,Ovobel Foods,Ovobel Foods,530741,
INE245H01018,GSTK540254,Marg Techno-Projects,Marg Techno-Projects,540254,
INE020D01022,GSTK511724,Baid Leasing & Finance Co,Baid Leasing & Fin,511724,BAIDFIN
INE388G01026,GSTK532738,Twamev Construction And Infrastructure,Twamev Construction,532738,TICL
INE935D01013,GSTK531841,Indus Finance,Indus Finance,531841,
INE01C001026,GSTK542580,Aartech Solonics,Aartech Solonics,542580,AARTECH
INE0BTI01037,GSTK543747,Kamdhenu Ventures Ltd.,Kamdhenu Ventures,543747,KAMOPAINTS
INE060X01034,GSTK543462,DEV Information Technology,Dev It,543462,DEVIT
INE374B01019,GSTK532357,Mukta Arts,Mukta Arts,532357,MUKTAARTS
INE285U01025,GSTK530313,Kimia Biosciences,Kimia Biosciences,530313,
INE728B01032,GSTK513418,Smiths & Founders India,Smiths & Founders,513418,
INE313G01016,GSTK526971,Dhoot Industrial Finance,Dhoot Industrial Fin,526971,
INE112D01035,GSTK514450,Mahalaxmi Rubtech,MRT,514450,MHLXMIRU
INE359D01024,GSTK504746,RRP Electronics India,RRP Electronics Ind.,504746,
INE340F01011,GSTK504908,Duncan Engineering,Duncan Engineering,504908,
INE936B01015,GSTK524654,Natural Capsules,Natural Capsules,524654,NATCAPSUQ
INE164D01010,GSTK531997,Ikoma Technologies,Ikoma Technologies,531997,
INE454E01013,GSTK531658,Abate As Industries,Abate As Inds,531658,
INE314D01011,GSTK524582,Tirupati Starch & Chemicals,Tirupati Starch,524582,
INE727S01012,GSTK540700,Bharat Road Network,Bharat Road Network,540700,BRNL
INE793H01017,GSTK531832,Nagarjuna Agri Tech,Nagarjuna Agri Tech,531832,
INE026L01022,GSTK503663,Tilak Ventures,Tilak Ventures,503663,
INE347L01022,GSTK539167,Virat Leasing,Virat Leasing,539167,
INE167F01018,GSTK531971,Popees Baby Care India,Popees Baby Care Ind,531971,
INE659F01022,GSTK524238,Gujarat Inject Kerala,Gujarat Inject,524238,
INE573R01012,GSTK524324,Seya Industries,Seya Industries,524324,SEYAIND
INE05X901010,GSTK543645,Hindprakash Industries,Hindprakash Inds,543645,HPIL
INE489B01031,GSTK543976,Shradha AI Technologies,Shradha AI Tech.,543976,
INE791E01018,GSTK513456,Kanishk Steel Industries,Kanishk Steel Inds,513456,
INE534E01020,GSTK539620,Kanoria Energy & Infrastructure,Kanoria Enr & Infra.,539620,
INE877E01015,GSTK517372,Gujarat Intrux,Gujarat Intrux,517372,
INE829S01016,GSTK539275,Mangalam Seeds,Mangalam Seeds,539275,
INE375D01012,GSTK504840,Kaira Can Company,Kaira Can Co,504840,
INE740X01023,GSTK540952,Lorenzini Apparels,Lorenzini Apparels,540952,LAL
INE662L01016,GSTK533393,TCI Developers,TCI Developers,533393,TCIDEVELOP
INE568Z01015,GSTK543930,Uravi Defence and Technology,Uravi Defence&Tech.,543930,URAVIDEF
INE243N01029,GSTK503816,Swadeshi Polytex,Swadeshi Polytex,503816,
INE681C01015,GSTK512597,Keynote Financial Services,Keynote Financial,512597,KEYFINSERV
INE375Y01018,GSTK544207,Reliable Data Services,Reliable Data Serv,544207,RELIABLE
INE332F01018,GSTK531260,Refex Renewables & Infrastructure,Refex Renewbl&Infra,531260,
INE325G01010,GSTK531310,Available Finance,Available Finance,531310,
INE763B01013,GSTK523289,Rama Vision,Rama Vision,523289,
INE292C01011,GSTK530233,Auro Laboratories,Auro Laboratories,530233,
INE314N01028,GSTK503639,Apollo Ingredients,Apollo Ingredients,503639,
INE505C01016,GSTK531746,Prajay Engineers Syndicate,Prajay Engineers,531746,PRAENG
INE690O01011,GSTK536493,JK Agri Genetics,JK Agri Genetics,536493,
INE237B01018,GSTK538837,Jeevan Scientific Technology,Jeevan Scientific,538837,
INE841B01017,GSTK511473,Indbank Merchant Banking Services,Indbank Merchant,511473,INDBANK
INE561M01018,GSTK531109,Ishan Dyes and Chemicals,Ishan Dyes and Chem.,531109,ISHANCH
INE616F01022,GSTK539875,RSD Finance,RSD Finance,539875,RSDFIN
INE870B01024,GSTK526415,OK Play India,OK Play India,526415,
INE298W01016,GSTK540395,Chemcrux Enterprises,Chemcrux Enterprises,540395,
INE866A01016,GSTK523732,Ecoboard Industries,Ecoboard Industries,523732,
INE890C01046,GSTK519260,Sanwaria Consumer,Sanwaria,519260,SANWARIA
INE137C01018,GSTK526397,Alphageo (India),Alphageo (India),526397,ALPHAGEO
INE114O01020,GSTK538451,Worth Investment & Trading Co,Worth Investment,538451,
INE611L01021,GSTK533329,Indian Terrain Fashions,Indian Terrain,533329,INDTERRAIN
INE750G01019,GSTK512099,Eyantra Ventures,Eyantra Ventures,512099,
INE413B01023,GSTK509020,Ruchi Infrastructure,Ruchi Infra,509020,RUCHINFRA
INE513R01026,GSTK538817,Captain Pipes,Captain Pipes,538817,
INE718M01022,GSTK505302,Lakshmi Engineering And Warehousing,Lakshmi Eng warehous,505302,
INE714Q01014,GSTK539335,Callista Industries Ltd.,Callista Industries,539335,
INE568F01017,GSTK505827,SNL Bearings,SNL Bearings,505827,
INE03JI01017,GSTK542685,Digicontent,Digicontent,542685,DGCONTENT
INE829P01020,GSTK539196,Amba Enterprises,Amba Enterprises,539196,
INE819S01025,GSTK539963,Zeal Aqua,Zeal Aqua,539963,
INE083D01012,GSTK524824,Bal Pharma,Bal Pharma,524824,BALPHARMA
INE385I01010,GSTK532878,Alpa Laboratories,Alpa Laboratories,532878,ALPA
INE970C01012,GSTK500388,Shree Krishna Paper Mills & Industries,SKPMIL,500388,
INE117H01019,GSTK532879,Sir Shadi Lal Enterprises,Sir Shadi Lal Entr,532879,
INE896D01017,GSTK531287,National Plastic Technologies,National Plastic Tech,531287,
INE341R01014,GSTK538902,Dhunseri Tea & Industries,Dhunseri Tea,538902,DTIL
INE244W01010,GSTK543241,Veer Global Infraconstruction,Veer Global Infra,543241,
INE321M01017,GSTK538943,Sonal Mercantile,Sonal Mercantile,538943,SONAL
INE573B01016,GSTK530589,Prima Plastics,Prima Plastics,530589,
INE558D01021,GSTK531556,Coral India Finance & Housing,Coral India Finance,531556,CORALFINAC
INE986A01012,GSTK526853,Bilcare,Bilcare,526853,BI
INE935Q01015,GSTK540798,Future Supply Chain Solutions,Future Supply Chain,540798,FSC
INE643C01015,GSTK531289,National Fittings,National Fittings,531289,
INE241V01018,GSTK523309,Shri Gang Industries & Allied Products,Shri Gang Inds,523309,
INE501N01020,GSTK505693,LA Tim Metal & Industries,La Tim Metal & Inds,505693,
INE148B01033,GSTK531127,Mena Mani Industries,Mena Mani Inds,531127,
INE061A01014,GSTK509692,Indian Card Clothing Company,Indian Card Cloth,509692,INDIANCARD
INE865B01016,GSTK530427,Choksi Asia,Choksi Asia,530427,
INE363W01018,GSTK540621,Bhagyanagar Properties,Bhagyanagar Prop,540621,BHAGYAPROP
INE501W01021,GSTK540653,Sintex Plastics Technology,Sintex Plastics,540653,SPTL
INE498E01010,GSTK590056,Salona Cotspin,Salona Cotspin,590056,SALONA
INE566K01011,GSTK533181,Intrasoft Technologies,Intrasoft Tech,533181,ISFT
INE023R01018,GSTK539661,ACE men engg works,ACE men engg works,539661,
INE387I01016,GSTK532896,Magnum Ventures,Magnum Ventures,532896,MAGNUM
INE350D01015,GSTK500360,Rapicut Carbides,Rapicut Carbides,500360,
INE170N01016,GSTK540744,Mideast Integrated Steels,Mideast Int Steels,540744,
INE781B01015,GSTK532481,Noida Toll Bridge Company,Noida Toll Bridge Co,532481,NOIDATOLL
INE074C01013,GSTK514428,Hindustan Adhesives,Hindustan Adhesive,514428,
INE750R01016,GSTK539562,Aarnav Fashions,Aarnav Fashions,539562,AARNAV
INE339F01021,GSTK507645,Polson,Polson,507645,
INE640C01011,GSTK513436,Shah Alloys,Shah Alloys,513436,SHAHALLOYS
INE058I01013,GSTK524202,Lactose India,Lactose India,524202,
INE641A01013,GSTK508905,Nexome Capital Markets,Nexome Capital Marke,508905,
INE201J01017,GSTK533007,LGB Forge,LGB Forge,533007,
INE665D01016,GSTK532230,Bengal Tea & Fabrics,Bengal Tea & Fabrics,532230,
INE0BTM01013,GSTK543234,SecMark Consultancy,SecMark Consultancy,543234,SECMARK
INE412D01013,GSTK512437,Apollo Finvest (India),Apollo Finvest,512437,
INE341H01023,GSTK540192,LKP Securities,LKP Securities,540192,
INE117Z01029,GSTK543643,Narmada Agrobase,Narmada Agrobase,543643,NARMADA
INE735M01018,GSTK534598,Sampann Utpadan India,Sampann Utpadan,534598,SAMPANN
INE172E01011,GSTK540686,Smruthi Organics,Smruthi Organics,540686,
INE855A01019,GSTK501391,W H Brady & Company,W. H. Brady & Co,501391,
INE590B01010,GSTK512493,Garnet International,Garnet International,512493,
INE391G01012,GSTK523116,Sanco Trans,Sanco Trans,523116,
INE464C01024,GSTK513723,Himalaya Granites,Himalaya Granites,513723,HIMGRANITE
INE699B01027,GSTK511630,Sambhaav Media,Sambhaav Media,511630,SAMBHAAV
INE272L01022,GSTK533298,Surana Solar,Surana Solar,533298,SURANASOL
INE594B01012,GSTK514045,BSL,BSL,514045,BSL
INE446C01013,GSTK501848,Garware Offshore Services,Garware Offshore Ser,501848,
INE0EEJ01023,GSTK543767,Bodhi Tree Multimedia,Bodhi Tree MM,543767,BTML
INE479A01018,GSTK509486,Caprihans India,Caprihans India,509486,
INE491N01016,GSTK503127,Raja Bahadur International,Raja Bahadur Intl,503127,
INE170U01011,GSTK526211,Suraj Industries,Suraj Industries,526211,
INE403C01014,GSTK505737,International Combustion (India),Intl Combustion,505737,
INE795D01011,GSTK530077,Puretrop Fruits,Puretrop Fruits,530077,
INE117F01013,GSTK509026,VJTF Eduservices,VJTF Eduservices,509026,
INE403F01017,GSTK526654,Thakkers Developers,Thakkers Developer,526654,THAKDEV
INE557C01017,GSTK500319,Indian Sucrose,Indian Sucrose,500319,
INE212P01011,GSTK537326,Chemtech Industrial Valves,Chemtech Valves,537326,
INE033C01019,GSTK517477,Elnet Technologies,Elnet Technologies,517477,
INE842D01029,GSTK531862,Bharat Agri Fert & Realty,Bharat Agri Fert,531862,
INE443B01012,GSTK532384,Tyche Industries,Tyche Industries,532384,
INE05FR01029,GSTK542579,Ashapuri Gold Ornament,Ashapuri Gold,542579,
INE924H01018,GSTK532869,Tarmat,Tarmat,532869,TARMAT
INE064L01015,GSTK526025,Globus Power Generation,Globus Power Gen,526025,
INE630D01010,GSTK526731,Bright Brothers,Bright Brothers,526731,
INE268H01044,GSTK531494,Navkar Urbanstructure,Navkar Urban,531494,NAVKARURB
INE141K01013,GSTK533164,Texmo Pipes & Products,Texmo Pipes,533164,TEXMOPIPES
INE617A01013,GSTK505368,Semac Construction,Semac Construction,505368,SEMAC
INE607V01028,GSTK540252,Viram Suvarn,Viram Suvarn,540252,
INE843B01013,GSTK523384,Maha Rashtra Apex Corporation,Maha Rashtra Apex,523384,MAHAPEXLTD
INE001E01012,GSTK530331,Premco Global,Premco Global,530331,PREMCO
INE793G01035,GSTK534060,PMC Fincorp,PMC Fincorp,534060,
INE067C01025,GSTK531673,Anka India,Anka India,531673,
INE988D01012,GSTK526861,Rishi Laser,Rishi Laser,526861,
INE181G01025,GSTK532959,Gammon Infrastructure Projects,Gammon Infra Proj,532959,AJRINFRA
INE0N0Y01013,GSTK543861,Udayshivakumar Infra,Udayshivakumar Infra,543861,USK
INE902D01013,GSTK535566,KIFS Financial Services,KIFS Financial,535566,
INE878P01019,GSTK538565,Vistar Amar,Vistar Amar,538565,
INE864E01021,GSTK530621,Akar Auto Industries,Akar Auto Inds,530621,
INE281E01028,GSTK523373,Mini Diamonds (India),Mini Diamonds,523373,
INE808B01016,GSTK532391,Opto Circuits (India),Opto Circuits,532391,OPTOCIRCUI
INE540C01021,GSTK519455,Narbada Gems & Jewellery,Narbada Gems,519455,
INE899M01020,GSTK534920,iSERA Lifesciences,iSERA Lifesciences,534920,
INE511D01012,GSTK504076,Jyoti,Jyoti,504076,
INE500C01017,GSTK540788,Aspira Pathlab & Diagnostics,Aspira Pathlab,540788,
INE724D01011,GSTK505893,Hindustan Hardy,Hindustan Hardy,505893,
INE997I01012,GSTK531080,Shri Krishna Devcon,Shri Krishna Devcon,531080,SHRIKRISH
INE974F01025,GSTK539574,Sunshine Capital,Sunshine Capital,539574,
INE979R01011,GSTK539252,Shyam Century Ferrous,Shyam Century,539252,SHYAMCENT
INE515C01023,GSTK531842,Lahoti Overseas,Lahoti Overseas,531842,LAHOTIOV
INE694W01024,GSTK541702,Ashnisha Industries,Ashnisha Industries,541702,
INE434C01027,GSTK513693,KIC Metaliks,KIC Metalik,513693,
INE080A01014,GSTK523011,Weizmann Limited,Weizmann,523011,WEIZMANIND
INE398H01015,GSTK532056,Trustedge Capital,Trustedge Capital,532056,
INE652Z01025,GSTK543512,Avro India,Avro India,543512,AVROIND
INE01P501012,GSTK542367,Xelpmoc Design & Tech,Xelpmoc Design,542367,XELPMOC
INE264N01017,GSTK530055,Harmony Capital Services,Harmony Capital,530055,
INE0JSX01015,GSTK543829,Global Surfaces,Global Surfaces,543829,GSLSU
INE078I01011,GSTK524640,Archit Organosys,Archit Organosys,524640,
INE920B01019,GSTK532262,TCI Industries,TCI Industries,532262,
INE434B01029,GSTK532373,WeP Solutions,WeP Solutions,532373,
INE594W01042,GSTK540492,Starlineps Enterprises,Starlineps Entr,540492,
INE681K01026,GSTK531537,Jyothi Infraventures,Jyothi Infraventures,531537,
INE706B01012,GSTK520075,Samkrg Pistons & Rings,Samkrg Pistons,520075,
INE447A01015,GSTK500028,ATV Projects India,ATV Projects India,500028,
INE112F01022,GSTK590075,Lambodhara Textiles,Lambodhara Textile,590075,LAMBODHARA
INE268B01013,GSTK524518,Krebs Biochemicals & Industries,Krebs Biochem,524518,KREBSBIO
INE088P01015,GSTK511260,Iconik Sports And Events,Iconik Sports & Even,511260,
INE761Q01015,GSTK538732,Vibrant Global Capital,Vibrant Global Cap,538732,
INE953W01016,GSTK540455,Escorp Asset Management,Escorp Asst Mgmt,540455,
INE484D01012,GSTK521097,Amarjothi Spinning Mills,Amarjothi Mills,521097,
INE768E01024,GSTK532806,Ai Champdany Industries,Ai Champdany Inds,532806,
INE00SW01015,GSTK542057,BCPL Railway Infrastructure,BCPL Railway Infra,542057,BCPL
INE0D0U01013,GSTK543671,AAA Technologies,AAA Technologies,543671,AAATECH
INE546Y01022,GSTK540901,Praxis Home Retail,Praxis Home Retail,540901,PRAXIS
INE087B01017,GSTK519383,Anik Industries,Anik Industries,519383,ANIKINDS
INE932D01010,GSTK516003,Duroply Industries,Duroply Industries,516003,
INE746D01014,GSTK507864,Pioneer Investcorp,Pioneer Investcorp,507864,PIONRINV
INE060E01018,GSTK506530,Kemp & Company,Kemp & Company,506530,
INE647N01021,GSTK536170,Kushal,Kushal,536170,
INE688J01023,GSTK533090,Landsmill Green,Landsmill Green,533090,LANDSMILL
INE043A01012,GSTK500160,GTL,GTL,500160,GTL
INE426Z01016,GSTK541206,OBCL,OBCL,541206,OBCL
INE962E01015,GSTK531234,Scoobee Day Garments (India),Scoobee Day,531234,
INE333Y01017,GSTK540809,MRC Agrotech,MRC Agrotech,540809,
INE321D01016,GSTK506579,AG Ventures,AG Ventures,506579,
INE436C01014,GSTK514272,Bhilwara Spinners,Bhilwara Spinners,514272,
INE626H01019,GSTK523054,Binayak Tex Processors,Binayak Tex Proc,523054,
INE072V01017,GSTK519471,Ambar Protein Industries,Ambar Protein Inds,519471,
INE867D01018,GSTK522165,Indsil Hydro Power and Manganese,Indsil Hydro Power,522165,
INE430R01023,GSTK539528,Aayush Wellness,Aayush Wellness,539528,
INE713B01026,GSTK521200,Suryalakshmi Cotton Mills,Suryalakshmi Cotton,521200,SURYALAXMI
INE748T01016,GSTK539742,Simbhaoli Sugars,Simbhaoli Sugars,539742,SIMBHALS
INE0AEJ01013,GSTK542932,Birla Tyres,Birla Tyres,542932,BIRLATYRE
INE764L01010,GSTK539346,Sadbhav Infrastructure Projects,Sadbhav Infra,539346,SADBHIN
INE0NEV01011,GSTK543941,Ahasolar Technologies,Ahasolar Tech,543941,
INE430N01022,GSTK542852,Vishwaraj Sugar Industries,Vishwaraj Sugar,542852,VISHWARAJ
INE335W01016,GSTK540647,Ganges Securities,Ganges Securities,540647,GANGESSECU
INE819C01011,GSTK500058,Bihar Sponge Iron,Bihar Sponge Iron,500058,
INE195F01027,GSTK538875,Sellwin Traders,Sellwin Traders,538875,
INE661K01010,GSTK512479,Virya Resources,Virya Resources,512479,
INE473E01021,GSTK524687,Basant Agro Tech (India),Basant Agro Tech,524687,
INE323J01019,GSTK533001,Somi Conveyor Beltings,Somi Conveyor,533001,SOMICONVEY
INE825B01010,GSTK543860,JA Finance,JA Finance,543860,
INE788H01017,GSTK532847,Hilton Metal Forging,Hilton Metal Forging,532847,HILTON
INE117D01018,GSTK524572,Pharmaids Pharmacuticals,Pharmaids Pharma,524572,
INE703C01025,GSTK506910,Jaysynth Dyestuff (India),Jaysynth Dyestuff,506910,JAYDYSTUF
INE412J01010,GSTK543229,Samrat Forgings,Samrat Forgings,543229,
INE0N6V01016,GSTK543678,Ambo Agritec,Ambo Agritec,543678,
INE808R01012,GSTK540467,Parmeshwari Silk Mills,Parmeshwari Silk,540467,
INE294A01037,GSTK500102,Ballarpur Industries,Ballarpur Industries,500102,BALLARPUR
INE144D01012,GSTK526027,Cubex Tubings,Cubex Tubings,526027,CUBEXTUB
INE368A01021,GSTK500389,Silverline Technologies,Silverline Tech,500389,
INE340U01010,GSTK512277,Autoriders International,Autoriders Intl,512277,
INE090D01017,GSTK530045,Titan Securities,Titan Securities,530045,
INE216C01010,GSTK517236,Calcom Vision,Calcom Vision,517236,
INE058B01018,GSTK512553,Zenith Exports,Zenith Exports,512553,ZENITHEXPO
INE173A01025,GSTK530017,Standard Industries,Standard Industries,530017,SIL
INE936A01025,GSTK530185,Surat Trade and Mercantile,Surat Trade&Min.,530185,
INE362C01012,GSTK530317,Godavari Drugs,Godavari Drugs,530317,
INE171P01019,GSTK540027,Prabhat Telecoms (India),Prabhat Telecoms,540027,
INE582C01015,GSTK530601,Jagsonpal Services,Jagsonpal Services,530601,
INE437B01014,GSTK500234,Kakatiya Cement Sugar & Industries,Kakatiya Cemen Sugar,500234,KAKATCEM
INE289M01016,GSTK507968,Jolly Plastic Industries,Jolly Plastic Inds,507968,
INE278O01015,GSTK531813,Ganga Papers India,Ganga Papers,531813,
INE150D01027,GSTK539219,Mauria Udyog,Mauria Udyog,539219,
INE170D01025,GSTK523537,APM Industries,APM Industries,523537,
INE956B01013,GSTK531923,Dhampure Speciality Sugars,Dhampure Sugars,531923,
INE803L01016,GSTK531911,Galaxy Agrico Exports,Galaxy Agrico Export,531911,
INE505D01014,GSTK505576,Goldcrest Corporation,Goldcrest Corp,505576,GOLCRESFIN
INE453B01029,GSTK532339,Compucom Software,Compucom Software,532339,COMPUSOFT
INE687C01012,GSTK531888,Rexnord Electronics & Controls,Rexnord Electronics,531888,
INE597L01014,GSTK533343,Lovable Lingerie,Lovable Lingerie,533343,LOVABLE
INE982V01025,GSTK543420,Jet Freight Logistics,Jet Freight Logistic,543420,JETFREIGHT
INE997D01021,GSTK531959,Newtime Infrastructure,Newtime Infra,531959,
INE428D01019,GSTK530315,Hindustan Tin Works,Hindustan Tin Works,530315,
INE623B01027,GSTK523574,Future Enterprises,Future Enterprises,523574,FEL
INE0KR801019,GSTK543544,Jayant Infratech,Jayant Infratech,543544,
INE223R01014,GSTK538926,Naturite Agro Products,Naturite Agro Prod,538926,
INE418D01010,GSTK531119,Ceenik Exports (India),Ceenik Exports,531119,
INE502O01018,GSTK538402,SPS Finquest,SPS Finquest,538402,
INE660D01017,GSTK514302,Vippy Spin Pro,Vippy Spin Pro,514302,
INE529D01014,GSTK526381,Patel Integrated Logistics,Patel Integrated Log,526381,PATINTLOG
INE369C01017,GSTK519528,Norben Tea & Exports,Norben Tea & Exports,519528,NORBTEAEXP
INE070C01037,GSTK532456,Compuage Infocom,Compuage Infocom,532456,COMPINFO
INE861B01023,GSTK501343,Motor & General Finance,Motor & Gen Finance,501343,MOTOGENFIN
INE161G01027,GSTK532621,Morarjee Textiles,Morarjee Textiles,532621,MORARJEE
INE594V01028,GSTK526638,Texel Industries,Texel Industries,526638,
INE300B01022,GSTK509051,Indian Infotech & Software,Indian Infotech,509051,
INE184S01024,GSTK539277,Alstone Textiles (India),Alstone Textiles,539277,
INE392G01028,GSTK531540,Maruti Infrastructure,Maruti Infra,531540,
INE02XD01011,GSTK531918,Hindustan Appliances,Hindustan Appliances,531918,
INE562B01019,GSTK500354,Rajshree Sugars & Chemicals,Rajshree Sugars,500354,RAJSREESUG
INE272C01013,GSTK514030,Deepak Spinners,Deepak Spinners,514030,
INE165G01010,GSTK542911,Assam Entrade,Assam Entrade,542911,
INE773I01017,GSTK533029,Alkali Metals,Alkali Metals,533029,ALKALI
INE970D01010,GSTK514036,Loyal Textile Mills,Loyal Textile Mills,514036,LOYALTEX
INE581L01018,GSTK504080,JSL Industries,JSL Industries,504080,
INE207D01017,GSTK532459,Faze Three Autofab,Faze Three Autofab,532459,
INE731U01028,GSTK539979,DIGJAM,DIGJAM,539979,DIGJAMLMTD
INE803B01017,GSTK590082,Lohia Securities,Lohia Securities,590082,
INE051G01012,GSTK537536,Denis Chem Lab,Denis Chem Lab,537536,
INE041B01014,GSTK530723,Asit C Mehta Financial Services,Asit C Mehta Fin,530723,
INE655P01029,GSTK538860,Panafic Industrials,Panafic Industrials,538860,
INE627F01011,GSTK522251,Cenlub Industries,Cenlub Industries,522251,
INE932C01012,GSTK500418,Tokyo Plast International,Tokyo Plast Intl,500418,TOKYOPLAST
INE858L01010,GSTK538965,Concord Drugs,Concord Drugs,538965,
INE455H01021,GSTK507962,Fynx Capital,Fynx Capital,507962,
INE485K01022,GSTK530881,Arunjyoti Bio Ventures Ltd.,Arunjyoti Bio Vent,530881,
INE116D01028,GSTK532507,BAG Films & Media,BAG Films & Media,532507,BAGFILMS
INE326C01017,GSTK530043,Acknit Industries,Acknit Industries,530043,
INE478D01014,GSTK522183,ITL Industries,ITL Industries,522183,
INE295Z01015,GSTK541347,Parvati Sweetners & Power,Parvati Sweetners,541347,
INE252C01023,GSTK500236,Kanel Industries,Kanel Industries,500236,
INE947G01011,GSTK538964,Mercury Labs,Mercury Labs,538964,
INE910G01027,GSTK511200,Munoth Capital Market,Munoth Cap Market,511200,
INE625D01028,GSTK511700,Standard Capital Markets,Standard Capital,511700,
INE718P01017,GSTK538564,James Warren Tea,James Warren Tea,538564,
INE452O01016,GSTK536507,Future Lifestyle Fashions,Future Lifestyle,536507,FLFL
INE741L01018,GSTK534674,Ducon Infratechnologies,Ducon Infratech,534674,DUCON
INE878H01024,GSTK533506,Inventure Growth & Securities,Inventure Growth,533506,INVENTURE
INE807M01031,GSTK521005,Titan Intech,Titan Intech,521005,
INE135H01029,GSTK512018,Tomorrow Technologies Global Innovations,Tomorrow Techno.,512018,
INE797D01017,GSTK526727,Garnet Construction,Garnet Construction,526727,
INE842B01015,GSTK523696,Fortis Malar Hospitals,Fortis Malar Hosp,523696,
INE895C01011,GSTK504961,Tayo Rolls,Tayo Rolls,504961,TATAYODOGA
INE417E01010,GSTK524136,Pee Cee Cosma Sope,Pee Cee Cosma Sope,524136,
INE347C01013,GSTK530449,Rungta Irrigation,Rungta Irrigation,530449,
INE078T01026,GSTK514360,K & R Rail Engineering,K & R Rail Engg,514360,
INE139I01011,GSTK532916,Barak Valley Cements,Barak Valley Cem,532916,BVCL
INE022N01019,GSTK514394,Atlas Jewellery India,Atlas Jewellery,514394,
INE08RT01016,GSTK542910,Valencia Nutrition,Valencia Nutrition,542910,
INE883C01025,GSTK523483,Pacific Industries,Pacific Industries,523483,
INE167E01037,GSTK500322,Panyam Cements & Mineral Industrties,Panyam Cements,500322,
INE00FM01013,GSTK523186,B & A Packaging India,B & A Packaging,523186,
INE628D01014,GSTK523120,Thrive Future Habitats,Thrive Future Habita,523120,
INE596B01017,GSTK530341,Mukesh Babu Financial Services,Mukesh Babu Fin,530341,
INE972E01014,GSTK531237,Dhruva Capital Services,Dhruva Capital,531237,
INE750D01016,GSTK503162,Reliance Chemotex Industries,Reliance Chemo,503162,RELCHEMQ
INE944A01011,GSTK532160,Gujarat State Financial Corp,Guj State Fin Corp,532160,
INE705X01026,GSTK541152,Goyal Aluminiums,Goyal Aluminiums,541152,GOYALALUM
INE105I01020,GSTK532886,Sel Manufacturing Company,SEL Mfg,532886,SELMC
INE194E01015,GSTK530615,Garg Furnace,Garg Furnace,530615,
INE523B01011,GSTK532351,Aksh Optifibre,Aksh Optifibre,532351,AKSHOPTFBR
INE005C01017,GSTK531215,RTS Power Corporation,RTS Power Corp,531215,
INE902G01016,GSTK531609,KG Petro Chem,KG Petro Chem,531609,
INE123D01024,GSTK534064,Alliance Integrated Metaliks,Alliance Integrated,534064,
INE403B01016,GSTK506186,Galaxy Supermarket,Galaxy Supermarket,506186,
INE216Q01010,GSTK539767,Mega Nirman & Industries,Mega Nirman & Inds.,539767,
INE777A01023,GSTK502587,Nath Industries,Nath Industries,502587,
INE543F01028,GSTK519299,Prime Industries,Prime Industries,519299,
INE924N01024,GSTK539175,Starbeam Ventures,Starbeam Ventures,539175,
INE426H01014,GSTK531802,Prerna Infrabuild,Prerna Infrabuild,531802,
INE107J01016,GSTK509084,Photon Capital Advisors,Photon Capital Adv,509084,
INE017W01010,GSTK540393,Sarthak Metals,Sarthak Metals,540393,SMLT
INE912L01015,GSTK533632,Onelife Capital Advisors,Onelife Capital Advisors,533632,ONELIFECAP
INE757C01021,GSTK507852,Addi Industries,Addi Industries,507852,
INE449G01018,GSTK537292,Agri-Tech (India),Agri-Tech India,537292,AGRITECH
INE005I01014,GSTK532828,AMD Industries,AMD Industries,532828,AMDIND
INE716D01033,GSTK512379,Cressanda Railway Solutions,Cressanda Railway,512379,
INE609C01024,GSTK526325,Orient Press,Orient Press,526325,ORIENTLTD
INE624M01014,GSTK530689,Lykis,Lykis,530689,
INE02GA01012,GSTK542721,Anand Rayons,Anand Rayons,542721,
INE343X01026,GSTK540519,Meera Industries,Meera Industries,540519,
INE224E01028,GSTK531723,GACM Technologies,GACM Technologies,531723,GATECH
INE095R01016,GSTK539304,Canopy Finance,Canopy Finance,539304,
INE145E01017,GSTK509472,Cravatex,Cravatex,509472,
INE679T01013,GSTK511018,Milgrey Finance & Investments,Milgrey Finance,511018,
INE978G01016,GSTK532651,SPL Industries,SPL Industries,532651,SPLIL
INE031G01022,GSTK531254,Optimus Finance,Optimus Finance,531254,
INE811B01010,GSTK522294,T & I Global,T & I Global,522294,
INE724G01014,GSTK539353,Sal Automotive,Sal Automotive,539353,
INE995A01013,GSTK532015,Gravity (India),Gravity (India),532015,
INE160L01011,GSTK535620,Binny Mills,Binny Mills,535620,
INE165B01029,GSTK517447,RS Software (India),RS Software (India),517447,RSSOFTWARE
INE277C01012,GSTK515018,Regency Ceramics,Regency Ceramics,515018,REGENCERAM
INE471W01019,GSTK540648,Palash Securities,Palash Securities,540648,PALASHSECU
INE987A01010,GSTK506919,Makers Laboratories,Makers Laboratories,506919,
INE953B01010,GSTK511696,Chartered Capital & Investment,Chartered Cap,511696,
INE995U01011,GSTK519242,Sarda Proteins,Sarda Proteins,519242,
INE039B01026,GSTK532324,Cinevista,Cinevista,532324,CINEVISTA
INE080B01012,GSTK512559,Kohinoor Foods,Kohinoor Foods,512559,KOHINOOR
INE582D01013,GSTK526492,Rishiroop,Rishiroop,526492,
INE113E01015,GSTK524408,Universal Starch Chem Allied,Universal Starch,524408,
INE062Y01020,GSTK540730,Mehai Technology,Mehai Technology,540730,
INE791H01011,GSTK508918,Ironwood Education,Ironwood Education,508918,
INE888B01018,GSTK523628,Poddar Housing & Development,Poddar Housing,523628,PODDARHOUS
INE788B01028,GSTK524652,Ind Swift,Ind Swift,524652,
INE333H01020,GSTK518017,Bheema Cements,Bheema Cements,518017,
INE390D01011,GSTK530533,Terai Tea Co,Terai Tea Co,530533,
INE882C01035,GSTK511523,Veerhealth Care,Veerhealth Care,511523,
INE428B01021,GSTK536659,PVV Infra,PVV Infra,536659,
INE296C01020,GSTK507910,Fiberweb (India),Fiberweb,507910,FIBERWEB
INE010R01023,GSTK538706,Ultracab (India),Ultracab India,538706,
INE717C01025,GSTK537800,Mangalam Industrial Finance,Mangalam Indl,537800,
INE065E01017,GSTK524336,Shree Hari Chemicals Export,Shree Hari Chemicals,524336,
INE960A01017,GSTK513709,Shilp Gravures,Shilp Gravures,513709,
INE386I01018,GSTK532933,Porwal Auto Components,Porwal Auto Comp,532933,
INE589J01015,GSTK514280,Sanrhea Technical Textiles,Sanrhea Technical,514280,
INE839A01021,GSTK526709,BITS,BITS,526709,
INE278C01010,GSTK526137,Shetron,Shetron,526137,
INE950G01023,GSTK532646,Uniply Industries,Uniply,532646,UNIPLY
INE632W01016,GSTK540654,Globalspace Technologies,Globalspace Tech,540654,
INE047O01014,GSTK535458,NRB Industrial Bearings,NRB Inds Bearings,535458,NIBL
INE493D01013,GSTK526546,Choksi Laboratories,Choksi Laboratories,526546,
INE197J01017,GSTK533012,Landmark Property Development Company,LPDCL,533012,LPDC
INE574G01013,GSTK538092,Shri Vasuprada Plantations,Shri Vasuprada Plant,538092,
INE318N01011,GSTK538401,Maestros Electronics & Telecommunications Systems,Maestros Elec,538401,
INE621B01021,GSTK531688,Prithvi Exchange (India),Prithvi Exchange,531688,
INE162C01024,GSTK521246,Paras Petrofils,Paras Petrofils,521246,PARASPETRO
INE014E01015,GSTK507598,Kovilpatti Lakshmi Roller Flour Mills,KLRF,507598,
INE330E01023,GSTK532410,Transcorp International,Transcorp Intl.,532410,
INE00IY01012,GSTK541778,Deep Polymers,Deep Polymers,541778,
INE056E01024,GSTK524614,IEL,IEL,524614,
INE084D01010,GSTK531489,CG VAK Software & Exports,Cg Vak,531489,
INE669Y01022,GSTK540786,Sharika Enterprises,Sharika Enterprises,540786,
INE791A01024,GSTK532290,BLB,BLB,532290,BLBLIMITED
INE549D01012,GSTK511147,WSFX Global Pay,WSFX Global Pay,511147,
INE054301028,GSTK544301,Odigma Consultancy Solutions,Odigma Consult Solut,544301,ODIGMA
INE799C01049,GSTK532435,Sanmit Infra,Sanmit Infra,532435,
INE661M01016,GSTK511391,Inter Globe Finance,Inter Globe Finance,511391,
INE306C01019,GSTK532219,Energy Development Company,Energy Development Co,532219,ENERGYDEV
INE083E01010,GSTK517238,Dynavision,Dynavision,517238,
INE648Z01023,GSTK544598,Accuracy Shipping,Accuracy Shipping,544598,ACCURACY
INE385M01012,GSTK513548,Sharda Ispat,Sharda Ispat,513548,
INE986B01044,GSTK531273,Radhe Developers (India),Radhe Developers,531273,
INE617B01011,GSTK519287,Modern Dairies,Modern Dairies,519287,
INE576B01019,GSTK517429,Athena Global Technologies,Athena Global Tech,517429,
IN9623B01058,GSTK570002,Future Enterprises - DVR,Future Entr - DVR,570002,FELDVR
INE598C01011,GSTK590018,Hisar Metal Industries,Hisar Metal Inds,590018,HISARMETAL
INE952A01022,GSTK515145,Hindusthan National Glass & Industries,HNG,515145,
INE345B01019,GSTK532413,Cerebra Integrated Technologies,Cerebra Intg Tech,532413,CEREBRAINT
INE178T01024,GSTK539773,Advik Capital,Advik Capital,539773,
INE706C01028,GSTK531994,Auto Pins India,Auto Pins India,531994,
INE416N01013,GSTK502294,Nilachal Refractories,Nilachal Refractories,502294,
INE132F01038,GSTK530557,NCL Research and Financial Services,NCL Research,530557,
INE949B01018,GSTK530545,COSCO India,COSCO India,530545,
INE490A01015,GSTK501833,Chowgule Steamships,Chowgule Steamship,501833,
INE655D01025,GSTK532455,Shalimar Wires Industries,Shalimar Wires Inds,532455,
INE700F01024,GSTK539991,Confidence Futuristic Energetech,Confidence Futuristic,539991,
INE156C01018,GSTK514300,Pioneer Embroideries,Pioneer Embroideries,514300,PIONEEREMB
INE318D01020,GSTK531845,Zenith Steel Pipes & Industries,Zenith Steel Pipes,531845,ZENITHSTL
INE141C01036,GSTK517554,NHC Foods,NHC Foods,517554,
INE187R01029,GSTK539091,Consecutive Commodities,Consecutive Commodit,539091,
INE629B01032,GSTK500399,Steelco Gujarat,Steelco Gujarat,500399,
INE966Q01010,GSTK539697,Hiliks Technologies,Hiliks Technologies,539697,
INE752B01024,GSTK506605,Polychem,Polychem,506605,
INE544C01023,GSTK507498,Piccadily Sugar & Allied Industries,Piccadily Sugar,507498,
INE369D01023,GSTK523232,Continental Petroleums,Continental Petro,523232,
INE862B01013,GSTK514165,Indian Acrylics,Indian Acrylics,514165,
INE011D01013,GSTK526117,Shervani Industrial Syndicate,Shervani Industrial,526117,
INE765B01018,GSTK526479,Sky Industries,Sky Industries,526479,
INE516F01016,GSTK532057,Abhinav Capital Services,Abhinav Capital,532057,
INE0GIU01018,GSTK543513,Uma Exports,Uma Exports,543513,UMAEXPORTS
INE715Q01029,GSTK540360,Leading Leasing Finance And Investment Co,Leading Leasing Fin.,540360,
INE229D01011,GSTK511626,RR Financial Consultants,RR Financial,511626,
INE0E4I01027,GSTK543443,Ascensive Educare,Ascensive Educare,543443,
INE186H20014,GSTK750668,Bannari Amman Spinning Mills Limited - RE,Bannari Amman Spinning Mills Limited - RE,750668,BASML-RE
INE535C01013,GSTK514322,Kamadgiri Fashion,Kamadgiri Fashion,514322,
INE295C01014,GSTK519457,Virat Crane Industries,Virat Crane Inds,519457,
INE811H01017,GSTK531952,Riba Textiles,Riba Textiles,531952,
INE01GZ01011,GSTK542627,Chandni Machines,Chandni Machines,542627,
INE233P01017,GSTK519238,Saptarishi Agro Industries,Saptarishi Agro,519238,
INE195Y01010,GSTK543625,Secur Credentials,Secur Credential,543625,SECURCRED
INE103E01016,GSTK530125,Samrat Pharmachem,Samrat Pharmachem,530125,
INE563C01015,GSTK539218,Saumya Consultants,Saumya Consultants,539218,
INE655B01011,GSTK526849,Banaras Beads,Banaras Beads,526849,BANARBEADS
INE552B01010,GSTK526899,Himalaya Food International,Himalaya Food,526899,
INE258M01011,GSTK533896,Fervent Synergies,Fervent Synergies,533896,
INE497D01022,GSTK521220,Damodar Industries,Damodar Industries,521220,DAMODARIND
INE046E01025,GSTK506979,APT Packaging,APT Packaging,506979,
INE694X01030,GSTK540614,GG Engineering,GG Engineering,540614,
INE121B01014,GSTK532053,Wallfort Financial Services,Wallfort Financial,532053,
INE608B01010,GSTK522001,Cranex,Cranex,522001,
INE988E01036,GSTK513691,JMT Auto,JMT Auto,513691,JMTAUTOLTD
INE258C01038,GSTK517494,Accel,Accel,517494,
INE366G01022,GSTK530883,Super Crop Safe,Super Crop Safe,530883,
INE558F01026,GSTK531977,Chartered Logistics,Chartered,531977,
INE274M01026,GSTK535267,Comfort Fincap,Comfort Fincap,535267,
INE09KD01013,GSTK543236,Atam Valves,Atam Valves,543236,ATAM
INE225G01012,GSTK530709,Gowra Leasing & Finance,Gowra Leasing,530709,
INE717F01028,GSTK540570,Variman Global Enterprises,Variman Global,540570,
INE952M01019,GSTK504380,Flomic Global Logistics,Flomic Global Logs,504380,
INE354D01017,GSTK519566,Simran Farms,SFL,519566,
INE146E01015,GSTK539527,Creative Castings,Creative Castings,539527,
INE706A01022,GSTK519307,Vikas WSP,Vikas WSP,519307,VIKASWSP
INE325X01015,GSTK540590,Riddhi Corporate Services,Riddhi Corporate Serv,540590,
INE472C01027,GSTK511411,Shristi Infrastructure Development Corporation Ltd,Shristi InfraDev Cor,511411,
INE679C01027,GSTK531398,Source Natural Foods & Herbal Supplements,Source Natural Foods,531398,
INE928H01019,GSTK532855,Haryana Capfin,Haryana Capfin,532855,
INE893A01036,GSTK532380,Baba Arts,Baba Arts,532380,
INE460D01038,GSTK523842,Super Tannery,Super Tannery,523842,
INE765L01017,GSTK512477,Betex India,Betex India,512477,
INE601A01017,GSTK500458,Team24 Consumer Products,Team24 Consumer Prod,500458,
INE710D01028,GSTK523019,BN Rathi Securities,BN Rathi Security,523019,
INE117B01020,GSTK532332,CURA Technologies,CURA Technologies,532332,CURAA
INE060D01028,GSTK517431,Narmada Macplast Drip Irrigation Systems,Narmada Drip,517431,
INE459Z01017,GSTK541228,Taylormade Renewables,Taylormade Renew,541228,
INE578C01021,GSTK500421,TPI India,TPI India,500421,
INE534D01014,GSTK519097,Ritesh International,Ritesh International,519097,
INE949C01016,GSTK540481,Classic Leasing & Finance,Classic Leasing,540481,
INE699D01015,GSTK516078,Jumbo Bag,Jumbo Bag,516078,
INE279D01016,GSTK522027,EMA India,EMA India,522027,
INE828G01013,GSTK532656,Facor Alloys,Facor Alloys,532656,
INE621C01011,GSTK507960,Gujarat Hotels,Gujarat Hotels,507960,
INE294G01026,GSTK533093,Raj Oil Mills,Raj Oil Mills,533093,ROML
INE991B01010,GSTK507474,Kothari Fermentation & Biochem,Kothari Ferment,507474,
INE343C01012,GSTK539522,Grovy India,Grovy India,539522,
INE293A01013,GSTK500366,Rolta India,Rolta India,500366,ROLTA
INE505Y01010,GSTK543298,Vineet Laboratories,Vineet Laborator,543298,VINEETLAB
INE696K01024,GSTK533239,Prakash Steelage,Prakash Steelage,533239,PRAKASHSTL
INE564S01019,GSTK539659,Vikram Kamats Hospitality,Vikram Kamats Hospit,539659,
INE237C01016,GSTK531126,Kati Patang Lifestyle,Kati PatangLifestyle,531126,
INE965B01022,GSTK500262,Hybrid Financial Services,Hybrid Fin Serv,500262,HYBRIDFIN
INE965H01011,GSTK532795,Siti Networks,Siti Networks,532795,SITINET
INE0KA601012,GSTK543453,Alkosign,Alkosign,543453,
INE938A01021,GSTK532019,LCC Infotech,LCC Infotech,532019,LCCINFOTEC
INE139D01020,GSTK531663,Yuvraaj Hygiene Products,Yuvraaj Hygiene,531663,
INE638N01012,GSTK514402,Eco Hotels & Resorts,Eco Hotels & Resorts,514402,
INE989J01017,GSTK535719,AMPVOLTS,AMPVOLTS,535719,
INE671C01016,GSTK537253,Sunil Healthcare,Sunil Healthcare,537253,
INE666Q01016,GSTK540204,Narendra Investments (Delhi),Narendra Investments,540204,
INE0PSC01024,GSTK544079,Digidrive Distributors,Digidrive Distribut,544079,DIGIDRIVE
INE024B01010,GSTK531861,Joindre Capital Services,Joindre Capital Serv,531861,
INE236Y01012,GSTK541418,Nakoda Group of Industries,Nakoda Group of Inds,541418,NGIL
INE082W01014,GSTK543535,We Win,We Win,543535,WEWIN
INE114E01013,GSTK513005,Chrome Silicon,Chrome Silicon,513005,
INE510H01015,GSTK512047,Royal India Corporation,Royal India Corp,512047,
INE627H01017,GSTK532801,Cambridge Technology Enterprises,Cambridge Tech,532801,CTE
INE562E01021,GSTK531529,Softrak Venture Investment,Softrak Venture,531529,
INE408F01024,GSTK512297,Shantai Industries,Shantai Industries,512297,
INE967B01028,GSTK526544,SGL Resources,SGL Resources,526544,
INE709B01016,GSTK531169,SKP Securities,SKP Securities,531169,
INE187A01017,GSTK514034,JBF Industries,JBF Industries,514034,JBFIND
INE125G01014,GSTK517170,Edvenswa Enterprises,Edvenswa Enterprises,517170,
INE096L01025,GSTK533289,Kesar Terminals & Infrastructure,Kesar Terminals,533289,
INE064R01012,GSTK504273,Modulex Construction Technologies,Modulex Construction,504273,
INE653S01028,GSTK539216,Garment Mantra Lifestyle,Garment Mantra,539216,
INE544H01014,GSTK532771,JHS Svendgaard Laboratories,JHS Svendgaard Lab,532771,JHS
INE427E01027,GSTK526095,Ravileela Granites,Ravileela Granites,526095,
INE994B01014,GSTK524663,Bharat Immunologicals & Biologicals Corporation,Bharat Immunological,524663,
INE145J01032,GSTK513337,Gujarat Toolroom,Gujarat Toolroom,513337,
INE960C01013,GSTK539198,Capfin India,Capfin India,539198,
INE0OYK01010,GSTK544121,Rudra Gas Enterprise,Rudra Gas Enterprise,544121,
INE301C01028,GSTK526409,Kkalpana Industries (India),Kkalpana Inds,526409,
INE911T01010,GSTK542459,Kranti Industries,Kranti Industries,542459,
INE802A01037,GSTK531591,BAMPSL Securities,BAMPSL Securities,531591,
INE298E01022,GSTK515085,Restile Ceramics,Restile Ceramics,515085,
INE372I01018,GSTK507872,Ashnoor Textile Mills,Ashnoor Textile,507872,
INE741A01011,GSTK506734,Mysore Petro Chemicals,Mysore Petro Chem,506734,
INE967A01012,GSTK526365,Swarnsarita Jewels India,Swarnsarita,526365,
INE639K01016,GSTK533202,Satchmo Holdings,Satchmo Holdings,533202,
INE726X01014,GSTK542376,SPA Capital Advisors,SPA Capital Advisors,542376,
INE360L01017,GSTK533296,Future Market Networks,Future Market Netw,533296,FMNL
INE446A01025,GSTK505029,Atlas Cycles Haryana,Atlas Cycles Haryana,505029,ATLASCYCLE
INE203T01012,GSTK539314,Universal Autofoundry,Universal Auto,539314,
INE0B9A01018,GSTK543211,Bonlon Industries,Bonlon Industries,543211,BONLON
INE257C01014,GSTK544185,Adtech Systems,Adtech Systems,544185,
INE217S01014,GSTK539545,Apoorva Leasing Finance And Investment Company Ltd,Apoorva Leasing,539545,
INE117K01013,GSTK531667,RR Metalmakers India,RR Metalmakers,531667,
INE596H01014,GSTK532761,HandsOn Global Management (HGM),HandsOn Global Manag,532761,HGM
INE506Z01015,GSTK541302,Dhruv Consultancy Services,Dhruv Consultancy,541302,DHRUV
INE123B01028,GSTK521109,Nagreeka Exports,Nagreeka Exports,521109,NAGREEKEXP
INE757D01011,GSTK524204,Teesta Agro Industries,Teesta Agro,524204,
INE919C01019,GSTK517063,Jetking Infotrain,Jetking Infotrain,517063,
INE940C01015,GSTK517437,Dutron Polymers,Dutron Polymers,517437,
INE400G01011,GSTK526931,Hariyana Ship Breakers,Hariyana Ship,526931,
INE785D01012,GSTK531278,Elixir Capital,Elixir Capital,531278,
INE521L01030,GSTK509053,Banas Finance,Banas Finance,509053,
INE537B01011,GSTK523844,Constronics Infra,Constronics Infra,523844,
INE339D01034,GSTK514358,Everlon Financials,Everlon Financia,514358,
INE106I01010,GSTK532870,Ankit Metal & Power,Ankit Metal & Power,532870,ANKITMETAL
INE108T01021,GSTK539552,F Mec International Financial Services,F Mec Intl Fin Serv,539552,
INE432N01010,GSTK526488,Bhudevi Infra Projects,Bhudevi Infra Proj,526488,
INE232L01018,GSTK538862,MY Money Securities,MY Money Securities,538862,
INE429F01012,GSTK539861,SKIL Infrastructure,SKIL Infrastructure,539861,SKIL
INE526G01021,GSTK532660,Vivimed Labs,Vivimed Labs,532660,VIVIMEDLAB
INE731C01018,GSTK590068,Khaitan (India),Khaitan,590068,KHAITANLTD
INE638B01025,GSTK532333,HB Portfolio,HB Portfolio,532333,
INE540S01019,GSTK539220,Mishka Exim,Mishka Exim,539220,
INE691K01017,GSTK501430,Bombay Cycle & Motor Agency,Bombay Cycle & Motor,501430,
INE178E01026,GSTK505650,Skyline Millars,Skyline Millars,505650,
INE575D01041,GSTK540361,Danube Industries,Danube Industries,540361,
INE541F01022,GSTK517288,Gujarat Poly Electronics,Gujarat Poly Elec,517288,
INE213B01019,GSTK530175,Odyssey Technologies,Odyssey Tech,530175,
INE393A01011,GSTK504286,Delta Manufacturing,Delta Manufacturing,504286,DELTAMAGNT
INE580C01019,GSTK520155,Starlog Enterprises,Starlog Enterprises,520155,
INE486I01016,GSTK523620,Phaarmasia,Phaarmasia,523620,
INE707C01018,GSTK511505,Capital Trust,Capital Trust,511505,CAPTRUST
INE923K01014,GSTK519331,VSF Projects,VSF Projects,519331,
INE711V01010,GSTK540405,Oceanic Foods,Oceanic Foods,540405,
INE650K01021,GSTK512161,Securekloud Technologies,Securekloud Tech,512161,SECURKLOUD
INE184C01028,GSTK505230,Cimmco,Cimmco,505230,CIMMCO
INE588E01026,GSTK531677,Aris International,Aris International,531677,
INE385D01029,GSTK516032,Tahmar Enterprises,Tahmar Enterprises,516032,
INE358C01010,GSTK530789,Ceejay Finance,Ceejay Finance,530789,
INE804H01012,GSTK532812,Transwarranty Finance,Transwarranty Fin,532812,TFL
INE510P01018,GSTK538556,Arman Holdings,Arman Holdings,538556,
INE647Z01025,GSTK542046,Vivid Mercantile,Vivid Mercantile,542046,
INE358F01013,GSTK507984,Desi Farms India,Desi Farms India,507984,
INE778I01024,GSTK532975,Telogica,Telogica,532975,
INE0OUS01011,GSTK530757,Shentracon Chemicals,Shentracon Chem,530757,
INE977F01010,GSTK512485,Dhanlaxmi Cotex,Dhanlaxmi Cotex,512485,
INE191O01010,GSTK535387,Lakhotia Polyesters (India),Lakhotia Polyester,535387,
INE609A01010,GSTK500346,Punjab Communications,Puncom Commns,500346,
INE501D01013,GSTK530213,Fortune International,Fortune Intl,530213,
INE007C01021,GSTK526445,Indrayani Biotech,Indrayani Biotech,526445,
INE952H01027,GSTK532826,Raj Television Network,Raj Television,532826,RAJTV
INE618A01011,GSTK526193,Royal Cushion Vinyl Products,Royal Cushion Vinyl,526193,
INE227B01019,GSTK531979,Hind Aluminium Industries,Hind Aluminium,531979,
INE108E01023,GSTK533166,Sundaram Multi Pap,Sundaram Multi Pap,533166,SUNDARAM
INE267I01010,GSTK533163,ARSS Infrastructure Projects,ARSS Infra Project,533163,ARSSINFRA
INE105C01023,GSTK516092,3P Land Holdings,3P Land Holdings,516092,3PLAND
INE817H01014,GSTK532931,Burnpur Cement,Burnpur Cement,532931,
INE395B01048,GSTK523277,GV Films,GV Films,523277,
INE402Y01028,GSTK540738,Shreeji Translogistics,Shreeji Translogst,540738,
INE823D01011,GSTK523650,Yash Innoventures,Yash Innoventure,523650,
INE311H01018,GSTK532820,E-Land Apparel,E-Land Apparel,532820,
INE0S6R01027,GSTK544201,Dindigul Farm Product,Dindigul FarmProd,544201,
INE514C01026,GSTK532164,Minolta Finance,Minolta Finance,532164,
INE02AR01019,GSTK542437,Anmol India,Anmol India,542437,ANMOL
INE950D01012,GSTK513149,Acrow India,Acrow India,513149,
INE972C01018,GSTK524534,Bhaskar Agro Chemicals,Bhaskar Agro Chem,524534,
INE954B01018,GSTK523672,Flex Foods,Flex Foods,523672,
INE861N01036,GSTK531592,Genpharmasec,Genpharmasec,531592,
INE008C01011,GSTK526640,Royale Manor Hotels & Industries,Royale Manor Hotel,526640,
INE622E01023,GSTK532183,Gayatri Sugars,Gayatri Sugars,532183,
INE220C01012,GSTK521216,Dhanalaxmi Roto Spinners,Dhanalaxmi Roto Spin,521216,
INE951B01014,GSTK523550,Krypton Industries,Krypton Industries,523550,
INE526B01014,GSTK532386,California Software Company,California Software,532386,CALSOFT
INE712A01012,GSTK508494,Warren Tea,Warren Tea,508494,
INE519D01015,GSTK530577,Ladderup Finance,Ladderup Finance,530577,
INE804B01023,GSTK531417,Mega Corporation,Mega Corporation,531417,
INE355H01015,GSTK531190,Eforu Entertainment,Eforu Entertainment,531190,
INE304E01010,GSTK511577,Mantra Capital,Mantra Capital,511577,
INE308E01029,GSTK505590,SVP Global Textiles,SVP Global,505590,SVPGLOB
INE463D01016,GSTK513629,Tulsyan NEC,Tulsyan NEC,513629,
INE215B01022,GSTK532271,Cybermate Infotek,Cybermate Infotek,532271,ORCHASP
INE234B01023,GSTK512093,Cranes Software International,Cranes Software,512093,CRANESSOFT
INE323K01017,GSTK524322,Aanjaay Industries,Aanjaay Industries,524322,
INE406F01010,GSTK538634,Vasundhara Rasayans,Vasundhara Rasayans,538634,
INE958C01025,GSTK530249,Bridge Securities,Bridge Securites,530249,
INE133B01027,GSTK507180,Kesar Enterprises,Kesar Enterprises,507180,
INE934B01028,GSTK526235,Mercator,Mercator,526235,MERCATOR
INE135A01024,GSTK513142,Balasore Alloys,Balasore Alloys,513142,ISPATALLOY
INE875R01011,GSTK539251,Balkrishna Paper Mills,Balkrishna Paper,539251,BALKRISHNA
INE644Y01017,GSTK540961,Shiva Mills,Shiva Mills,540961,SHIVAMILLS
INE760J01012,GSTK514171,Ceeta Industries,Ceeta Industries,514171,
INE239L01013,GSTK539121,Palco Metals,Palco Metals,539121,
INE548H01015,GSTK524502,Raaj Medisafe India,Raaj Medisafe,524502,
INE839E01023,GSTK531996,Odyssey Corporation,Odyssey Corporation,531996,
INE320D01018,GSTK533078,Manjeera Constructions,Manjeera Constr,533078,MANJEERA
INE994D01010,GSTK524594,Aeonx Digital Technology,Aeonx Digital Techno,524594,
INE088D01011,GSTK532159,Trescon,Trescon,532159,
INE745R01024,GSTK543208,Regis Industries,Regis Ind.,543208,
INE775B01025,GSTK531882,Kwality,Kwality,531882,KWALITY
INE0JFE01012,GSTK543400,Omnipotent Industries,Omnipotent Indus,543400,
INE474L01016,GSTK533317,Omkar Speciality Chemicals,Omkar Spl Chemicals,533317,OMKARCHEM
INE472B01011,GSTK531495,Blue Coast Hotels,Blue Coast Hotels,531495,BLUECOAST
INE737B01033,GSTK532172,Adroit Infotech,Adroit Infotech,532172,ADROITINFO
INE383H01017,GSTK532728,Malu Paper Mills,Malu Paper Mills,532728,MALUPAPER
INE052E01015,GSTK524564,Gayatri Bioorganics,Gayatri Bioorganic,524564,
INE606K01049,GSTK539217,Srestha Finvest,Srestha Finvest,539217,
INE714D01020,GSTK522231,Conart Engineers,Conart Engineers,522231,
INE876A01023,GSTK512489,Oasis Securities,Oasis Securities,512489,
INE722D01015,GSTK509597,Hardcastle & Waud Manufacturing Co,Hardcastle & Waud,509597,
INE615R01029,GSTK540268,TruCap Finance,TruCap Finance,540268,TRU
INE060T01024,GSTK539398,Vishal Bearings,Vishal Bearings,539398,
INE030C01015,GSTK523007,Ansal Buildwell,Ansal Buildwell,523007,
INE945O01019,GSTK539143,Panth Infinity,Panth Infinity,539143,
INE699A01011,GSTK513216,Uttam Galva Steels,Uttam Galva Steels,513216,UTTAMSTL
INE981D01025,GSTK511736,Ushdev International,Ushdev International,511736,USHDEVINT
INE018401013,GSTK543281,Suvidhaa Infoserve,Suvidhaa Infoserve,543281,SUVIDHAA
INE513E01024,GSTK531822,Rodium Realty,Rodium Realty,531822,
INE391C01011,GSTK526471,Winsome Breweries,Winsome Breweries,526471,
INE891N01017,GSTK538833,Kaizen Agro Infrabuild,Kaizen Agro Infra.,538833,
INE971L01029,GSTK531163,Kemistar Corporation,Kemistar Corp,531163,
INE095B01010,GSTK526705,Elegant Marbles & Grani Industries,Elegant Marbles&Gran,526705,
INE161F01011,GSTK530705,Anirit Ventures,Anirit Ventures,530705,
INE154B01023,GSTK532140,Mohite Industries,Mohite Industries,532140,
INE678B01039,GSTK519463,IB Infotech Enterprises,IB Infotech Entr,519463,
INE792G01011,GSTK538395,Nam Securities,Nam Securities,538395,
INE819K01014,GSTK511764,Aastamangalam Finance,Aastamangalam,511764,
INE096I01021,GSTK511153,Anjani Foods,Anjani Foods,511153,
INE440C01016,GSTK530461,Saboo Sodium Chloro,Saboo Sodium Chloro,530461,
INE524N01014,GSTK534623,Jupiter Infomedia,Jupiter Infomedia,534623,
INE613B01010,GSTK511194,ICDS,ICDS,511194,ICDSLTD
INE901A01011,GSTK500211,Insilco,Insilco,500211,INSILCO
INE472M01018,GSTK534312,MT Educare,MT Educare,534312,MTEDUCARE
INE927A01040,GSTK502448,Rollatainers,Rollatainers,502448,ROLLT
INE462D01034,GSTK502901,Jamshri Realty,Jamshri Realty,502901,
INE245B01011,GSTK526481,Phoenix International,Phoenix Intl,526481,
INE932K01015,GSTK533427,VMS Industries,VMS Industries,533427,
INE829A01014,GSTK524396,Biofil Chemicals & Pharmaceuticals,Biofil Chem & Pharma,524396,BIOFILCHEM
INE195E01020,GSTK512048,DhanSafal Finserve,DhanSafal Finserve L,512048,
INE847D01010,GSTK527005,Shree Pacetronix,Shree Pacetronix,527005,
INE410G01010,GSTK526315,Divyashakti,Divyashakti Granites,526315,
INE767B01022,GSTK531518,Vikas Proppant & Granite,Vikas Proppant,531518,VIKASPROP
INE867A01022,GSTK505324,Manugraph India,Manugraph India,505324,MANUGRAPH
INE479B01016,GSTK503691,Sahara One Media & Entertainment,Sahara One Media Ent,503691,
INE398C01016,GSTK542123,Phosphate Company,Phosphate Company,542123,
INE571U01010,GSTK539939,Yash Chemex,Yash Chemex,539939,
INE497E01020,GSTK530253,Rajasthan Tube Manufacturing Co,Rajasthan Tube,530253,
INE197C01012,GSTK513642,Axel Polymers,Axel Polymers,513642,
INE969D01012,GSTK523465,Ind Bank Housing,Ind Bank Housing,523465,
INE410A01013,GSTK522152,Solitaire Machine Tools,Solitaire Machine,522152,
INE183D01010,GSTK531472,Cybele Industries,Cybele Industries,531472,
INE203D01016,GSTK503349,The Victoria Mills,Victoria Mills,503349,
INE323D01020,GSTK531454,Polylink Polymers (India),Polylink Polymer,531454,
INE691G01015,GSTK532614,Impex Ferro Tech,Impex Ferro Tech,532614,IMPEXFERRO
INE650C01036,GSTK531153,Diligent Industries,Diligent Industries,531153,
INE287Z01012,GSTK541546,Gayatri Highways,Gayatri Highways,541546,GAYAHWS
INE01KI01027,GSTK543670,Vinny Overseas,Vinny Overseas,543670,VINNY
INE024D01016,GSTK500342,Prudential Sugar Corporation,Prudential Sugar,500342,PRUDMOULI
INE968E01012,GSTK512169,Capricorn Systems Global Solutions,Capricorn Systems,512169,
INE499Q01012,GSTK538923,SOFCOM Systems,SOFCOM Systems,538923,
INE233C01023,GSTK530695,Prime Property Development Corp,Prime Property Dev,530695,
INE578R01011,GSTK539120,Grameva,Grameva,539120,
INE236W01016,GSTK540694,ANG Lifesciences India,ANG Lifesciences,540694,
INE676G01024,GSTK521244,MKP Mobility,MKP Mobility,521244,
INE891E01024,GSTK526773,Pressure Sensitive Systems India,Pressure Sensitive,526773,
INE008B01013,GSTK524288,Aimco Pesticides,Aimco Pesticides,524288,
INE179O01031,GSTK531205,Spright Agro,Spright Agro,531205,
INE695B01025,GSTK531624,Country Condo's,Country Condo's,531624,COUNCODOS
INE151B01011,GSTK531268,B2B Software Technologies,B2B Software Tech.,531268,
INE333E01019,GSTK530997,Unique Organics,Unique Organics,530997,
INE649C01012,GSTK512115,Rose Merc,Rose Merc,512115,
INE759I01024,GSTK526435,Perfectpac,Perfectpac,526435,
INE184B01012,GSTK540143,Sagarsoft (India),Sagarsoft (India),540143,
INE380K01017,GSTK511509,Vivo Bio Tech,Vivo Bio Tech,511509,
INE526R01028,GSTK539017,Star Housing Finance,Star Housing Finance,539017,
INE778E01031,GSTK531900,CCL International,CCL International,531900,
INE848M01019,GSTK509762,Mapro Industries,Mapro Industries,509762,
INE722J01012,GSTK533294,Ravi Kumar Distilleries,Ravi Kumar Distill,533294,RKDL
INE378D01032,GSTK531497,Madhucon Projects,Madhucon Projects,531497,MADHUCON
INE360S01012,GSTK539455,Ecofinity Atomix,Ecofinity Atomix,539455,
INE433G01020,GSTK531869,Sacheta Metals,Sacheta Metals,531869,
INE993I01029,GSTK512441,Enbee Trade & Finance,Enbee Trade & Fin,512441,
INE065J01024,GSTK533048,Teamo Productions HQ,Teamo Productions HQ,533048,TPHQ
INE375C01022,GSTK530617,Sampre Nutritions,Sampre Nutritions,530617,
INE429D01017,GSTK511355,India Cements Capital,India Cements Capital,511355,
INE759F01012,GSTK522005,Austin Engineering Company,Austin Engg Co,522005,
INE437C01012,GSTK517370,Incap,Incap,517370,
INE241F01011,GSTK534063,Futuristic Solutions,Futuristic Solutions,534063,
INE714U01024,GSTK540377,IFL Enterprises,IFL Enterprises,540377,
INE731A01020,GSTK532212,Archies,Archies,532212,ARCHIES
INE218G01033,GSTK532521,Palred Technologies,Palred Technologies,532521,PALREDTEC
INE812Q01016,GSTK539040,Tirupati Innovar,Tirupati Innovar,539040,
INE0IPL01018,GSTK517423,Integra Switchgear,Integra Switchgear,517423,
INE185H01016,GSTK532695,Celebrity Fashions,Celebrity Fashion,532695,CELEBRITY
INE608C01026,GSTK513566,Nova Iron & Steel,Nova Iron & Steel,513566,
INE372D01019,GSTK526965,Gujarat Craft Industries,Gujarat Craft Inds,526965,
INE304D01012,GSTK521240,Sambandam Spinning Mills,Sambandam Spinning,521240,
INE986W01016,GSTK540545,Guru Krupa Gems And Jewellery,Guru Krupa Gem & Jew,540545,
INE202R01026,GSTK540135,ARC Finance,ARC Finance,540135,
INE115F01017,GSTK526335,Shreyas Intermediates,Shreyas Intermediate,526335,
INE359B01010,GSTK533056,Vedavaag Systems,Vedavaag Systems,533056,
INE234I01028,GSTK532925,Kaushalya Infrastructure Development Corporation,Kaushalya Infra,532925,KAUSHALYA
INE040F01033,GSTK509040,Netlink Solutions (India),Netlink Solutions,509040,
INE726D01016,GSTK507981,Jindal Hotels,Jindal Hotels,507981,
INE698B01011,GSTK531280,Pankaj Polymers,Pankaj Polymers,531280,
INE347I01010,GSTK531616,Starcom Information Technology,Starcom Info Tech,531616,
INE715T01031,GSTK540080,Dhatre Udyog,Dhatre Udyog,540080,
INE060601031,GSTK542724,Murae Organisor,Murae Organisor,542724,
INE0VI201010,GSTK544662,Simandhar Impex,Simandhar Impex,544662,
INE380G01015,GSTK504988,Welcast Steels,Welcast Steels,504988,
INE953D01016,GSTK521151,Dhanlaxmi Fabrics,Dhanlaxmi Fabrics,521151,
INE902C01015,GSTK526237,Morgan Ventures,Morgan Ventures,526237,
INE636B01011,GSTK539391,ACME Resources,ACME Resources,539391,
INE725L01011,GSTK533451,Karma Energy,Karma Energy,533451,KARMAENG
INE159N01027,GSTK537820,Viji Finance,Viji Finance,537820,VIJIFIN
INE796C01011,GSTK503837,Shree Rajasthan Syntex,SRSL,503837,
INE274E01015,GSTK530979,India Home Loan,India Home Loan,530979,
INE579D01019,GSTK512589,Sita Enterprises,Sita Enterprises,512589,
INE01J501010,GSTK542019,Shubham Polyspin,Shubham Polyspin,542019,
INE695D01021,GSTK501370,Walchand Peoplefirst,Walchand Peoplefirst,501370,
INE047C01019,GSTK526301,Medinova Diagnostic Services,Medinova Diagnostic,526301,
INE584F01014,GSTK532637,Mangalam Drugs & Organics,Mangalam Drugs,532637,MANGALAM
INE537L01010,GSTK504392,Krishna Ventures,Krishna Ventures,504392,
INE268L01046,GSTK533301,Shekhawati Industries,Shekhawati Indust.,533301,SHEKHAWATI
INE642Z01026,GSTK542020,AKI India,AKI India,542020,AKI
INE186C01023,GSTK531176,Mefcom Capital Markets,Mefcom Capital Mkts,531176,
INE736H01024,GSTK513059,G.S. Auto International,G.S. Auto Intl,513059,
INE537A01013,GSTK500170,GTN Industries,GTN Industries,500170,
INE653D01012,GSTK532005,Sam Industries,Sam Industries,532005,
INE198C01010,GSTK524440,Camex,Camex,524440,
INE253B01015,GSTK526921,21st Century Management Services,21st Cent Mgt,526921,21STCENMGM
INE141D01018,GSTK523419,Tamilnadu Telecommunication,TN Telecommunication,523419,TNTELE
INE982C01033,GSTK523387,Homre,Homre,523387,
INE685Z01033,GSTK541601,Rajnish Wellness,Rajnish Wellness,541601,
INE381G01013,GSTK530595,TeleCanor Global,TeleCanor Global,530595,
INE009C01019,GSTK514442,Sri KPR Industries,Sri KPR Industries,514442,
INE899E01019,GSTK514260,Surbhi Industries,Surbhi Industries,514260,
INE792B01012,GSTK532335,Ambica Agarbathies Aroma & Industries,Ambica Agarbathies,532335,AMBICAAGAR
INE307D01015,GSTK526231,Standard Surfactants,Standard Surfactants,526231,
INE097E01028,GSTK522235,Minal Industries,Minal Industries,522235,
INE843L01012,GSTK519234,Superior Industrial Enterprises,Superior Inds Entr,519234,
INE919T01013,GSTK539947,Jindal Leasefin,Jindal Leasefin,539947,
INE250S01015,GSTK539762,Modern Converters,Modern Converters,539762,
INE130F01016,GSTK507948,Key Corp,Key Corp,507948,
INE950C01014,GSTK502873,HP Cotton Textile Mills,HP Cotton Textile,502873,
INE556D01017,GSTK511359,AD-Manum Finance,AD-Manum Finance,511359,
INE448B01029,GSTK532355,Picturehouse Media,Picturehouse Media,532355,
INE0CPQ01010,GSTK543194,Nirmitee Robotics India,Nirmitee Robotics,543194,
INE167H01014,GSTK503229,Simplex Realty,Simplex Realty,503229,
INE331L01026,GSTK508922,MSR Copper,MSR Copper,508922,
INE077B01018,GSTK512587,Zodiac-JRD-MKJ,Zodiac-JRD-MKJ,512587,
INE547C01018,GSTK531982,Spectrum Foods,Spectrum Foods,531982,
INE480H01011,GSTK526851,Arex Industries,Arex Industries,526851,
INE176N01039,GSTK534732,Caspian Corporate Services,Caspian,534732,
INE805R01018,GSTK539246,Atma Industries,Atma Industries,539246,
INE451S01027,GSTK539222,Growington Ventures India,Growington,539222,
INE115G01015,GSTK540904,Tirupati Foam,Tirupati Foam,540904,
INE427C01021,GSTK524711,Vista Pharmaceuticals,Vista Pharms,524711,
INE0OH401016,GSTK544013,KK Shah Hospitals,KK Shah Hospitals,544013,
INE328F01016,GSTK531259,Esha Media Research,Esha Media Research,531259,
INE791B01014,GSTK517415,Lee & Nee Softwares (Exports),LNSEL,517415,
INE531X01018,GSTK531931,Sai Capital,Sai Capital,531931,
INE492N01022,GSTK501622,Amalgamated Electricity Company,Amalgamated Elec,501622,
INE055E01034,GSTK530053,Real Eco Energy,Real Eco Energy,530053,
INE216D01026,GSTK532081,KSS,KSS,532081,KSERASERA
INE863I01016,GSTK532946,Bang Overseas,Bang Overseas,532946,BANG
INE974C01022,GSTK531337,Winpro Industries,Winpro Industrie,531337,WINPRO
INE880B01015,GSTK507828,Ansal Housing,Ansal Housing,507828,
INE834B01012,GSTK517119,PCS Technology,PCS Technology,517119,
INE845A01028,GSTK507946,Kiduja India,Kiduja India,507946,
INE183Q01020,GSTK538868,Continental Securities,Continental Secs,538868,
INE794C01016,GSTK526841,Shakti Press,Shakti Press,526841,
INE501F01018,GSTK514087,PBM Polytex,PBM Polytex,514087,
INE0CHO01012,GSTK543231,Archidply Decor,Archidply Decor,543231,ADL
INE161E01014,GSTK531810,Metal Coatings (India),Metal Coatings (I),531810,
INE457P01020,GSTK538607,Toyam Sports,Toyam Sports,538607,
INE295B01016,GSTK530217,Swojas Foods,Swojas Foods,530217,
INE239B01014,GSTK511740,Ruparel Food Products,Ruparel Food Product,511740,
INE240T01014,GSTK540359,Parmax Pharma,Parmax Pharma,540359,
INE443C01010,GSTK530991,Roopa Industries,Roopa Industries,530991,
INE718B01017,GSTK532402,USG Tech Solutions,USG Tech Solutions,532402,
INE347D01011,GSTK502250,Lerthai Finance,Lerthai Finance,502250,
INE309D01011,GSTK511654,Sugal & Damani Share Brokers,Sugal & Damani,511654,
INE306D01017,GSTK521178,Sri Ramakrishna Mills (Coimbatore),Sri Ramakrishna Mill,521178,
INE894E01028,GSTK540181,Salem Erode Investments,Salem Erode,540181,
INE493E01029,GSTK526957,Uniply Decor,Uniply Decor,526957,
INE988C01014,GSTK507442,Dharani Sugars & Chemicals,Dharan Sugars & Chem,507442,DHARSUGAR
INE960E01019,GSTK530433,Shiva Global Agro Industries,Shiva Global Agro,530433,
INE584B01013,GSTK530265,Sainik Finance & Industries,Sainik Finance,530265,
INE569B01022,GSTK511609,ISL Consulting,ISL Consulting,511609,
INE885B01014,GSTK531297,Artefact Projects,Artefact Projects,531297,
INE825C01018,GSTK530897,NG Industries,NG Industries,530897,
INE071Y01013,GSTK540726,Trident Texofab,Trident Texofab,540726,
INE305D01019,GSTK514412,Sarup Industries,Sarup Industries,514412,
INE233D01013,GSTK526616,National Plastic Industries,National Plastic Ind,526616,
INE730E01016,GSTK512217,Prism Medico & Pharmacy,Prism Medico,512217,
INE293N01016,GSTK526269,Crestchem,Crestchem,526269,
INE410D01017,GSTK514223,Ramgopal Polytex,Ramgopal Polytex,514223,
INE175C01018,GSTK526161,Spenta International,Spenta International,526161,
INE247F01018,GSTK507690,Orient Beverages,Orient Beverages,507690,
INE751D01014,GSTK524703,Sandu Pharmaceuticals,Sandu Pharma,524703,
INE027D01019,GSTK511658,Nettlinx,Nettlinx,511658,
INE069B01023,GSTK530109,Anupam Finserv,Anupam Finserv,530109,
INE210C01013,GSTK513729,Aro Granite Industries,Aro Granite Inds,513729,AROGRANITE
INE158F01017,GSTK531144,E L Forge,E L Forge,531144,
INE156M01017,GSTK536846,Yuranus Infrastructure,Yuranus Infra,536846,
INE388C01017,GSTK530169,Mohit Paper Mills,Mohit Paper Mills,530169,
INE822D01021,GSTK531233,Rasi Electrodes,Rasi Electrodes,531233,
INE998H01012,GSTK532817,Oriental Trimex,Oriental Trimex,532817,ORIENTALTL
INE883B01027,GSTK531156,Alfavision Overseas (India),Alfavision Overseas,531156,
INE642I01014,GSTK532957,Gokak Textiles,Gokak Textiles,532957,
INE875N01036,GSTK524602,Bandaram Pharma Packtech,Bandaram Pharma,524602,
INE149Q01021,GSTK538778,Kalyan Capitals,Kalyan Capitals,538778,
INE397G01019,GSTK531471,Duke Offshore,Duke Offshore,531471,
INE856B01023,GSTK532404,Saven Technologies,Saven Technologies,532404,
INE464D01014,GSTK502589,Vapi Enterprise,Vapi Enterprise,502589,
INE469D01013,GSTK507817,Wires & Fabriks (SA),Wires & Fabriks,507817,
INE684D01025,GSTK539669,RGF Capital Markets,RGF Cap Markets,539669,
INE357B01022,GSTK530951,Raminfo,Raminfo,530951,
INE578B01015,GSTK531533,Accedere,Accedere,531533,
INE645C01010,GSTK524675,Kabsons Industries,Kabsons Industries,524675,
INE104A01012,GSTK500239,KG Denim,KG Denim,500239,
INE844A01013,GSTK523260,Pearl Polymers,Pearl Polymers,523260,PEARLPOLY
INE278G01037,GSTK532640,Cyber Media India,Cyber Media India,532640,CYBERMEDIA
INE360J01011,GSTK533101,Suryaamba Spinning Mills,Suryaamba Mills,533101,
INE012E01035,GSTK530959,Diana Tea Co,Diana Tea Co,530959,
INE682D01011,GSTK522207,Rasandik Engineering Industries India,Rasandik Engg Inds,522207,
INE104F01029,GSTK539122,Bodhtree Consulting,Bodhtree Consulting,539122,
INE786J01033,GSTK530525,Rajnish Retail,Rajnish Retail,530525,
INE06CG01019,GSTK542667,White Organic Retail,White Organic Retail,542667,
INE760Y01011,GSTK540923,Ashoka Metcast,Ashoka Metcast,540923,ASHOKAMET
INE695C01015,GSTK521036,Source Industries (India),Source Industries,521036,
INE206C01029,GSTK526490,Pratik Panels,Pratik Panels,526490,
INE316D01024,GSTK531950,VERTEX Securities,VERTEX,531950,
INE376A01032,GSTK511525,Pan India Corp,Pan India Corp,511525,
INE773T01014,GSTK539760,Relicab Cable Manufacturing,Relicab Cable,539760,
INE395A01016,GSTK532123,BSEL Algo,BSEL Algo,532123,
INE170C01019,GSTK503776,Modipon,Modipon,503776,
INE963A01011,GSTK530853,Hipolin,Hipolin,530853,
INE055O01033,GSTK530787,Inland Printers,Inland Printers,530787,
INE242Q01016,GSTK538834,JMJ Fintech,JMJ Fintech,538834,
INE159E01026,GSTK509196,MM Rubber Company,MM Rubber Company,509196,
INE717D01023,GSTK511710,Cubical Financial Services,Cubical Fin Serv,511710,
INE898B01017,GSTK500212,Integrated Financial Services,Integrated Fin Serv,500212,
INE545E01018,GSTK530855,GDL Leasing & Finance,GDL Leasing & Fin,530855,
INE218A01028,GSTK514221,K-Lifestyle & Industries,K-Lifestyle & Inds,514221,SHREEKRPOL
INE524L01026,GSTK533482,Kridhan Infra,Kridhan Infra,533482,KRIDHANINF
INE209C01015,GSTK517546,Alfa Transformers,Alfa Transformers,517546,
INE550B01022,GSTK532216,HB Stockholdings,HB Stockholdings,532216,HBSL
INE125D01011,GSTK520123,ABC India,ABC India,520123,
INE087E01011,GSTK517264,Fine-Line Circuits,Fine-Line Circuits,517264,
INE856D01011,GSTK511000,MSL Global,MSL Global,511000,
INE038B01010,GSTK524488,SVC Industries,SVC Industries,524488,
INE670X01014,GSTK540702,Lasa Supergenerics,Lasa Supergenerics,540702,LASA
INE368D01025,GSTK530309,Chandra Prabhu International,Chandra Prabhu Intl,530309,
INE083G01031,GSTK521228,Tatia Global Vennture,Tatia Global Venn,521228,
INE759C01027,GSTK511692,Ajcon Global Services,Ajcon Global Services,511692,
INE417N01011,GSTK512301,Chambal Breweries & Distilleries,Chambal Breweries,512301,
INE809E01018,GSTK519359,Poona Dal & Oil Industries,Poona Dal & Oil,519359,
INE533B01028,GSTK511539,Supra Trends,Supra Trends,511539,
INE906Y01028,GSTK542802,Galactico Corporate Services,Galactico Corp Serv,542802,
INE690D01014,GSTK530231,Subhash Silk Mills,Subhash Silk Mills,530231,
INE526A01016,GSTK500155,Garden Silk Mills Ltd,Garden Silk Mill,500155,GARDENSILK
INE569D01028,GSTK531172,Pranavaditya Spinning Mills,Pranavaditya Spinning,531172,
INE542C01019,GSTK519494,NK Industries,NK Industries,519494,NKIND
INE016M01021,GSTK540789,Diligent Media Corporation,Diligent Media Co,540789,DNAMEDIA
INE806J01013,GSTK524013,Hindustan Fluoro Carbons,Hindustan Fluoro,524013,
INE229G01022,GSTK531780,Kaiser Corporation,Kaiser Corporation,531780,
INE580D01017,GSTK531199,Glance Finance,Glance Fin,531199,
INE969E01010,GSTK538521,Yaan Enterprises,Yaan Enterprises,538521,
INE034F01010,GSTK524156,TCM,TCM,524156,
INE07BK01011,GSTK502133,Hemadri Cements,Hemadri Cements,502133,
INE771E01010,GSTK531168,Associated Ceramics,Associated Ceramics,531168,
INE457C01010,GSTK524818,Dynamic Industries,Dynamic Industries,524818,
INE636P01011,GSTK506858,Gujarat Petrosynthese,Gujarat Petrosynth,506858,
INE128R01023,GSTK531328,Kretto Syscon,Kretto Syscon,531328,
INE364D01032,GSTK531223,Anjani Synthetics,Anjani Synthetics,531223,
INE442D01010,GSTK523144,MediCaps,MediCaps,523144,
INE615A01025,GSTK507300,Ravalgaon Sugar Farm,Ravalgaon Sugar,507300,
INE080G01029,GSTK531067,Contil India,Contil India,531067,
INE172B01017,GSTK531840,IEC Education,IEC Education,531840,
INE081B01028,GSTK530609,Carnation Industries,Carnation Industries,530609,
INE804A01025,GSTK510245,Swasti Vinayaka Synthetics,Swasti Vinayaka Syn,510245,
INE457N01025,GSTK511012,Yamini Investments Company,Yamini Investments,511012,
INE595R01023,GSTK540006,East West Freight Carriers,East West Freight,540006,
INE156E01014,GSTK514312,Jaihind Industries,Jaihind Industries,514312,
INE123E01014,GSTK504810,Informed Technologies India,Informed Tech,504810,
INE210F01016,GSTK543914,Swati Projects,Swati Projects,543914,
INE631D01026,GSTK505250,G.G. Dandekar Properties,G.G. Dandekar Prop.,505250,
INE137E01014,GSTK531557,Amit Securities,Amit Securities,531557,
INE747K01017,GSTK533203,Tarapur Transformers,Tarapur Transformers,533203,TARAPUR
INE871H01011,GSTK532951,GSS Infotech,GSS Infotech,532951,GSS
INE393H01016,GSTK512036,Skybiotech Healthcare,Skybiotech Healthcar,512036,
INE954E01012,GSTK531453,Mohit Industries,Mohit Industries,531453,MOHITIND
INE895A01023,GSTK512257,Swasti Vinayaka Art & Heritage Corporation,Swasti Vinayaka Art,512257,
INE706F01021,GSTK511447,Sylph Industries,Sylph Industries,511447,
INE465H01012,GSTK524548,Sharma East India Hospitals & Medical Research Ltd,Sharma Hospitals,524548,
INE144C01014,GSTK530711,Jagan Lamps,Jagan Lamps,530711,
INE319M01011,GSTK531301,Tusaldah,Tusaldah,531301,
INE805B01012,GSTK516007,Mangalam Timber Products,Mangalam Timber Prod,516007,MANGTIMBER
INE428C01011,GSTK530815,Refnol Resins & Chemicals,Refnol Resins,530815,
INE784B01035,GSTK514348,Winsome Yarns,Winsome Yarns,514348,WINSOME
INE256Z01025,GSTK541303,Akshar Spintex,Akshar Spintex,541303,AKSHAR
INE925C01016,GSTK515093,Madhav Marbles & Granites,Madhav Marbles,515093,MADHAV
INE548B01018,GSTK531744,Gini Silk Mills,Gini Silk Mills,531744,
INE203N01015,GSTK505515,Shyamkamal Investments,Shyamkamal Invest,505515,
INE527B01020,GSTK511116,Quadrant Televentures,Quadrant Televentures,511116,
INE102F01015,GSTK530289,SP Capital Financing,SP Capital Fin,530289,
INE961B01013,GSTK530255,Kay Power & Paper,Kay Power & Paper,530255,
INE138B01018,GSTK526355,Duro Pack,Duro Pack,526355,
INE452B01013,GSTK511712,Relic Technologies,Relic Technologies,511712,
INE242B01018,GSTK512425,Nirav Commercials,Nirav Commercials,512425,
INE575I01016,GSTK532918,Rathi Bars,Rathi Bars,532918,
INE042C01010,GSTK530973,Alfa Ica India,Alfa Ica India,530973,
INE452W01019,GSTK542248,Deccan Health Care,Deccan Health Care,542248,
INE681F01018,GSTK524080,Haryana Leather Chemicals,Haryana Leather,524080,
INE618F01010,GSTK530037,Sparkle Gold Rock,Sparkle Gold Rock,530037,
INE711D01018,GSTK524516,Bacil Pharma,Bacil Pharma,524516,
INE574I01035,GSTK532914,Arcotech,Arcotech,532914,ARCOTECH
INE088B01015,GSTK513179,National Steel & Agro Industries,National Steel &Agro,513179,NATNLSTEEL
INE556Z01010,GSTK541338,UH Zaveri,UH Zaveri,541338,
INE436N01029,GSTK534612,Advance Metering Technology,Advance Metering,534612,
INE145L01012,GSTK518011,Keerthi Industries,Keerthi Industries,518011,
INE906D01014,GSTK502445,Citadel Realty & Developers,Citadel Realty,502445,
INE491C01027,GSTK538743,Mudunuru,Mudunuru,538743,
INE553F01035,GSTK508664,Best Eastern Hotels,Best Eastern Hotel,508664,
INE429K01012,GSTK533100,Premier Energy & Infrastructure,Premier Energy&Infra,533100,
INE538C01017,GSTK500371,Samtel India,Samtel India,500371,
INE180M01033,GSTK504340,Longspur International Ventures,Longspur Ventures,504340,
INE311D01017,GSTK517201,Switching Technologies Gunther,Switching Tech,517201,
INE210A01017,GSTK519224,Williamson Magor & Co,Williamson Magor,519224,WILLAMAGOR
INE703D01023,GSTK531752,Biogen Pharmachem Industries,Biogen Pharmachem,531752,
INE744D01019,GSTK526345,Panjon,Panjon,526345,
INE909B01020,GSTK503092,Pasupati Spinning & Weaving Mills,Pasupati Spinning,503092,
INE272G01014,GSTK532911,Parle Industries,Parle Industries,532911,
INE965C01038,GSTK523840,Innovative Tech Pack,Innovative Tech,523840,
INE181U01018,GSTK540310,Classic Filaments,Classic Filaments,540310,
INE807A01010,GSTK530747,Challani Capital,Challani Capital,530747,
INE265D01015,GSTK533212,GKB Ophthalmics,GKB Ophthalmics,533212,
INE055C01020,GSTK526677,DSJ Communications,DSJ Communications,526677,KEEPLEARN
INE989D01010,GSTK523021,Rishi Techtex,Rishi Techtex,523021,
INE005G01026,GSTK539559,Deep Health AI India,Deep Health AI India,539559,
INE499G01013,GSTK524314,Gujarat Terce Laboratories,Gujarat Terce Labs,524314,
INE680B01019,GSTK500206,Margo Finance,Margo Finance,500206,
INE776O01018,GSTK539013,Gita Renewable Energy,Gita Renewable,539013,
INE627D01016,GSTK526711,Adarsh Plant Protect,Adarsh Plant,526711,
INE945B01016,GSTK526945,Tyroon Tea Company,Tyroon Tea Co,526945,
INE647W01014,GSTK543341,Sharpline Broadcast,Sharpline,543341,
INE870J01019,GSTK531635,Silver Oak (India),Silver Oak,531635,
INE549S01036,GSTK539561,Supha Pharmachem,Supha Pharmachem,539561,
INE911B01018,GSTK501242,TCI Finance,TCI Finance,501242,TCIFINANCE
INE071A01013,GSTK500059,BIL Vyapar,BIL Vyapa,500059,BILVYAPAR
INE662A01027,GSTK521180,Super Spinning Mills,Super Spinning Mills,521180,SUPERSPIN
INE245I01016,GSTK532895,Nagreeka Capital & Infrastructure,Nagreeka Capital,532895,NAGREEKCAP
INE879E01037,GSTK506184,Kanani Industries,Kanani Industries,506184,KANANIIND
INE552N01023,GSTK511169,RKD Agri & Retail,RKD Agri & Retail,511169,
INE173U01015,GSTK539798,Umiya Tubes,Umiya Tubes,539798,
INE393D01015,GSTK531797,Scan Projects,Scan Projects,531797,
INE827D01020,GSTK518053,Sri Chakra Cement,Sri Chakra Cement,518053,
INE280E01038,GSTK539519,Sattva Sukun Lifecare,Sattva Sukun Lifecar,539519,
INE427T01025,GSTK539761,Vantage Knowledge Academy,Vantage Knowledge,539761,
INE331C01025,GSTK524661,Welcure Drugs & Pharmaceuticals,Welcure Drugs,524661,
INE322R01022,GSTK538812,Aanchal Ispat,Aanchal Ispat,538812,
INE498G01015,GSTK502933,Katare Spinning Mills,Katare Spinning,502933,
INE777O01016,GSTK539011,Chennai Ferrous Industries,Chennai Ferrous,539011,
INE015F01019,GSTK530179,RSC International,RSC International,530179,
INE465K01016,GSTK523652,Kkalpana Plastick,Kkalpana Plastick,523652,
INE344I01017,GSTK526901,Sonal Adhesives,Sonal Adhesives,526901,
INE595G01018,GSTK531003,Swarna Securities,Swarna Securities,531003,
INE185K01036,GSTK537069,Arnold Holdings,Arnold Holdings,537069,
INE392B01011,GSTK532387,Pritish Nandy Communications,Pritish Nandy Comm,532387,PNC
INE791C01012,GSTK530291,PAOS Industries Ltd,PAOS Industries,530291,
INE832C01014,GSTK531600,Gogia Capital Growth,Gogia Capital Growth,531600,
INE338C01012,GSTK526847,Ashirwad Steels & Industries,Ashirwad Steels,526847,
INE230I01018,GSTK539176,Hawa Engineers,Hawa Engineers,539176,
INE896E01023,GSTK509887,Sinnar Bidi Udyog,Sinnar Bidi Udyog,509887,
INE837C01013,GSTK538646,QGO Finance,QGO Finance,538646,
INE886B01012,GSTK530419,Sumedha Fiscal Services,Sumedha Fiscal,530419,
INE023M01027,GSTK533605,Setubandhan Infrastructure,Setubandhan Infra,533605,SETUINFRA
INE902L01016,GSTK512215,Stephanotis Finance,Stephanotis Finance,512215,
INE759D01017,GSTK511730,BYLD Capital Finance,BYLD Capital Finance,511730,
INE250C01027,GSTK523467,Jai Mata Glass,Jai Mata Glass,523467,
INE297J01023,GSTK531814,Tirupati Sarjan,Tirupati Sarjan,531814,
INE017E01018,GSTK526871,Intec Capital,Intec Capital,526871,
INE914G01029,GSTK539354,Polyspin Exports,Polyspin Exports,539354,
INE296D01010,GSTK507813,National Oxygen,National Oxygen,507813,
INE131Q01011,GSTK538777,Asia Capital,Asia Capital,538777,
INE040M01013,GSTK533540,Tree House Education & Accessories,Tree House Education,533540,TREEHOUSE
INE060B01014,GSTK531892,Khandwala Securities,Khandwala Securities,531892,KHANDSE
INE348I01018,GSTK531340,Bervin Investment & Leasing,Bervin Invstmnt,531340,
INE533C01018,GSTK530235,KJMC Financial Services,KJMC Financial,530235,
INE407P01017,GSTK538838,Indo Cotspin,Indo Cotspin,538838,
INE789B01018,GSTK530825,Daikaffil Chemicals India,Daikaffil Chemical,530825,
INE108B01029,GSTK531960,June Industries,June Industries,531960,
INE367A01015,GSTK511549,Morarka Finance,Morarka Finance,511549,
INE135C01012,GSTK511533,Sahara Housingfina Corporation,Sahara Hsg Fin,511533,
INE628B01034,GSTK531626,Orosil Smiths India,Orosil Smiths India,531626,
INE734D01010,GSTK519612,Lake Shore Realty,Lake Shore Realty,519612,
INE808A01018,GSTK530459,Valson Industries,Valson Industries,530459,
INE405H01018,GSTK531380,Centenial Surgical Suture,Centenial Surgical,531380,
INE389D01013,GSTK532284,TCFC Finance,TCFC Finance,532284,
INE747B01016,GSTK532416,Next Mediaworks,Next Mediaworks,532416,NEXTMEDIA
INE797H01018,GSTK532845,TGB Banquets & Hotels,TGB Banquets,532845,TGBHOTELS
INE098E01026,GSTK505336,Harshil Agrotech,Harshil Agrotech,505336,
INE537U01037,GSTK540079,Sprayking,Sprayking,540079,
INE280F01019,GSTK505212,Jainex Aamcol,Jainex Aamcol,505212,
INE441L01015,GSTK506105,Stanrose Mafatlal Investments & Finance,StanroseMafatlal Inv,506105,
INE932F01015,GSTK530407,EPIC Energy,EPIC Energy,530407,
INE419H01019,GSTK532124,Reliable Ventures India,Reliable Ventures,532124,
INE308B01017,GSTK530909,ERP Soft Systems,ERP Soft Systems,530909,
INE924B01011,GSTK530133,Amco India,Amco India,530133,
INE021N01011,GSTK530267,Arigato Universe,Arigato Universe,530267,
INE353H01010,GSTK532730,STL Global,STL Global,532730,SGL
INE030T01027,GSTK539428,Tejnaksh Healthcare,Tejnaksh Healthcare,539428,
INE503D01027,GSTK531137,Gemstone Investments,Gemstone Investments,531137,
INE828I01019,GSTK503685,Mediaone Global Entertainment,Mediaone Glob Enter,503685,
INE435E01020,GSTK512499,Shalimar Productions,Shalimar Productions,512499,
INE975C01011,GSTK519475,Chordia Food Products,Chordia Food Prods,519475,
INE609D01014,GSTK530925,Ramsons Projects,Ramsons Projects,530925,
INE365S01045,GSTK539310,Thinkink Picturez,Thinkink Picturez,539310,
INE809B01014,GSTK526043,Polymechplast Machines,Polymechplast Machines,526043,
INE338P01014,GSTK522036,Miven Machine Tools,Miven Machine Tools,522036,
INE122D01026,GSTK521141,Aditya Spinners,Aditya Spinners,521141,
INE832D01020,GSTK509895,Hindoostan Mills,Hindoostan Mills,509895,
INE359A01012,GSTK511716,Invigorated Business Consulting,Invigorat.Busines,511716,
INE654H01011,GSTK531651,National General Industries Limited,National General Inds,531651,
INE792J01015,GSTK531608,Gorani Industries,Gorani Industries,531608,
INE286N01028,GSTK501314,Prismx Global Ventures,Prismx Global,501314,
INE957C01019,GSTK500016,Aruna Hotels,Aruna Hotels,500016,
INE159C01012,GSTK526554,Salguti Industries,Salguti Industries,526554,
INE889F01017,GSTK523489,Chennai Meenakshi Multispeciality Hospital,Chennai Meenakshi,523489,
INE789R01022,GSTK540190,Franklin Industries,Franklin Industries,540190,
INE212B01011,GSTK511593,Libord Finance,Libord Finance,511593,
INE673M01029,GSTK508969,Sulabh Engineers & Services,Sulabh Engineers,508969,
INE204P01026,GSTK538180,Gold Line International Finvest,Gold Line Intl,538180,
INE669A01022,GSTK509069,Infomedia Press,Infomedia Press,509069,INFOMEDIA
INE196J01019,GSTK533008,OCL Iron and Steel,OCL Iron and Steel,533008,OISL
INE263L01013,GSTK533411,Sanghvi Forging & Engineering,Sanghvi Forging&Engg,533411,SANGHVIFOR
INE143H01015,GSTK532997,KSK Energy Ventures,Ksk Energy Ven,532997,KSK
INE560F01022,GSTK532154,Johnson Pharmacare,Johnson Pharmacare,532154,
INE924A01013,GSTK500370,Salora International,Salora International,500370,
INE004C01028,GSTK514386,Gujarat Cotex,Gujarat Cotex,514386,
INE858Q01019,GSTK539938,Medico Intercontinental,Medico Intercont,539938,
INE786E01018,GSTK531968,IITL Projects,IITL Projects,531968,
INE398L01017,GSTK541005,Kanco Tea & Industries,Kanco Tea & Inds.,541005,
INE266P01017,GSTK538382,West Leisure Resorts,West Leisure,538382,
INE01BT01015,GSTK543934,Machhar Industries,Machhar Industries,543934,
INE756R01013,GSTK539012,Megri Soft,Megri Soft,539012,
INE224D01012,GSTK530953,Sunil Agro Foods,Sunil Agro Foods,530953,
INE606C01012,GSTK531212,Nalin Lease Finance,Nalin Lease Finance,531212,
INE502D01011,GSTK523752,Trans India House Impex Ltd,Trans Ind Hous Impex,523752,
INE777C01011,GSTK511543,GSB Finance,GSB Finance,511543,
INE635I01018,GSTK511176,Parshwanath Corporation,Parshwanath Corp,511176,
INE579N01018,GSTK539267,Samsrita Labs,Samsrita Labs,539267,
INE201C01012,GSTK539435,Richfield Financial Services,Richfield Fin Sers,539435,
INE753D01010,GSTK508961,Shricon Industries,Shricon Industries,508961,
INE925Q01024,GSTK540063,ECS Biztech,ECS Biztech,540063,
INE723C01015,GSTK538935,Abhishek Finlease,Abhishek Finlease,538935,
INE981C01019,GSTK532007,Shreevatsaa Finance & Leasing,Shreevatsaa Finance,532007,
INE894A01026,GSTK512247,Ashirwad Capital,Ashirwad Capital,512247,
INE848R01018,GSTK539378,Soni Medicare,Soni Medicare,539378,
INE788M01017,GSTK508571,The Cochin Malabar Estates and Industries,Cochin Malabar,508571,
INE131H01028,GSTK501700,IndiaNivesh,IndiaNivesh,501700,
INE472D01017,GSTK506981,Blue Chip Tex Industries,Blue Chip Tex Inds,506981,
INE517D01019,GSTK514128,Konark Synthetic,Konark Synthetic,514128,
INE923Y01023,GSTK540953,Kenvi Jewels,Kenvi Jewels,540953,
INE089T01023,GSTK504648,Bombay Wire Ropes,Bombay Wire Ropes,504648,
INE603F01012,GSTK531416,Narendra Properties,Narendra Properties,531416,
INE907E01010,GSTK531227,Deco-mica,Deco-mica,531227,
INE874E01012,GSTK539681,Dynamic Archistructures,Dynamic Archistruct,539681,
INE345U01019,GSTK540066,AMS Polymers,AMS Polymers,540066,
INE729C01020,GSTK538647,Purshottam Investofin,Purshottam Investofin,538647,
INE247C01023,GSTK534741,Virtual Global Education,Virtual Global Edu,534741,
INE866D01010,GSTK531503,Maris Spinners,Maris Spinners,531503,
INE022B01014,GSTK532097,Mukand Engineers,Mukand Engineers,532097,MUKANDENGG
INE811D01024,GSTK505343,Monotype India,Monotype India,505343,
INE084C01012,GSTK526687,Polo Hotels,Polo Hotels,526687,
INE830D01016,GSTK514484,Thambbi Modern Spinning Mills,TMSML,514484,
INE829R01018,GSTK539230,Chemiesynth (Vapi),Chemiesynth (Vapi),539230,
INE060J01017,GSTK533638,Flexituff Ventures International,Flexituff Ventures,533638,FLEXITUFF
INE601C01013,GSTK500246,Envair Electrodyne,Envair Electrodyne,500246,
INE894J01019,GSTK539409,Neeraj Paper Marketing,Neeraj Paper Marketing,539409,
INE004E01016,GSTK524727,Span Divergent,Span Divergent,524727,
INE370C01015,GSTK531870,Popular Estate Management,Popular Estate,531870,
INE731G01027,GSTK535730,Khoobsurat,Khoobsurat,535730,
INE526H01011,GSTK530401,Vinyoflex,Vinyoflex,530401,
INE428P01013,GSTK530361,Prabhhans Industries,Prabhhans Inds,530361,
INE074H01012,GSTK531930,Sarthak Industries,Sarthak Inds,531930,
INE419E01024,GSTK521149,Prime Urban Development India,Prime Urban Dev,521149,
INE523I01016,GSTK531437,Prakash Woollen & Synthetic Mills,Prakash Woollen,531437,
INE919B01011,GSTK524522,Laffans Petrochemicals,Laffans Petrochem,524522,
INE766D01020,GSTK539494,Smart Finsec,Smart Finsec,539494,
INE363D01018,GSTK521131,Shree Bhavya Fabrics Ltd,Shree Bhavya Fabrics,521131,
INE502C01039,GSTK504180,Standard Batteries,Standard Batteries,504180,
INE475C01012,GSTK531324,Roselabs Finance,Roselabs Fin,531324,
INE618D01015,GSTK506003,Sudal Industries,Sudal Industries,506003,
INE783A01013,GSTK500358,Rama Petrochemicals,Rama Petrochem.,500358,
INE483D01014,GSTK531583,Rap Corp,Rap Corp,531583,
INE656B01027,GSTK530095,Pradhin,Pradhin,530095,
INE351D01013,GSTK514177,Impera Worldwide,Impera Worldwide,514177,
INE773D01018,GSTK526139,Transgene Biotek,Transgene Biotek,526139,
INE01K301012,GSTK542682,Harish Textile Engineers,Harish Textile,542682,
INE844C01027,GSTK500450,MPIL Corporation,MPIL Corporation,500450,
INE822B01017,GSTK519532,Asian Tea & Exports,Asian Tea & Export,519532,
INE661Q01017,GSTK538918,Vani Commercials,Vani Commercials,538918,
INE281M01013,GSTK531402,LWS Knitwear,LWS Knitwear,531402,
INE810M01019,GSTK524434,Asian Petro Products and Exports,Asian Petro Products,524434,
INE047E01031,GSTK511092,JMD Ventures,JMD Ventures,511092,
INE800K01014,GSTK508867,New Markets Avenue,New Markets Avenue,508867,
INE414L01012,GSTK531819,Nuway Organic Naturals India,Nuway Organic,531819,
INE808C01014,GSTK532035,Unistar Multimedia,Unistar Multimedia,532035,
INE015E01012,GSTK531255,Paragon Finance,Paragon Finance,531255,
INE806D01016,GSTK524400,Ishita Drugs & Industries,Ishita Drugs & Inds,524400,
INE348D01019,GSTK531821,Munoth Financial Services,Munoth Fin Serv,531821,
INE373E01015,GSTK513422,Bloom Industries,Bloom Industries,513422,
INE404L01039,GSTK531502,Esaar (India),Esaar India,531502,
INE199D01016,GSTK523566,Martin Burn,Martin Burn,523566,
INE651D01016,GSTK507966,Ras Resorts & Apart Hotels,Ras Resorts,507966,
INE058D01030,GSTK505840,Jaipan Industries,Jaipan Industries,505840,
INE470N01010,GSTK507486,Caprolactam Chemicals,Caprolactam Chem,507486,
INE646D01024,GSTK532114,Alchemist Realty,Alchemist Realty,532114,
INE646X01014,GSTK540824,Astron Paper & Board Mill,Astron Paper & Board,540824,ASTRON
INE417F01017,GSTK530907,SI Capital & Financial Services,SI Capital,530907,
INE250G01010,GSTK541503,Unick Fix-A-Form & Printers,Unick Fix-A-Form,541503,
INE308N01012,GSTK513498,Southern Magnesium & Chemicals,Southern Magnesium,513498,
INE356F01017,GSTK530405,Jindal Capital,Jindal Capital,530405,
INE790C01014,GSTK514326,Patspin India,Patspin India,514326,
INE671T01028,GSTK539884,Darshan Orna,Darshan Orna,539884,
INE654B01014,GSTK520127,Balurghat Technologies,Balurghat Tech,520127,
INE051N01026,GSTK539470,Shree Ganesh BioTech India,Shree Ganesh BioTech,539470,
INE838C01011,GSTK530821,SSPDL,SSPDL,530821,
INE946K01023,GSTK511016,Premier Capital Services,Premier Capital Serv,511016,
INE344D01018,GSTK511131,Kamanwala Housing Construction,Kamanwala Housing,511131,
INE0GTX01019,GSTK543540,Pearl Green Clubs And Resorts,Pearl Green Clubs,543540,
INE610B01024,GSTK523836,Gujarat Raffia Industries,Gujarat Raffia Inds,523836,GUJRAFFIA
INE702E01015,GSTK524210,Pentokey Organy (India),Pentokey Organy,524210,
INE079C01012,GSTK539599,Kotia Enterprises,Kotia Enterprises,539599,
INE079L01013,GSTK522245,Iykot Hitech Toolroom,Iykot Hitech,522245,
INE602C01011,GSTK532304,KJMC Corporate Advisors (India),KJMC Corp Advisors,532304,
INE094E01017,GSTK511758,Mansi Finance (Chennai),Mansi Finance,511758,
INE635A01023,GSTK517411,Shyam Telecom,Shyam Telecom,517411,SHYAMTEL
INE050L01048,GSTK533602,Lesha Industries,Lesha Industries,533602,
INE738P01015,GSTK539174,Helpage Finlease,Helpage Finlease,539174,
INE564B01015,GSTK531980,Senthil Infotek,Senthil Infotek,531980,
INE548D01014,GSTK526755,Velan Hotels,Velan Hotels,526755,
INE146H01018,GSTK532001,Inducto Steels,Inducto Steels,532001,
INE106C01013,GSTK514266,Zenith Fibres,Zenith Fibres,514266,
INE689V01018,GSTK517360,SBEC Systems (India),SBEC Sys.,517360,
INE173J01018,GSTK523222,SRM Energy,SRM Energy,523222,
INE299W01022,GSTK541735,Vivanta Industries,Vivanta Industries,541735,
INE216I01017,GSTK514332,Neo Infracon,Neo Infracon,514332,
INE914B01012,GSTK531962,Shree Metalloys,Shree Metalloys,531962,
INE393F01010,GSTK534338,Max Heights Infrastructure,Max Heights Infrast.,534338,
INE778N01016,GSTK509046,Triliance Polymers,Triliance Polymers,509046,
INE778A01021,GSTK526576,TechIndia Nirman,TechIndia Nirman,526576,TECHIN
INE060N01019,GSTK531262,Surya Industrial Corporation,Surya Industrial,531262,
INE732D01014,GSTK505320,Lynx Machinery & Commercials,Lynx Machinery,505320,
INE319U01022,GSTK540597,Containerway International,Containerway Intl,540597,
INE493H01014,GSTK532723,MPDL,MPDL,532723,
INE193D01019,GSTK531553,Disha Resources,Disha Resources,531553,
INE033E01015,GSTK526251,Mideast Portfolio Management,Mideast Portfolio Mgmt,526251,
INE293B01029,GSTK531322,Sri Havisha Hospitality & Infrastructure,Sri Havisha Hosp,531322,HAVISHA
INE0D2I01014,GSTK543595,EP Biocomposites,EP Biocomposites,543595,
INE642P01019,GSTK539900,Dalmia Industrial Development,Dalmia Industrial Dev,539900,
INE448D01025,GSTK531395,Padam Cotton Yarns,Padam Cotton Yarns,531395,
INE0US801024,GSTK544233,Mahalaxmi Fabric Mills,Mahalaxmi Fabric,544233,MFML
INE099C01010,GSTK500051,Bhagawati Gas Ltd.,Bhagawati Gas,500051,
INE134U01017,GSTK502460,Solid Containers,Solid Containers,502460,
INE948I01015,GSTK530537,Manraj Housing Finance,Manraj Housing Fin,530537,
INE981B01011,GSTK517330,CMI,CMI,517330,CMICABLES
INE898E01011,GSTK517320,Magnus Steel And Infra,Magnus Steel & Infra,517320,
INE611C01020,GSTK513295,IMEC Services,IMEC Services,513295,
INE771C01014,GSTK542906,Easun Capital Markets,Easun Cap Markets,542906,
INE466D01019,GSTK522267,Veejay Lakshmi Engineering Works,Veejay Lakshmi Engg,522267,
INE368C01019,GSTK531319,Maruti Global Industries,Maruti Global Indust,531319,
INE003B01014,GSTK530259,Interstate Oil Carrier,Interstate Oil,530259,
INE469C01023,GSTK515059,Madhusudan Industries,Madhusudan Inds.,515059,
INE862C01029,GSTK523832,Mukat Pipes,Mukat Pipes,523832,
INE404F01031,GSTK538597,TTI Enterprise,TTI Enterprise,538597,
INE425E01013,GSTK500357,Rama Paper Mills,Rama Paper Mills,500357,
INE469F01026,GSTK531784,KCL Infra Projects,KCL Infra Projects,531784,
INE096A01010,GSTK500014,Utique Enterprises,Utique Enterprises,500014,
INE027F01014,GSTK532217,Siel Financial Services,Siel Financial Serv,532217,
INE681D01039,GSTK531512,Orient Tradelink,Orient Tradelink,531512,
INE836C01015,GSTK538568,Fruition Venture,Fruition Venture,538568,
INE908C01012,GSTK526373,Cindrella Hotels,Cindrella Hotels,526373,
INE384D01022,GSTK516096,Sangal Papers,Sangal Papers,516096,
INE234G01022,GSTK534755,Trio Mercantile & Trading,Trio Mercantile,534755,
INE685D01022,GSTK512175,VAMA Industries,VAMA Industries,512175,
INE272E01027,GSTK505523,Maharashtra Corporation,Maharashtra Corp,505523,
INE067E01013,GSTK513575,Sterling Powergensys,Sterling Powergensys,513575,
INE918C01029,GSTK538788,Gilada Finance & Investments,Gilada Finance,538788,
INE994R01028,GSTK540821,Crystal Business System,Crystal Business Sys,540821,
INE154G01022,GSTK531015,Venmax Drugs & Pharmaceuticals,Venmax Drugs,531015,
INE621I01042,GSTK540023,Colorchips New Media,Colorchips Media,540023,
INE183U01022,GSTK512591,Pulsar International,Pulsar International,512591,
INE014B01011,GSTK506680,Tecil Chemicals and Hydro Power,Tecil Chemical,506680,TECILCHEM
INE099D01026,GSTK538610,Unison Metals,Unison Metals,538610,
INE057Q01018,GSTK530675,York Exports,York Exports,530675,
INE309H01038,GSTK531025,Visagar Financial Services,Visagar Financial,531025,
INE412E01011,GSTK531157,Organic Coatings,Organic Coatings,531157,
INE546F01013,GSTK530697,Zenlabs Ethica,Zenlabs Ethica,530697,
INE380C01014,GSTK530369,Vamshi Rubber,Vamshi Rubber,530369,
INE001F01019,GSTK513303,Modern Steel,Modern Steel,513303,
INE143I01013,GSTK507970,Paramount Cosmetics (India),Paramount Cosmetic,507970,
INE255E01030,GSTK503657,Veer Energy & Infrastructure,Veer Energy,503657,
INE425A01011,GSTK513335,Metalyst Forgings,Metalyst Forgings,513335,METALFORGE
INE871L01013,GSTK540083,TV Vision,TV Vision,540083,TVVISION
INE062C01042,GSTK530263,Global Capital Markets,Global Capital,530263,
INE830A01012,GSTK530829,CIL Securities,CIL Securities,530829,
INE931B01016,GSTK526761,Howard Hotels,Howard Hotels,526761,
INE825D01016,GSTK526508,Shahi Shipping,Shahi Shipping,526508,
INE396H01019,GSTK531099,Centuple Global,Centuple Global,531099,
INE474D01013,GSTK531436,Saffron Industries,Saffron Industries,531436,
INE864D01015,GSTK531539,Rishabh Digha Steel & Allied Products,Rishabh Digha Steel,531539,
INE169F01014,GSTK522289,NMS Global,NMS Global,522289,
INE755J01012,GSTK531902,Gallops Enterprise,Gallops Enterprise,531902,
INE118C01018,GSTK530779,Dynamic Portfolio Management & Services,Dynamic Portfolio,530779,
INE723N01012,GSTK531246,Prima Industries,Prima Industries,531246,
INE217E01014,GSTK539946,Bazel International,Bazel International,539946,
INE700V01021,GSTK540147,Shashijit Infraprojects,Shashijit Infra,540147,
INE117C01010,GSTK521210,Cityman,Cityman,521210,
INE643D01013,GSTK512024,ND Metal Industries,ND Metal Industries,512024,
INE01B501018,GSTK541865,Add-Shop E-Retail,Add-Shop E-Retail,541865,
INE900E01015,GSTK521048,Advance Lifestyles,Advance Lifestyles,521048,
INE414C01045,GSTK531737,Greencrest Financial Services,Greencrest Fin Serv,531737,
INE980D01019,GSTK521226,Uniroyal Industries,Uniroyal Industries,521226,
INE989S01042,GSTK540386,Ontic Finserve,Ontic Finserve,540386,
INE508J01015,GSTK531582,Beryl Securities,Beryl Securities,531582,
INE229B01015,GSTK530713,Ajel,Ajel,530713,
INE810C01044,GSTK516098,Ventura Textiles,Ventura Textiles,516098,
INE731B01010,GSTK532145,HS India,HS India,532145,
INE581D01015,GSTK512565,Neelkanth,Neelkanth,512565,
INE769D01016,GSTK512624,Regent Enterprises,Regent Enterprises,512624,
INE427D01011,GSTK531360,Golechha Global Finance,Golechha Global,531360,
INE482O01021,GSTK521105,Olympia Industries,Olympia Industries,521105,
INE125F01032,GSTK530805,Onesource Industries And Ventures,Onesource Inds.& Ven,530805,
INE092301014,GSTK519574,Hindustan Agrigentics,Hindustan Agri,519574,
INE973X01012,GSTK540727,Poojawestern Metaliks,Poojawestern Metaliks,540727,
INE812B01026,GSTK530665,Zenith Healthcare,Zenith Healthcare,530665,
INE248B01023,GSTK531893,Sawaca Enterprises,Sawaca Enterprises,531893,
INE488C01015,GSTK511493,Shrydus Industries,Shrydus Industries,511493,
INE693E01016,GSTK506520,Jayshree Chemicals,Jayshree Chemicals,506520,
INE204D01022,GSTK524038,Venlon Enterprises,Venlon Enterprises,524038,
INE721D01017,GSTK530469,GSL Securities,GSL Securities,530469,
INE256G01033,GSTK530151,Vijay Textiles,Vijay Textiles,530151,
INE026C01013,GSTK511535,NDA Securities,NDA Securities,511535,
INE229N01010,GSTK514060,Newtrac Foods & Beverages,Newtrac Foods & Beve,514060,
INE332Q01023,GSTK539679,Kapil Raj Finance,Kapil Raj Finance,539679,
INE977E01013,GSTK508980,Frontier Capital,Frontier Capital,508980,
INE874F01027,GSTK590070,Radaan Media Works India,Radaan Media Works,590070,RADAAN
INE022C01012,GSTK521014,Eurotex Industries & Exports,Eurotex Industries,521014,EUROTEXIND
INE149D01011,GSTK531887,Tacent Projects,Tacent Projects,531887,
INE104S01022,GSTK539584,Sharanam Infraproject & Trading,Sharanam Infra,539584,
INE737C01023,GSTK524576,Vivid Global Industries,Vivid Global Inds,524576,
INE448A01013,GSTK500029,Autolite (India),Autolite India,500029,AUTOLITIND
INE602K01014,GSTK533157,Syncom Healthcare,Syncom Healthcare,533157,SYNCOM
INE863D01017,GSTK531572,Ranjit Securities,Ranjit Securities,531572,
INE540A01017,GSTK500174,Gujarat Lease Financing,Gujarat Lease Fin,500174,GLFL
INE413X01035,GSTK540615,7NR Retail,7NR Retail,540615,
INE501C01015,GSTK532167,Omkar Pharmachem,Omkar Pharmachem,532167,
INE500D01015,GSTK531346,Eastern Treads,Eastern Treads,531346,
INE463B01036,GSTK537985,Infronics Systems,Infronics Systems,537985,
INE138O01029,GSTK536709,Ind Renewable Energy,Ind Renewable,536709,
INE930A01010,GSTK531178,Hemang Resources,Hemang Resources,531178,
INE733N01011,GSTK503626,Manglam Global Corporations,Manglam Global Corp.,503626,
INE587D01012,GSTK513401,Ashiana Ispat,Ashiana Ispat,513401,
INE397C01026,GSTK538975,Shree Securities,Shree Securities,538975,
INE118B01010,GSTK526477,South Asian Enterprises,South Asian Entr,526477,
INE292D01019,GSTK521242,Kandagiri Spinning Millis,Kandagiri Spinning,521242,
INE754B01012,GSTK531552,RTCL,RTCL,531552,
INE635D01027,GSTK531129,Inani Marbles & Industries,Inani Marbles & Inds,531129,
INE216B01012,GSTK511601,Yash Management & Satellite,Yash Management,511601,
INE092D01013,GSTK532042,Frontline Corporation,FCL,532042,
INE944C01017,GSTK526891,Market Creators,Mrkt Creators,526891,
INE029B01019,GSTK538922,COSYN,COSYN,538922,
INE160H01019,GSTK532676,PBA Infrastructure,PBA Infrastructure,532676,
INE910D01024,GSTK511246,Bombay Talkies,Bombay Talkies,511246,
INE205F01016,GSTK513173,Steel Strips Infrastructures,Steel Strips Infra,513173,
INE900A01013,GSTK511501,Bharat Bhushan Finance & Commodity Brokers,Bharat Bhushan Fin,511501,
INE716K01020,GSTK526532,Square Four Projects India,Square Four,526532,
INE487G01018,GSTK530141,Gyan Developers & Builders,Gyan Developers,530141,
INE583K01016,GSTK539291,Vasudhagama Enterprises,Vasudhagama Enterprs,539291,
INE584C01011,GSTK523062,JJ Finance Corporation,JJ Finance,523062,
INE06LG01010,GSTK542654,VR Films & Studios,VR Films & Studios,542654,
INE316O01021,GSTK523896,AVI Products India,AVI Products India,523896,
INE868G01019,GSTK538609,Gajanan Securities Services,Gajanan Securities,538609,
INE057D01016,GSTK531409,Alchemist Corporation,Alchemist Corporation,531409,
INE154M01012,GSTK501351,Rapid Investments,Rapid Investments,501351,
INE501L01024,GSTK513430,Maitri Enterprises,Maitri Enterprises,513430,
INE807D01030,GSTK532092,Epuja Spiritech,Epuja Spiritech,532092,
INE798E01013,GSTK507938,Manipal Finance Corp,Manipal Fin Corp,507938,
INE023S01016,GSTK539225,Jiya Eco-Products,Jiya Eco-Products,539225,JIYAECO
INE342A01018,GSTK500540,Premier,Premier,500540,PREMIER
INE379C01016,GSTK531088,Tulip Star Hotels,Tulip Star Hotels,531088,
INE092O01028,GSTK526075,Rekvina Laboratories,Rekvina Laboratories,526075,
INE657B01025,GSTK531936,Blue Chip India,Blue Chip India,531936,BLUECHIP
INE370E01029,GSTK506146,Visagar Polytex,Visagar Polytex,506146,VIVIDHA
INE614R01014,GSTK505685,Taparia Tools,Taparia Tools,505685,
INE373D01017,GSTK531341,Ashtasidhhi Industries,Ashtasidhhi Indus.,531341,
INE075K01013,GSTK538539,Annvrridhhi Ventures,Annvrridhhi Ventures,538539,
INE890N01027,GSTK536073,Julien Agro Infratech,Julien Agro Infra,536073,
INE376L01013,GSTK514028,Rajkamal Synthetics,Rajkamal Synthetic,514028,
INE749B01020,GSTK539287,Ortin Global,Ortin Global,539287,ORTINGLOBE
INE838Z01012,GSTK541444,PALM Jewels,PALM Jewels,541444,
INE821D01031,GSTK531228,Rander Corporation,Rander Corporation,531228,
INE638D01021,GSTK523594,Kunststofe Industries,Kunststofe Inds,523594,
INE00Q901014,GSTK542034,SM Gold,SM Gold,542034,
INE410M01018,GSTK514454,Southern Latex,Southern Latex,514454,
INE883D01023,GSTK530357,KBS India,KBS India,530357,
INE190F01028,GSTK509015,Thakral Services (India),TSIL,509015,
INE623D01015,GSTK531509,Step Two Corporation,Step Two Corporation,531509,
INE759V01019,GSTK540210,Mandhana Retail Ventures,Mandhana Retail,540210,HEADSUP
INE401B01010,GSTK538273,Response Informatics,Response Informatics,538273,
INE358D01018,GSTK519483,Tai Industries,Tai Industries,519483,
INE146N01016,GSTK516110,Family Care Hospitals,Family Care Hospital,516110,
INE572Z01017,GSTK541771,Amin Tannery,Amin Tannery,541771,
INE063601012,GSTK542918,Gian Life Care,Gian Life Care,542918,
INE457H01027,GSTK533018,Simplex Mills Company,Simplex Mills Co.,533018,
INE628F01019,GSTK531505,Indergiri Finance,Indergiri Finance,531505,
INE578L01014,GSTK539189,Adhbhut Infrastructure,Adhbhut Infra,539189,
INE516D01011,GSTK531413,Kiran Print Pack,Kiran Print Pack,531413,
INE755B01019,GSTK533790,KGN Enterprises,KGN Enterprises,533790,
INE065B01013,GSTK517571,IMP Powers,IMP Powers,517571,INDLMETER
INE196B01016,GSTK512289,Shirpur Gold Refinery,ShirpurGold Refinery,512289,SHIRPUR-G
INE290M01022,GSTK531192,Midas Infra Trade,Midas Infra Trade,531192,
INE101E01010,GSTK531033,Regal Entertainement and Consultants,Regal Entertainement,531033,
INE172H01014,GSTK532692,Radha Madhav Corporation,Radha Madhav Corp,532692,RMCL
INE240C01028,GSTK532398,Usha Martin Education & Solutions,Usha Martin Edu,532398,UMESLTD
INE440L01017,GSTK533629,Tijaria Polypipes,Tijaria Polypipes,533629,TIJARIA
INE674M01019,GSTK531274,Kinetic Trust,Kinetic Trust,531274,
INE0GX601011,GSTK543282,NIKS Technology,NIKS Technology,543282,
INE207C01019,GSTK514113,Adinath Textiles,Adinath Textiles,514113,
INE167B01025,GSTK517356,ACI Infocom,ACI Infocom,517356,
INE784M01016,GSTK530899,Asia Pack,Asia Pack,530899,
INE153K01018,GSTK530167,Moongipa Capital Finance,Moongipa Capital,530167,
INE204S01012,GSTK539814,Le Lavoir,Le Lavoir,539814,
INE240B01012,GSTK511377,Mehta Integrated Finance,Mehta Integrated Fin,511377,
INE438C01010,GSTK540703,Provestment Services,Provestment Serv,540703,
INE959D01013,GSTK523826,Sovereign Diamonds,Sovereign Diamonds,523826,
INE011B01017,GSTK530839,Clio Infotech,Clio Infotech,530839,
INE858C01027,GSTK531091,United Credit,United Credit,531091,
INE897B01019,GSTK539384,Krishna Capital & Securities,Krishna Capital,539384,
INE948K01011,GSTK503659,SW Investments,SW Invstmnts,503659,
INE396C01010,GSTK539016,Neil Industries,Neil Industries,539016,
INE334N01018,GSTK506947,Advance Petrochemicals,Advance Petrochem,506947,
INE03DD01011,GSTK544197,JHS Svendgaard Retail Ventures,JHS Svendgaard Retl,544197,RETAIL
INE835U01027,GSTK540243,New Light Industries,New Light Industries,540243,
INE0URU01010,GSTK544234,Globale Tessile,Globale Tessile,544234,GLOBALE
INE092C01015,GSTK513403,PM Telelinks,PM Telelinks,513403,
INE456N01019,GSTK534691,Comfort Commotrade,Comfort Commotrade,534691,
INE509J01013,GSTK503669,KK Fincorp,KK Fincorp,503669,
INE356C01022,GSTK519500,BKV Industries,BKV Industries,519500,
INE744C01029,GSTK524414,Norris Medicines,Norris Medicines,524414,
INE602D01027,GSTK521222,Sanblue Corporation,Sanblue Corporation,521222,
INE444D01016,GSTK530119,Natraj Proteins,Natraj Proteins,530119,
INE607G01011,GSTK530025,Samyak International,Samyak Intl,530025,
INE607L01029,GSTK533321,BIL Energy Systems,BIL Energy Systems,533321,BILENERGY
INE904D01019,GSTK524689,Parenteral Drugs (India),Parenteral Drugs,524689,PDPL
INE068D01021,GSTK532282,Castex Technologies,Castex Tech,532282,
INE090C01019,GSTK513151,STI India,STI India,513151,STINDIA
INE550U01014,GSTK540823,Vitesse Agro,Vitesse Agro,540823,
INE404N01019,GSTK503622,SV Trading & Agencies,SV Trading,503622,
INE092P01017,GSTK506178,Velox Industries,Velox Industries,506178,
INE682B01023,GSTK539149,Integrated Capital Services,Integrated Capital,539149,
INE584G01012,GSTK513699,Solid Stone Co,Solid Stone Co,513699,
INE848N01017,GSTK539190,Decillion Finance,Decillion Fin,539190,
INE487B01019,GSTK531834,Natura Hue Chem,Natura Hue Chem,531834,
INE910B01028,GSTK523151,OTCO International,OTCO International,523151,
INE560D01027,GSTK531411,Tuni Textile Mills,Tuni Textile Mills,531411,
INE108C01019,GSTK530171,Daulat Securities,Daulat Securities,530171,
INE822Q01015,GSTK539124,Sarvottam Finvest,Sarvottam Finvest,539124,
INE904R01027,GSTK539097,UR Sugar Industries,UR Sugar Industries,539097,
INE142K01011,GSTK534532,Aurus Gem Corporation,Aurus Gem Corp,534532,AURUS
INE561E01015,GSTK531506,Shukra Bullions,Shukra Bullions,531506,
INE538D01015,GSTK516106,Shree Karthik Papers,Shree Karthik Papers,516106,
INE610C01014,GSTK526662,Rajdarshan Industries,Rajdarshan Inds,526662,ARENTERP
INE059E01010,GSTK531778,Kachchh Minerals,Kachchh Minerals,531778,
INE554R01020,GSTK538928,Karnavati Finance,Karnavati Finance,538928,
INE549B01016,GSTK508956,HB Leasing & Finance Company,HB Leasing,508956,
INE003F01015,GSTK501477,Muller & Phipps (India),Muller & Phipps,501477,
INE117S01016,GSTK542938,Octavius Plantations,Octavius Plantations,542938,
INE601N01010,GSTK519191,Jolly Merchants,Jolly Merchants,519191,
INE512A01016,GSTK500142,FGP,FGP,500142,
INE456B01014,GSTK532100,Indo-City Infotech,Indo-City Infotech,532100,
INE168O01026,GSTK535431,GCM Securities,GCM Securities,535431,
INE192C01013,GSTK531574,Vas Infrastructure,Vas Infra,531574,
INE962B01011,GSTK500192,Prag Bosimi Synthetics,Prag Bosimi Syn,500192,
INE490Z01012,GSTK542865,Anuroop Packaging,Anuroop Packaging,542865,
INE022F01015,GSTK531240,Shamrock Industrial Company,Shamrock Inds Co,531240,
INE945J01027,GSTK503641,Zodiac Ventures,Zodiac Ventures,503641,
INE423K01015,GSTK506935,Continental Chemicals,CCL,506935,
INE360D01014,GSTK513063,Trans Freight Containers,Trans Freight,513063,
INE565E01016,GSTK519604,Suryo Foods & Industries,Suryo Foods,519604,
INE855P01041,GSTK538452,Quasar India,Quasar India,538452,
INE905C01034,GSTK500178,Harig Crankshafts,Harig Crankshafts,500178,
INE776R01011,GSTK531685,Frontline Financial Services,Frontline Financial,531685,
INE761R01013,GSTK539468,Typhoon Financial Services,Typhoon Financial,539468,
INE202A01022,GSTK500329,Pentamedia Graphics,Pentamedia Graphic,500329,PENTSFWARE
INE176C01016,GSTK526093,Sathavahana Ispat,Sathavahana Ispat,526093,SATHAISPAT
INE446E01019,GSTK539253,Surya India,Surya India,539253,
INE088E01019,GSTK509024,Golden Legand Leasing & Finance,Golden Legand,509024,
INE497C01016,GSTK516062,National Plywood Industries,National Plywood Inds,516062,
INE086E01021,GSTK508996,Satra Properties (India),Satra Properties,508996,
INE857P01021,GSTK538520,Shivamshree Businesses,Shivamshree Business,538520,
INE115E01010,GSTK517077,Ind Agiv Commerce,Ind Agiv Commerce,517077,
INE230B01021,GSTK532392,Creative Eye,Creative Eye,532392,CREATIVEYE
INE819G01012,GSTK531203,Tradewell Holdings,Tradewell Hldg,531203,
INE01MO01013,GSTK542677,Mahesh Developers,Mahesh Developers,542677,
INE075H01019,GSTK530993,Sarthak Global,Sarthak Global,530993,
INE008N01018,GSTK526675,Tirth Plastic,Tirth Plastic,526675,
INE546D01018,GSTK531644,Tokyo Finance,Tokyo Finance,531644,
INE795E01019,GSTK526869,Kumbhat Financial Services,Kumbhat Financial,526869,
INE382B01012,GSTK532131,Triumph International Finance India,Triumph Intl Fin,532131,
INE234E01027,GSTK511636,DJS Stock & Shares,DJS Stock & Shares,511636,
INE181D01014,GSTK524055,Panther Industrial Products,Panther Inds Prod,524055,
INE255C01026,GSTK504697,Galada Power & Telecommunication,GPTL,504697,
INE516E01019,GSTK538742,Panabyte Technologies,Panabyte Technologs,538742,
INE018S01016,GSTK543256,Rita Finance & Leasing,Rita Finance,543256,
INE213U01019,GSTK540026,Ladam Affordable Housing,Ladam Affordable,540026,
INE146C01019,GSTK513713,White Organic Agro,White Organic Agro,513713,
INE634B01016,GSTK524768,Emmessar Biotech & Nutrition,EBNL,524768,
INE446D01011,GSTK530127,NPR Finance,NPR Finance,530127,
INE707B01010,GSTK514264,Seasons Textiles,Seasons Textiles,514264,
INE131D01019,GSTK531758,GK Consultants,GK Consultants,531758,
INE243E01010,GSTK538881,Galada Finance,Galada Finance,538881,
INE960Z01014,GSTK541634,RAW Edge Industrial Solutions,RAW Edge Industrial,541634,
INE05QJ01015,GSTK542666,GKP Printing & Packaging,GKP Printing,542666,
INE612D01018,GSTK530035,Santosh Fine Fab,Santosh Fine Fab,530035,
INE892C01018,GSTK538857,Scintilla Commercial & Credit,Scintilla Commercial,538857,
INE905P01028,GSTK537766,BC Power Controls,BC Power Controls,537766,
INE309B01023,GSTK532359,Hit Kit Global Solutions,Hit Kit Global,532359,
INE381N01019,GSTK511185,Rajvi Logitrade,Rajvi Logitrade,511185,
INE345Q01017,GSTK539224,HCKK Ventures,HCKK Ventures,539224,
INE925D01014,GSTK509563,Garware Marine Industries,Garware Marine,509563,
INE997C01015,GSTK538787,Goenka Business & Finance,Goenka Business,538787,
INE452S01025,GSTK539526,Suncare Traders,Suncare Traders,539526,
INE629F01025,GSTK530201,Kallam Textiles,Kallam Textiles,530201,
INE639C01013,GSTK530111,Raj Packaging Industries,Raj Packaging Inds,530111,
INE814L01013,GSTK521062,Perfect-Octave Media Projects,Perfect-Octave,521062,
INE347H01012,GSTK532745,Inditrade Capital,Inditrade Capital,532745,
INE441C01014,GSTK520141,Sibar Auto Parts,Sibar Auto Parts,520141,
INE687W01010,GSTK519064,Khandelwal Extractions,Khandelwal Extract,519064,
INE063Z01017,GSTK540936,Gautam Gems,Gautam Gems,540936,
INE422D01012,GSTK501148,Dalal Street Investments,Dalal Street Invst,501148,
INE244C01020,GSTK526622,MFL India,MFL India,526622,
INE110Q01023,GSTK514197,S & T Corporation,S & T Corporation,514197,
INE313D01013,GSTK530047,Mohota Industries,Mohota Industries,530047,MOHOTAIND
INE804Q01013,GSTK540266,Globe Commercials,Globe Commercials,540266,
INE909C01010,GSTK507508,Riga Sugar Co,Riga Sugar Co,507508,
INE906C01016,GSTK519285,Tarai Foods,Tarai Foods,519285,
INE891B01012,GSTK511611,DCM Financial Services,DCM Financial Serv,511611,DCMFINSERV
INE062E01014,GSTK519439,Pioneer Agro Extracts,Pioneer Agro Extracts,519439,
INE093B01015,GSTK530715,Alps Industries,Alps Industries,530715,ALPSINDUS
INE494D01011,GSTK531235,Citi Port Financial Services,Citi Port Fin Serv,531235,
INE721C01019,GSTK539492,Garbi Finvest,Garbi Finvest,539492,
INE421E01012,GSTK531265,Progrex Ventures,Progrex Ventures,531265,
INE320M01019,GSTK506365,Starsource Multitrade,Starsource Multitrad,506365,
INE654D01010,GSTK511563,Sanchay Finvest,Sanchay Finvest,511563,
INE764B01029,GSTK530445,Sumeru Industries,Sumeru Industries,530445,
INE100C01024,GSTK531613,Meyer Apparel,Meyer Apparel,531613,
INE06MM01016,GSTK543207,Natural Biocon (India),Natural Biocon,543207,
INE844D01017,GSTK523782,Mitshi India,Mitshi India,523782,
INE706D01018,GSTK502893,United Interactive,United Interactive,502893,
INE507D01010,GSTK531594,Incon Engineers,Incon Engineers,531594,
INE762D01011,GSTK512064,Vishvprabha Ventures,VVL,512064,
INE302F01011,GSTK524748,Link Pharma Chem Limited,Link Pharmachem,524748,
INE931D01020,GSTK521206,Samtex Fashions,Samtex Fashions,521206,
INE443E01016,GSTK521234,Sri Nachammai Cotton Mills,Sri Nachammai Mills,521234,
INE593O01017,GSTK526001,Jauss Polymers,Jauss Polymers,526001,
INE508N01025,GSTK538422,Jackson Investments,Jackson Investments,538422,
INE367E01033,GSTK509423,Sanathnagar Enterprises,Sanathnagar Entr,509423,
INE937K01014,GSTK538708,Econo Trade (India),Econo Trade India,538708,
INE576D01015,GSTK531762,Unjha Formulations,Unjha Formulations,531762,
INE094C01011,GSTK502281,Triveni Glass,Triveni Glass,502281,
INE042B01012,GSTK532315,Groarc Industries India,Groarc Indust Ind,532315,
INE118R01032,GSTK540259,Shangar Decor,Shangar Decor,540259,
INE467X01023,GSTK506906,Saptak Chem & Business,Saptak Chem,506906,
INE745F01011,GSTK523712,JMG Corporation,JMG Corporation,523712,
INE736P01019,GSTK539110,Northlink Fiscal & Capital Services,Northlink Fiscal,539110,
INE820M01018,GSTK506122,Kairosoft Ai Solutions,Kairosoft Ai Solut.,506122,
INE796B01013,GSTK526504,Dolphin Medical Services,Dolphin Medical Serv,526504,
INE429B01011,GSTK522209,Yogi Infra Projects,Yogi Infra Projects,522209,
INE480S01026,GSTK539228,Gala Global Products,Gala Global Prods,539228,
INE962O01014,GSTK536672,VCU Data Management,VCU Data Management,536672,
INE222B01028,GSTK538596,Cemantic Infra-Tech,Cemantic Infra-Tech,538596,
INE152E01013,GSTK526473,Elegant Floriculture & Agrotech (India),Elegant Floriculture,526473,
INE04Z101016,GSTK543927,Asian Warehousing,Asian Warehousing,543927,
INE340D01016,GSTK514400,Garware Synthetics,Garware Synthetics,514400,
INE092H01014,GSTK522237,Shivagrico Implements,Shivagrico Implement,522237,
INE406N01014,GSTK503624,Svaraj Trading & Agencies,Svaraj Trading,503624,
INE502K01016,GSTK533200,Talwalkars Better Value Fitness,Talwalkars Better,533200,TALWALKARS
INE840I01014,GSTK538611,Real Touch Finance,Real Touch,538611,
INE346M01022,GSTK513305,Terrascope Ventures,Terrascope Ventures,513305,
INE055Q01012,GSTK538919,Skyline Ventures India,Skyline Ventures,538919,
INE534A01028,GSTK513343,Grand Foundry,Grand Foundry,513343,GFSTEELS
INE100F01019,GSTK531441,Lyons Corporate Market,Lyons Corp Market,531441,
INE586D01014,GSTK531286,Adhata Global Ltd.,Adhata Global,531286,
INE799E01011,GSTK531680,Mayur Leather Products,Mayur Leather Prod,531680,
INE041F01015,GSTK531198,Dhanada Corporation,Dhanada Corporation,531198,
INE877A01013,GSTK532972,Sankhya Infotech,Sankhya Infotech,532972,
INE0D5F01013,GSTK543247,Net Pix Shorts Digital Media,Net Pix Digital,543247,
INE224E01036,GSTK570005,GACM Technologies Ltd. - (DVR),SCAPDVR,570005,GATECHDVR
INE102C01020,GSTK519230,Kisaan Parivar Industries,Kisaan Parivar Inds.,519230,
INE468F01010,GSTK512405,I Power Solutions India,I Power Solutions,512405,
INE508R01018,GSTK540221,Shashank Traders,Shashank Traders,540221,
INE773Y01014,GSTK540955,Tasty Dairy Specialities,Tasty Dairy Spl,540955,
INE246D01015,GSTK539005,Jayatma Enterprises,Jayatma Enterprise,539005,
INE298B01010,GSTK540174,Southern Infoconsultants,Southern Infoconsult,540174,
INE415H01017,GSTK524606,Beryl Drugs,Beryl Drugs,524606,
INE518D01025,GSTK511760,Seven Hill Industries,Seven Hill Indus,511760,
INE370Q01015,GSTK538874,Nexus Surgical & Medicare,Nexus Surgical,538874,
INE400N01017,GSTK530797,Shree Ganesh Elastoplast,Shree Ganesh Elasto,530797,
INE751R01014,GSTK539090,Rajputana Investment & Finance,Rajputana Investment,539090,
INE401C01018,GSTK500277,Mid India Industries,Mid India Inds,500277,
INE660B01011,GSTK531158,Catvision,Catvision,531158,
INE400R01018,GSTK540132,Sabrimala Industries India,Sabrimala Industries,540132,
INE932M01011,GSTK504397,Ganesh Holdings,Ganesh Holdings,504397,
INE387D01025,GSTK513488,Shree Steel Wire Ropes,Shree Steel Wire,513488,
INE648E01010,GSTK517397,Pan Electronics India,Pan Elctrncs,517397,
INE923C01011,GSTK531210,Colinz Laboratories,Colinz Laboratories,531210,
INE370A01019,GSTK509760,Modern Shares & Stockbrokers,Modern Shares,509760,
INE334E01017,GSTK539123,VB Industries,VB Industries,539123,
INE338N01019,GSTK526799,Union Quality Plastics,Union Quality Plastics,526799,
INE929D01016,GSTK538707,Rajasthan Cylinders & Containers,Rajasthan Cylinders,538707,
INE262C01014,GSTK531397,Polycon International,Polycon International,531397,
INE456D01010,GSTK521161,Sri Lakshmi Saraswathi Textiles (Arni),Sri Lakshmi Textile,521161,
INE662D01013,GSTK526431,Welterman International,Welterman Intl,526431,
INE779Q01017,GSTK538895,Mihika Industries,Mihika Industries,538895,
INE373C01019,GSTK530281,Quantum Digital Vision (India),Quantum Digital,530281,
INE689J01013,GSTK530065,Lords Ishwar Hotels,Lords Ishwar Hotels,530065,
INE587J01027,GSTK531909,Croissance Ltd,Croissance Ltd,531909,
INE513C01010,GSTK538894,Octal Credit Capital,Octal Credit Capital,538894,
INE805Q01028,GSTK539506,Adcon Capital Services,Adcon Capital Serv,539506,
INE830S01014,GSTK539770,Darjeeling Industriies,Darjeeling Industrii,539770,
INE177D01020,GSTK532072,Interworld Digital,Interworld Digital,532072,
INE302H01017,GSTK532744,GTN Textiles,GTN Textiles,532744,
INE035401020,GSTK530669,Ace Engitech,Ace Engitech,530669,
INE179D01018,GSTK531972,Trident Tools,Trident Tools,531972,
INE040N01029,GSTK504335,Pazel International,Pazel Intl,504335,
INE0B6101012,GSTK543310,Times Green Energy (India),Times Green Ener,543310,
INE053D01015,GSTK531300,Amit International,Amit International,531300,
INE174N01026,GSTK534734,Ram Minerals & Chemicals,Ram Minerals,534734,
INE873S01022,GSTK539410,Muzali Arts,Muzali Arts,539410,
INE444X01014,GSTK542864,Mount Housing & Infrastructure,Mount Housing,542864,
INE374J01020,GSTK526959,Woodsvilla,Woodsvilla,526959,
INE256F01019,GSTK536868,Integra Telecommunication & Software,Integra Telecomm,536868,
INE407E01029,GSTK532078,Monind,Monind,532078,
INE204N01013,GSTK534422,Looks Health Services,Looks Health Serv,534422,
INE333C01013,GSTK500202,India Lease Development,India Lease Dev,500202,
INE224C01014,GSTK531672,Inani Securities,ISL,531672,
INE848D01018,GSTK511110,VB Desai Financial Services,VB Desai Financial,511110,
INE029H01016,GSTK539117,Sujala Trading & Holdings,Sujala Trading,539117,
INE185U01035,GSTK540696,KCD Industries India,KCD Industries,540696,
INE831C01016,GSTK530429,Ashish Polyplast,Ashish Polyplast,530429,
INE418K01015,GSTK530295,Shree Rajiv Lochan Oil Extraction,Shree Rajiv Oil,530295,
INE239F01015,GSTK531043,Dhanvantri Jeevan Rekha,Dhanvantri J Rekha,531043,
INE525B01016,GSTK509073,Hathway Bhawani Cabletel & Datacom,HathwayBhawani Cable,509073,
INE283D01018,GSTK531878,Anjani Finance,Anjani Finance,531878,
INE267E01019,GSTK531027,Libord Securities,Libord Securities,531027,
INE979D01011,GSTK514240,Kush Industries,Kush Industries,514240,
INE336D01014,GSTK530799,Anna Infrastructures,Anna Infrastructures,530799,
INE190D01015,GSTK531017,Arihant's Securities,Arihant's Securities,531017,
INE602H01010,GSTK526113,Uniroyal Marine Exports,Uniroyal Marine,526113,
INE629C01014,GSTK512618,RLF,RLF,512618,
INE176L01017,GSTK538770,Crane Infrastructure,Crane Infra,538770,
INE951C01012,GSTK523519,Universal Office Automation,Universal Office,523519,
INE706N01017,GSTK507917,East Buildtech,East Buildtech,507917,
INE607B01012,GSTK507833,Computer Point,Computer Point,507833,
INE234J01018,GSTK531406,ANS Industries,ANS Industries,531406,
INE398F01019,GSTK526500,Sterling Greenwoods,Sterling Greenwoods,526500,
INE430F01010,GSTK530421,Kuwer Industries,Kuwer Industries,530421,
INE119B01018,GSTK523722,Svam Software,Svam Software,523722,
INE425C01017,GSTK540914,SRU Steels,SRU Steels,540914,
INE523K01012,GSTK537840,Raunaq lnternational,Raunaq lnternational,537840,
INE963B01019,GSTK511688,Mathew Easow Research Securities,Mathew Easow Research,511688,
INE609B01018,GSTK511122,First Custodian Fund (India),First Custodian Fund,511122,
INE632A01012,GSTK503863,Shree Manufacturing Co,Shree Manufacturing,503863,
INE355C01016,GSTK530809,BNR Udyog,BNR Udyog,530809,
INE371M01012,GSTK531560,Aroma Enterprises (India),Aroma Enterprises,531560,
IN9594V01018,GSTK890155,Texel Industries Ltd. - Partly Paidup (TEXELINPP),TEXELINPP,890155,
INE656K01010,GSTK533176,DQ Entertainment (International),DQ Entertain.(Inter),533176,DQE
INE785O01019,GSTK538667,Sirohia & Sons,Sirohia & Sons,538667,
INE324N01027,GSTK537524,Viaan Industries,Viaan Industries,537524,
INE552H01017,GSTK512271,Tashi India,Tashi India,512271,
INE494K01024,GSTK538963,Pact Industries,Pact Industries,538963,
INE335N01015,GSTK531825,RCC Cements,RCC Cements,531825,
INE0BDU01028,GSTK543171,RO Jewels,RO Jewels,543171,
INE528E01022,GSTK524642,Sikozy Realtors,Sikozy Realtors,524642,
INE557D01015,GSTK507515,CJ Gelatine Products,CJ Gelatine Prod,507515,
INE563D01013,GSTK530027,Aadi Industries,Aadi Industries,530027,
INE515B01025,GSTK526441,Vision Cinemas,Vision Cinemas,526441,
INE143K01019,GSTK533149,Yunik Managing Advisors,Yunik Managing Adv.,533149,
INE604F01010,GSTK521080,Pasari Spinning Mills,Pasari Spinning,521080,
INE580H01026,GSTK531578,KMF Builders & Developers,KMF Builders & Devs,531578,
INE422G01015,GSTK524590,Hemo Organic,Hemo Organic,524590,
INE530D01012,GSTK531257,Vellora Impact,Vellora Impact,531257,
INE151H01018,GSTK531338,Milestone Global,Milestone Global,531338,
INE276D01012,GSTK520121,Arcee Industries,Arcee Inds,520121,
INE884X01011,GSTK531846,Trinity League India,Trinity League,531846,
INE431C01023,GSTK514140,Suryavanshi Spinning Mills,Suryavanshi Mills,514140,
INE076D01016,GSTK524624,Gagan Gases,Gagan Gases,524624,
INE991A01020,GSTK513117,Amforge Industries,Amforge Industries,513117,
INE095C01018,GSTK530063,Yashraj Containeurs,Yashraj Containeurs,530063,
INE858D01017,GSTK502271,Raasi Refractories,Raasi Refractories,502271,
INE595D01015,GSTK531928,Golden Carpets,Golden Carpets,531928,
INE026I01010,GSTK509449,Bhagawati Oxygen,Bhagawati Oxygen,509449,
INE443D01018,GSTK511664,BGIL Films & Technologies,BGFT,511664,
INE574D01010,GSTK539206,Genomic Valley Biotech,Genomic Valley Bio,539206,
INE860N01012,GSTK505797,Mipco Seamless Rings Gujarat,Mipco Seamless Rings,505797,
INE594R01018,GSTK539408,Kuber Udyog,Kuber Udyog,539408,
INE354E01031,GSTK530187,Atharv Enterprises,Atharv Enterprises,530187,
INE059Q01014,GSTK539014,Kalpa Commercial,Kalpa Commercial,539014,
INE448F01012,GSTK540189,Unipro Technologies,Unipro Technologies,540189,
INE909D01026,GSTK538212,Sharp Investments,Sharp Investments,538212,
INE162L01017,GSTK512443,Ganon Products,Ganon Products,512443,
INE493N01012,GSTK538081,Haria Apparels,Haria Apparels,538081,
INE915E01013,GSTK526751,Gratex Industries,Gratex Industries,526751,
INE818R01011,GSTK540134,Ishaan Infrastructures & Shelters,Ishaan Infra,540134,
INE697C01011,GSTK511507,Ushakiran Finance,Ushakiran Finance,511507,
INE368E01023,GSTK539621,BCL Enterprises,BCL Enterprises,539621,
INE971A01014,GSTK532397,Konndor Industries,Konndor Industries,532397,
INE758B01013,GSTK530177,VK Global Industries,VK Global Industries,530177,
INE193R01019,GSTK539111,Sheshadri Industries,Sheshadri Industries,539111,
INE897A01011,GSTK530735,Super Bakers,Super Bakers,530735,
INE863C01019,GSTK531661,Hittco Tools,Hittco Tools,531661,
INE037C01010,GSTK524808,Phyto Chem India,Phyto Chem India,524808,
INE960H01012,GSTK531304,Nutech Global,Nutech Global,531304,
INE649R01010,GSTK517044,International Data Management,International Data,517044,
INE813B01016,GSTK526588,Photoquip (India),Photoquip (India),526588,
INE455C01014,GSTK531585,Devine Impex,Devine Impex,531585,
INE570N01025,GSTK511187,Millennium Online Solutions (India),Millennium Online,511187,
INE064T01018,GSTK539692,Interactive Financial Services,Interactive Fin Serv,539692,
INE891G01011,GSTK507759,Lime Chemicals,Lime Chemicals,507759,
INE553P01018,GSTK539197,Devhari Exports (India),Devhari Exports,539197,
INE365G01016,GSTK539525,Navketan Merchants,Navketan Merchants,539525,
INE509K01011,GSTK533216,Technofab Engineering,Technofab Eng.,533216,TECHNOFAB
INE230G01020,GSTK524764,Nutraplus India,Nutraplus India,524764,
INE662C01015,GSTK530191,Chromatic India,Chromatic India,530191,CHROMATIC
INE985Q01010,GSTK538863,Sri Amarnath Finance,Sri Amarnath Finance,538863,
INE926E01010,GSTK539393,Kabra Commercial,Kabra Commercial,539393,
INE275F01019,GSTK526683,Univa Foods,Univa Foods,526683,UNIVAFOODS
INE134F01026,GSTK530611,Sturdy Industries,Sturdy Industries,530611,
INE147D01015,GSTK526887,Indo Credit Capital,Indo Credit Capital,526887,
INE185D01015,GSTK531944,Lexoraa Industries,Lexoraa Industries,531944,
INE459D01014,GSTK523425,Sunraj Diamond Exports,Sunraj Diamond,523425,
INE250D01017,GSTK531323,Jayatma Industries,Jayatma Industries,531323,
INE728Q01014,GSTK539593,Shivansh Finserve,Shivansh Finserve,539593,
INE683B01047,GSTK532379,First Fintec,First Fintec,532379,
INE262W01012,GSTK531221,Mayur Floorings,Mayur Floorings,531221,
INE630U01014,GSTK531779,Padmanabh Alloys & Polymers,Padmanabh Alloys,531779,
INE319N01019,GSTK524458,Indo Euro Indchem,Indo Euro Indchem,524458,
INE297D01018,GSTK519262,Prima Agro,Prima Agro,519262,
INE343A01016,GSTK526143,MPL Plastics,MPL Plastics,526143,
INE510B01018,GSTK530765,Agarwal Fortune India,Agarwal Fortune Ind,530765,
INE696E01019,GSTK526568,Longview Tea Co,Longview Tea Co,526568,
INE191N01012,GSTK511463,Alexander Stamps & Coin,Alexander Stamps,511463,
INE335G01019,GSTK530571,Explicit Finance,Explicit Finance,530571,
INE984E01035,GSTK530057,Vivanza Biosciences,Vivanza Biosciences,530057,
INE940E01011,GSTK526468,Euro-Leder Fashion,Euro Leder Fashion,526468,
INE663P01015,GSTK538351,AF Enterprises,AF Enterprises,538351,
INE099S01016,GSTK539449,IGC Industries,IGC Industries,539449,
INE184Q01010,GSTK539032,Fraser & Company,Fraser & Company,539032,
INE702H01018,GSTK532825,Jagjanani Textiles,JTL,532825,
INE159O01033,GSTK535205,Mystic Electronics,Mystic Electronics,535205,
INE686C01014,GSTK524580,Priya,Priya,524580,
INE328D01011,GSTK531352,Peeti Securities,Peeti Securities,531352,
INE545B01022,GSTK531460,Continental Controls,Continental Controls,531460,
INE241B01010,GSTK511738,Mehta Securities,Mehta Securities,511738,
INE597C01021,GSTK532041,Hindustan Bio Sciences,HBSL,532041,
INE940N01012,GSTK509835,Premier Synthetics,Premier Synthetics,509835,
INE211P01021,GSTK536128,VKJ Infra Developers,VKJ Infra Developers,536128,
INE600B01033,GSTK531486,Filmcity Media,Filmcity Media,531486,
INE112B01013,GSTK519479,Omega AG Seeds Punjab,Omega AG Seeds,519479,
INE953M01033,GSTK505502,PS IT Infrastructure & Services,PS IT Infra & Serv,505502,
INE377M01043,GSTK531463,Global Infratech & Finance,Global Infratech,531463,
INE871B01014,GSTK531404,Zicom Electronic Security Systems,Zicom Electn.Sec Sys,531404,ZICOM
INE831Q01016,GSTK539043,BKM Industries,BKM Industries,539043,BKMINDST
INE627Z01019,GSTK541545,Talwalkars Healthclubs,Talwalkars Health.,541545,TALWGYM
INE170B01037,GSTK531682,Cat Technologies,Cat Technologies,531682,
INE184K01013,GSTK539632,AAR Commercial Co,AAR Comrcl,539632,
INE400S01016,GSTK539433,Indo-Global Enterprises,Indo-Global Entr,539433,
INE319T01016,GSTK512415,Mercury Trade Links,Mercury Trade Links,512415,
INE614F01019,GSTK513721,MFS Intercorp,MFS Intercorp,513721,
INE860T01019,GSTK540081,SAB Events & Governance Now Media,SAB Events,540081,SABEVENTS
INE132E01015,GSTK531989,Deccan Polypacks,Deccan Polypacks,531989,
INE748D01010,GSTK535514,Prime Capital Market,Prime Capital Market,535514,
INE201F01015,GSTK538897,Shri Niwas Leasing & Finance,Shri Niwas Leasing,538897,
INE780Q01015,GSTK539119,Jain Marmo Industries,Jain Marmo Inds,539119,
INE342U01016,GSTK542524,Ambassador Intra Holdings,Ambassador Intra,542524,
INE630C01012,GSTK530985,JPT Securities,JPT Securities,530985,
INE808W01012,GSTK512153,M Lakhamsi Industries,M Lakhamsi Inds,512153,
INE952C01028,GSTK531456,Minaxi Textiles,Minaxi Textiles,531456,
INE188E01017,GSTK519214,Williamson Financial Services,Williamson Financial,519214,
INE643N01012,GSTK524752,Decipher Labs,Decipher Labs,524752,
INE958A01011,GSTK521137,Eureka Industries,Eureka Industries,521137,
INE214D01021,GSTK531671,Karnawati Innovation,Karnawati Innovation,531671,
INE473F01010,GSTK530173,Oscar Global,Oscar Global,530173,
INE0JVD01011,GSTK543500,EVOQ Remedies,Evoq Remedies,543500,
INE546I01025,GSTK537707,Laddu Gopal Online Services,Laddu Gopal Online,537707,
INE340O01021,GSTK535910,Money Masters Leasing & Finance,Money Masters Fin,535910,
INE797Z01028,GSTK541890,Space Incubatrics Technologies,Space Incubatrics,541890,
INE001O01029,GSTK530251,Risa International,Risa International,530251,
INE213P01027,GSTK519367,Transglobe Foods,Transglobe Foods,519367,
INE034B01019,GSTK511441,Gujarat Credit Corporation,Gujarat Credit,511441,
INE149B01015,GSTK530565,Koiya International,Koiya International,530565,
INE973B01026,GSTK526859,ISF,ISF,526859,
INE160O01031,GSTK535204,Mukta Agriculture,Mukta Agriculture,535204,
INE366H01012,GSTK531314,Integra Capital,Integra Capital,531314,
INE998D01011,GSTK501311,Jayabharat Credit,Jayabharat Credit,501311,
INE812K01027,GSTK504378,Nyssa Corporation,Nyssa Corporation,504378,
INE735C01027,GSTK531991,Amraworld Agrico,Amraworld Agrico,531991,
INE860E01011,GSTK535657,Objectone Information Systems,Objectone Info Sys,535657,
INE673C01020,GSTK531681,Amerise Biosciences,Amerise,531681,
INE601F01016,GSTK531155,Epsom Properties,Epsom Properties,531155,
INE929C01018,GSTK530771,KLG Capital Services,KLG Cap Servs,530771,
INE293C01019,GSTK526187,Ashram Online Com,Ashram Online Com,526187,
INE670H01017,GSTK514460,Oswal Yarns,Oswal Yarns,514460,
INE093G01022,GSTK512359,Sword-Edge Commercials,Sword Edge,512359,
INE07P301011,GSTK531432,Systematix Securities,Systematix Secs,531432,
INE581M01016,GSTK534639,Vinayak Polycon International,Vinayak Polycon,534639,
INE550D01010,GSTK526525,Worldwide Aluminium,Worldwide Aluminium,526525,
INE641H01018,GSTK531913,Castora Agri Commodities,Castora Agri Commod.,531913,
INE899B01015,GSTK530207,Brawn Biotech,Brawn Biotech,530207,
INE772B01014,GSTK512604,Haria Exports,Haria Exports,512604,
INE04CO01018,GSTK543289,Kuberan Global Edu Solutions,Kuberan Global E,543289,
INE101H01013,GSTK537709,Shree Hanuman Sugar & Industries,Shree Hanuman Sugar,537709,
INE150R01019,GSTK539406,Swagtam Trading & Services,Swagtam Trading,539406,
INE901C01017,GSTK538464,Thirani Projects,Thirani Projects,538464,
INE652D01014,GSTK530271,Rich Universe Network,Rich Universe,530271,
INE100E01012,GSTK519014,Prashant India,PIL,519014,
INE286E01019,GSTK507609,Olympic Oil Industries,Olympic Oil Inds,507609,
INE555D01019,GSTK511660,Premium Capital Market & Investment,Premium Capital,511660,
INE327D01013,GSTK526115,Manor Estates & Industries,Manor Estates,526115,
INE526C01012,GSTK531272,Nikki Global Finance,Nikki Global Finance,531272,
INE750B01010,GSTK524628,Parker Agro Chem Exports,Parker Agro Chem,524628,
INE876E01033,GSTK531083,Nihar Info Global,Nihar Info Global,531083,
INE318U01016,GSTK540267,Flora Corporation,Flora Corporation,540267,
INE948Q01018,GSTK539662,BFL Asset Finvest,BFL Asset Finvest,539662,
INE947C01010,GSTK536965,B P Capital,BP Capital,536965,
INE138D01014,GSTK526689,Fenoplast,Fenoplast ,526689,
INE512H01011,GSTK512487,Remi Elektrotechnik,Remi Elektro,512487,
INE098H01011,GSTK530807,Regaliaa Realty,Regaliaa Realty,530807,
INE217Q01018,GSTK539311,Nishtha Finance and Investment (India),Nishtha Fin.&Invest,539311,
INE495J01015,GSTK533178,Pradip Overseas,Pradip Overseas,533178,PRADIP
INE183B01014,GSTK513558,Real Strips,Real Strips,513558,
INE216G01011,GSTK517224,Sujana Universal Industries,Sujana Universal,517224,SUJANAUNI
INE527C01010,GSTK511734,Pasupati Fincap,Pasupati Fincap,511734,
INE094T01015,GSTK539363,Sri Krishna Constructions (India),Sri Krishna Const,539363,
INE455J01027,GSTK533016,Greenearth Resources & Projects,Greenearth Resources,533016,
INE741D01015,GSTK531049,Neelkanth Rock-Minerals,NRL,531049,
INE563S01011,GSTK539223,Ambition Mica,Ambition Mica,539223,
INE256S01012,GSTK539402,Naksh Precious Metals,Naksh Precious Metal,539402,
INE464B01018,GSTK532378,Universal Arts,Universal Arts,532378,
INE271D01013,GSTK531433,Sungold Capital,Sungold Capital,531433,
INE068C01015,GSTK512344,Aravali Securities & Finance,Aravali Securities,512344,
INE957E01031,GSTK532113,Brijlaxmi Leasing & Finance,Brijlaxmi Leasing,532113,
INE818D01011,GSTK526494,Promact Plastics,Promact Plastics,526494,
INE439G01019,GSTK526574,Enterprise International,Enterprise Intl,526574,
INE186E01011,GSTK531334,Vikalp Securities,Vikalp Securities,531334,
INE671D01014,GSTK531387,Hasti Finance,Hasti Finance,531387,
INE293D01017,GSTK530443,Kiran Syntex,Kiran Syntex,530443,
INE574R01028,GSTK539835,Superior Finlease,Superior Finlease,539835,
INE743D01011,GSTK526905,Padmanabh Industries,Padmanabh Industries,526905,
INE211D01027,GSTK538952,Abhinav Leasing & Finance,Abhinav Finance,538952,
INE267C01013,GSTK526439,Ambitious Plastomac Company,Ambitious Plastomac,526439,
INE650D01026,GSTK515127,Ramasigns Industries,Ramasigns Industries,515127,
INE06YD01010,GSTK542765,Transpact Enterprises,Transpact Entr,542765,
INE318K01025,GSTK533110,Shree Precoated Steels,Shree Precoated,533110,
INE0IM001015,GSTK543436,Wherrelz IT Solutions,Wherrelz IT Solution,543436,
INE369B01019,GSTK532340,Omni AxS Software,Omni AxS Software,532340,
INE797C01019,GSTK526877,Siddheswari Garments,Siddheswari Garments,526877,
INE899D01011,GSTK511451,Dharani Finance,Dharani Finance,511451,
INE380D01012,GSTK503772,Modella Woollens,Modella Woollens,503772,
INE092G01024,GSTK512097,Saianand Commercial,Saianand Commercial,512097,
INE184E01024,GSTK500426,UTL Industries,UTL Industries,500426,
INE457D01018,GSTK530931,Stanpacks India,Stanpacks India,530931,
INE147J01012,GSTK538993,Purohit Construction,Purohit Construction,538993,
INE564C01013,GSTK514378,Yarn Syndicate,Yarn Syndicate,514378,
INE112C01011,GSTK516020,Agio Paper & Industries,Agio Paper & Inds,516020,
INE0BIW01023,GSTK542923,Tranway21 Technologies,Tranway21 Technolog.,542923,
INE709D01012,GSTK519174,Ashiana Agro Industries,Ashiana Agro Inds,519174,
INE735D01041,GSTK531515,Mahan Industries,Mahan Industries,531515,
INE641B01011,GSTK526883,Shikhar Consultants,Shikhar Consultants,526883,
INE331F01028,GSTK531794,Seshachal Technologies Limited,Seshachal Technologies Limited,531794,
INE0G0V01018,GSTK543269,Adjia Technologies,Adjia Technologies,543269,
INE184U01012,GSTK539982,Advance Syntex,Advance Syntex,539982,
INE453S01015,GSTK540515,Kanungo Financiers,Kanungo Financiers,540515,
INE786K01023,GSTK503675,Wagend Infra Venture,Wagend Infra,503675,
INE092E01011,GSTK521054,Kakatiya Textiles,Kakatiya Textiles,521054,
INE153C01015,GSTK531051,Vintage Securities,Vintage Securities,531051,
INE413C01013,GSTK526839,Shelter Infra Projects,Shelter Infra,526839,
INE881B01054,GSTK526133,Supertex Industries,Supertex Industries,526133,
INE753B01014,GSTK526813,Raghunath International,Raghunath Intl,526813,
INE916P01025,GSTK538569,Triveni Enterprises,Triveni Enterprises,538569,
INE550L01013,GSTK534190,Olympic Cards,Olympic Cards,534190,
INE016X01010,GSTK542176,Aryan Share & Stock Brokers,Aryan Share & Stock,542176,
INE763D01019,GSTK509038,Voltaire Leasing & Finance,Voltaire Leasing,509038,
INE681Q01015,GSTK539596,Delta Industrial Resources,Delta Industrial,539596,
INE531D01010,GSTK531288,Lead Financial Services,Lead Financial,531288,
INE680D01015,GSTK531496,Omkar Overseas,Omkar Overseas,531496,
INE653R01012,GSTK539278,Symbiox Investment & Trading Co,Symbiox Investment,539278,
INE012F01016,GSTK512481,Polytex India,Polytex India,512481,
INE181T01010,GSTK540211,Sparkling (India) Finshares,Sparkling (India)Fin,540211,
INE161B01036,GSTK526538,Maximaa Systems,Maximaa Systems,526538,
INE101C01022,GSTK531429,Adharshila Capital,Advent Computer,531429,
INE391Z01012,GSTK542641,Cox & Kings Financial Service,Cox & Kings Fin.Serv,542641,CKFSL
INE732P01018,GSTK538019,Oceanaa Biotek Industries,Oceanaa Biotek,538019,
INE964B01033,GSTK526707,Alchemist,Alchemist,526707,ALCHEM
INE074G01014,GSTK539833,Shivom Investment & Consultancy,Shivom Investment,539833,
INE0DG401010,GSTK543222,Trekkingtoescom,Trekkingtoes.com,543222,
INE820D01025,GSTK532441,Rainbow Denim,Rainbow Denim,532441,
INE0NY101012,GSTK505032,Automobile Products Of India Ltd.,Automobile Prod,505032,
INE287D01019,GSTK530777,Infra Industries,Infra Industries,530777,
INE899O01018,GSTK535694,Edynamics Solutions,Edynamics Solutions,535694,
INE035C01022,GSTK517548,Starlite Components,Starlite Components,517548,
INE146F01020,GSTK531881,Gujarat Metallic Coal & Coke,Gujarat Metallic,531881,
INE04VT01017,GSTK507530,Thakkers Group,Asin Food Prod,507530,
INE043U01010,GSTK539800,CHD Chemicals,CHD Chemicals,539800,
INE512R01010,GSTK542377,AAR Shyam India Investment Co,AAR Shyam India Inv.,542377,
INE317B01042,GSTK531465,Nouveau Global Ventures,Nouveau Global Ven,531465,
INE960B01015,GSTK531370,Sparc Electrex,Sparc Electrex,531370,
INE905R01016,GSTK540159,Purple Agrotech Industries,Purple Agrotech Ind.,540159,
INE727E01012,GSTK521188,United Textiles,United Textiles,521188,
INE266C01023,GSTK531812,SGN Telecoms,SGN Telecoms,531812,
INE745P01010,GSTK538465,Amarnath Securities,Amarnath Security,538465,
INE115C01014,GSTK531444,Vardhman Concrete,Vardhman Concrete,531444,
INE912B01032,GSTK530663,Goyal Associates,Goyal Associates,530663,
INE140C01012,GSTK530439,Siddha Ventures,Siddha Ventures,530439,
INE906L01025,GSTK530581,Ekam Leasing & Finance Co,Ekam Leasing & Fin,530581,
INE006C01015,GSTK511728,KZ Leasing & Finance,KZ Leasing & Fin,511728,
INE197R01010,GSTK539096,Aananda Lakshmi Spinning Mills,Aananda L Mills,539096,
INE897D01015,GSTK531283,Cindrella Financial Services,Cindrella Fin Serv,531283,
INE715D01019,GSTK530755,Coral Newsprints,Coral Newsprints,530755,
INE661D01015,GSTK531668,Vision Corporation,VCL,531668,
INE281P01016,GSTK539544,Abhishek Infraventures,Abhishek Infraven,539544,
INE410E01015,GSTK511401,Munoth Communication,Munoth Communication,511401,
INE966C01010,GSTK526865,Jainco Projects (India),Jainco Projects,526865,
INE253C01013,GSTK526225,Bloom Dekor,Bloom Dekor,526225,
INE017P01014,GSTK504356,Multipurpose Trading and Agencies,Multipurpose,504356,
INE176R01014,GSTK539495,Rajkot Investment Trust,Rajkot Investment,539495,
INE929K01011,GSTK531867,Unitech International,Unitech Intl,531867,
INE183R01010,GSTK539405,Decorous Investment & Trading Co,Decorous Invest,539405,
INE425D01015,GSTK523113,Futuristic Securities,Futuristic Secs,523113,
INE644U01015,GSTK501144,People's Investment,People's Investment,501144,
INE756A01019,GSTK517399,VXL Instruments,VXL Instruments,517399,
INE468C01017,GSTK506543,MP Agro Industries,MP Agro Industries,506543,
INE570B01012,GSTK513513,Aditya Ispat,Aditya Ispat,513513,
INE927M01029,GSTK504369,Grandma Trading & Agencies,Grandma Trading,504369,
INE061B01038,GSTK530889,Audroc,Audroc,530889,
INE203Q01026,GSTK539200,Noble Polymers Ltd.,Noble Polymers,539200,
INE644K01016,GSTK531420,BMB Music & Magnetics,BMB Music & Magnetic,531420,
INE634J01027,GSTK538542,Goldcoin Health Foods,Goldcoin Health,538542,
INE072D01015,GSTK537092,Modex International Securities,Modex Internatl. Sec,537092,
INE357A01032,GSTK511706,Action Financial Services (India),Action Fin Serv (I),511706,
INE662I01012,GSTK531336,Auroma Coke,Auroma Coke,531336,
INE784P01035,GSTK538541,Inceptum Enterprises,Inceptum Enterprises,538541,
INE727Q01016,GSTK539114,Hind Securities and Credits Ltd,Hind Secs &,539114,
INE921C01031,GSTK532166,Alka Securities,Alka Sec,532166,
INE454D01015,GSTK521182,Seasons Furnishings,Seasons Furnishing,521182,
INE0DLM01024,GSTK543366,SBL Infratech,SBL Infratech,543366,
INE617D01017,GSTK516086,Shree Rajeshwaranand Paper Mills,Shree Rajeshw. Paper,516086,
INE024C01026,GSTK507894,Schablona India,Schablona India,507894,
INE063J01011,GSTK533109,Euro Multivision,Euro Multivision,533109,EUROMULTI
INE087J01028,GSTK533204,GB Global,GB Global,533204,GBGLOBAL
INE577C01015,GSTK531206,Kwality Credit & Leasing,Kwality Cr & Leasing,531206,
INE064D01012,GSTK539962,Quest Financial Services,Quest Finl. Services,539962,
INE562S01013,GSTK539637,Blueblood Ventures,Blueblood Ventures,539637,
INE186B01017,GSTK523164,SIP Industries,SIP Industries,523164,
INE592J01019,GSTK511149,Remi Securities,Remi Securities,511149,
INE830N01015,GSTK534731,Bronze Infra-Tech,Bronze Infra-Tech,534731,
INE320F01013,GSTK517403,Sun Source (India),Sun Source,517403,
INE157B01026,GSTK531621,Centerac Technologies,Centerac Tech,531621,
INE478B01018,GSTK542117,Netripples Software,Netripples Software,542117,
INE282D01010,GSTK505711,Gajra Bevel Gears,Gajra Bevel Gears,505711,
INE079N01019,GSTK532083,Shri Kalyan Holdings,Shri Kalyan Holdings,532083,
INE339P01046,GSTK537838,Negotium International Trade,Negotium Intl Trade,537838,
INE081R01016,GSTK540385,KD Leisures,KD Leisures,540385,
INE729P01022,GSTK538423,Alps Motor Finance,Alps Motor Finance,538423,
INE661F01010,GSTK539434,Brilliant Portfolios,Brilliant Portfolios,539434,
INE019D01016,GSTK539383,Mahaveer Infoway,Mahaveer Infoway,539383,
INE516H01012,GSTK532766,Richa Industries,Richa Industries,532766,
INE243B01016,GSTK532350,Padmalaya Telefilms,Padmalaya Telefilms,532350,PADMALAYAT
INE109B01019,GSTK531458,Boston Commerce,Boston Commerce,531458,
INE270D01015,GSTK524504,Revati Media Ltd.,Revati Media,524504,
INE758D01027,GSTK501945,Dhenu Buildcon Infra,Dhenu Buildcon,501945,
INE989E01018,GSTK530915,J R Foods,J R Foods,530915,
INE837X01027,GSTK502850,Gaekwar Mills,Gaekwar Mills,502850,
INE173V01013,GSTK541627,Gujarat Winding Systems,Gujarat Winding Sys.,541627,
INE833C01012,GSTK539910,Kome-on Communication,Kome-on Comm,539910,
INE593B01030,GSTK531692,Khyati Multimedia Entertainment,KMEL,531692,
INE537C01019,GSTK531686,MPS Pharmaa,MPS Pharmaa,531686,
INE207A01013,GSTK514144,Uniworth,Uniworth,514144,WOOLWORTH
INE864T01011,GSTK540108,Tiaan Consumer,Tiaan Consumer,540108,
INE0P4R01017,GSTK531039,Swadha Nature,Swadha Nature,531039,
INE400B01020,GSTK532354,Virgo Global,Virgo Global,532354,
INE723K01018,GSTK531568,Tridev Infraestates,Tridev Infraestate,531568,
INE025D01013,GSTK526967,Heera Ispat,Heera Ispat,526967,
INE114D01015,GSTK514414,Oxford Industries,Oxford Industries,514414,
INE351L01016,GSTK533268,Sea TV Network,Sea TV Network,533268,
INE263R01010,GSTK539486,Geetanjali Credit & Capital,Geetanjali Credit,539486,
INE843F01014,GSTK531716,Tricom Fruit Products,Tricom Fruit Product,531716,
INE900O01014,GSTK530733,Encode Packaging India,Encode Packaging,530733,
INE909P01012,GSTK538733,Starlit Power Systems,Starlit Power System,538733,
INE365C01023,GSTK531775,Cistro Telelink,Cistro Telelink,531775,
INE934A01012,GSTK532303,Integrated Hitech,Integrated Hitech,532303,
INE182E01010,GSTK522171,TMT (India),TMT,522171,
INE541C01037,GSTK532444,T Spiritual World,T Spiritual World,532444,
INE457E01016,GSTK513397,Vallabh Steels,Vallabh Steels,513397,
INE327C01031,GSTK513309,Golkonda Aluminium Extrusions,Golkonda Aluminium,513309,
INE584D01019,GSTK530795,Suncity Synthetics,Suncity Synthetics,530795,
INE395E01018,GSTK530547,Ken Financial Services,Ken Financial Serv,530547,
INE456H01029,GSTK533019,Simplex Papers,Simplex Papers,533019,
INE545N01019,GSTK531925,SHANTANU SHEOREY AQUAKULT LTD.,52 Weeks,531925,
INE905B01010,GSTK531396,Pagaria Energy,Pagaria Energy,531396,
INE073A01019,GSTK500248,Krishna Filament Industries,Krishna Filament,500248,
INE214B01017,GSTK531929,Innocorp,Innocorp,531929,
INE425F01028,GSTK511585,Regency Trust,Regency Trust,511585,
INE052B01011,GSTK532645,Beeyu Overseas,Beeyu Overseas,532645,
INE594D01018,GSTK513452,Elango Industries,Elango Industries,513452,
INE139E01028,GSTK542206,Nivaka Fashions,Nivaka Fashions,542206,
INE848B01012,GSTK513687,Spectra Industries,Spectra Industries,513687,
INE552E01014,GSTK526195,Neogem India,Neogem India,526195,
INE643B01017,GSTK508306,Ledo Tea Company,Ledo Tea,508306,
INE478P01018,GSTK538432,Divinus Fabrics,Divinus Fabrics,538432,
INE073C01015,GSTK532038,Emmsons International,Emmsons Intl,532038,
INE099M01027,GSTK511064,Aplaya Creations,Aplaya Creations,511064,
INE621D01019,GSTK504673,Universal Prime Aluminium,Universal Prime Alum,504673,
INE789D01014,GSTK506313,Sashwat Technocrats,Sashwat Technocrats,506313,
INE003Q01012,GSTK539009,GBL Industries,GBL Industries,539009,
INE774B01028,GSTK531904,Globus Corporation,Globus Corporation,531904,KARUNACAB
INE091N01014,GSTK511632,Olympic Management & Financial Services,Olympic Management,511632,
INE987M01023,GSTK531648,Mahavir Industries,Mahavir Industries,531648,
INE993L01015,GSTK541999,Genera Agri Corp,Genera Agri Corp,541999,
INE954M01031,GSTK531343,India Infraspace,India Infraspace,531343,
INE917B01023,GSTK523209,Nicco Uco Alliance Credit,Nicco Uco Alliance,523209,
INE177E01010,GSTK512221,SPV Global Trading,SPV Global Trading,512221,
INE866G01013,GSTK506027,Bhoruka Aluminium,Bhoruka Aluminium,506027,
INE967S01014,GSTK539819,Mudra Financial Services,Mudra Financial,539819,
INE817A01019,GSTK532307,Melstar Information Technologies,Melstar Info Tech,532307,MELSTAR
INE043F01011,GSTK512279,N2N Technologies,N2N,512279,
INE582K01018,GSTK513039,Hindusthan Udyog,Hindusthan Udyog,513039,
INE871E01018,GSTK526737,Corporate Courier & Cargo,Corporate Courier,526737,
INE329C01011,GSTK513515,SR Industries,SR Industries,513515,
INE720D01019,GSTK531252,Aneri Fincap,Aneri Fincap,531252,
INE739B01039,GSTK532403,Fourth Generation Information Systems,Fourth Gen Info Sys,532403,
INE134R01013,GSTK501630,Anand Projects,Anand Projects,501630,
INE634D01038,GSTK532139,G-Tech Info Training,G-Tech Info Training,532139,
INE637N01014,GSTK524031,Patidar Buildcon,Patidar Buildcon,524031,
INE028C01027,GSTK517463,Linaks Micro Electronics,Linaks Micro Elec,517463,
INE016C01014,GSTK526823,Rajeswari Infrastructure,Rajeswari Infra,526823,
INE719G01014,GSTK539266,Concrete Credit,Concrete Credit,539266,
INE730R01042,GSTK539911,Svarnim Trade Udyog,Svarnim Trade Udyog,539911,
INE721U01011,GSTK505520,HEM Holdings & Trading,HEM Holdings&Trading,505520,
INE600F01018,GSTK531769,PFL Infotech,PFL Infotech,531769,
INE110C01015,GSTK519279,Madhur Industries,Madhur Industries,519279,
INE442C01012,GSTK531327,Charms Industries,Charms Industries,531327,
INE741C01017,GSTK531207,Cresanto Global,Cresanto Global,531207,
INE206I01026,GSTK508860,Diamant Infrastructure,Diamant Infra,508860,
INE706P01038,GSTK538557,Sai Baba Investment and Commercial Enterprises,Sai Baba Invest,538557,
INE448N01024,GSTK513291,Primuss Pipes & Tubes,Premier Pipes,513291,
INE459E01012,GSTK504375,IDream Film Infrastructure Company,IDream Film Infra,504375,
INE361S01010,GSTK540024,Ashari Agencies,Ashari Agencies,540024,
INE649L01013,GSTK538653,Ejecta Marketing,Ejecta Marketing,538653,
INE321C01018,GSTK530783,Trans Asia Corporation,Trans Asia Corp.,530783,
INE847M01011,GSTK519319,Jatalia Global Ventures,Jatalia Global Vent,519319,
INE998M01012,GSTK511640,Sanghi Corporate Services,Sanghi Corp. Service,511640,
INE533D01032,GSTK530699,Raj Rayon Industries,Raj Rayon Industries,530699,RAJRAYON
INE862K01014,GSTK530403,Vallabh Poly-Plast International,Vallabh Poly-Plast,530403,
INE969B01016,GSTK511597,Palsoft Infosystems,Palsoft Infosystems,511597,
INE691J01019,GSTK538652,Hind Commerce,Hind Commerce,538652,
INE780E01011,GSTK507886,Dhruv Estates,Dhruv Estates,507886,
INE644B01049,GSTK531447,Rockon Enterprises Ltd,Rockon,531447,
INE854P01028,GSTK538433,Classic Global Finance & Capital,Classic Global Fin,538433,
INE771Z01015,GSTK511254,Sagar Systech,Sagar Systech,511254,
INE066E01015,GSTK540253,Shree Nidhi Trading Co,Shree Nidhi Trading,540253,
INE297L01011,GSTK531196,Gagan Polycot India,Gagan Polycot,531196,
INE750L01019,GSTK536751,Five X Tradecom,Five X Tradecom,536751,
INE636N01016,GSTK534707,Aditri Gems & Jewels Industries,Aditri Gems,534707,
INE978L01016,GSTK506190,Sarvamangal Marcantile Company,Sarvamangal,506190,
INE396F01013,GSTK512341,CES,CES,512341,
INE218B01018,GSTK511367,Meglon infra-Real (India),Meglon Infra-Real,511367,
INE319X01018,GSTK540697,A & M Febcon,A & M Febcon,540697,
INE131O01024,GSTK507663,Signature Green Corporation,Signature Green,507663,
INE425H01016,GSTK512091,Global Defence Industries,Global Defence Ind.,512091,
INE228B01017,GSTK532336,Baron Infotech,Baron Infotech,532336,
INE080D01042,GSTK531499,Sybly Industries,Sybly Industries,531499,
INE461Y01016,GSTK505100,India Radiators,India Radiators,505100,
INE046M01036,GSTK531597,Midland Polymers,Midland Polymers,531597,
INE881P01013,GSTK509917,Technojet Consultants,Technojet Consls,509917,
INE766A01026,GSTK517230,Aurique,Aurique,517230,
INE496D01016,GSTK530859,Cosboard Industries,Cosboard Inds,530859,
INE130I01010,GSTK504360,Remi Sales and Engineering,Remi Sales,504360,
INE663D01011,GSTK505506,Axon Ventures Ltd,Axon Ventures,505506,
INE717P01027,GSTK538575,Solis Marketing,Solis Marketing,538575,
INE603E01023,GSTK534757,Focus Industrial Resources,Focus Indl. Resource,534757,
INE490J01032,GSTK512105,Proaim Enterprises Ltd,Proaim,512105,
INE964D01013,GSTK523415,Coventry Coil-O-Matic (Haryana),Coventry CoilO Matic,523415,
INE188C01011,GSTK511276,Vishvas Projects,Vishvas Projects,511276,
INE713M01023,GSTK513359,Parab Infra,Parab Infra,513359,
INE973A01010,GSTK500151,Golden Tobacco,Golden Tobacco,500151,GOLDENTOBC
INE0E5R01017,GSTK543522,Nanavati Ventures,Nanavati Ventures,543522,
INE0KXN01014,GSTK543536,Silver Pearl Hospitality & Luxury Spaces,Silver Pearl Hospit.,543536,
INE913A01024,GSTK531738,Silicon Valley Infotech,Silicon Valley Info,531738,
INE105R01013,GSTK539169,Funny Software,Funny Software,539169,
INE074J01018,GSTK509003,Megh Mayur Infra,Megh Mayur Infra,509003,
INE416X01012,GSTK512431,Whitehall Commercial Company,Whitehall Comrcl,512431,
INE523D01017,GSTK506867,Master Chemicals,Master Chemicals,506867,
INE07LK01010,GSTK504365,Ridhi Synthetics,Ridhi Synthetics,504365,
INE825M01017,GSTK501270,Antariksh Industries,Antariksh Industries,501270,
INE442U01014,GSTK512511,Varun Mercantile,Varun Mercantile,512511,
INE371U01015,GSTK501110,Sunrise Industrial Traders,Sunrise Indl,501110,
INE598F01014,GSTK501111,Gold Rock Investments,Gold Rock Invest,501111,
INE02C301011,GSTK509870,Shaw Construction,Shaw Construction,509870,
INE798C01017,GSTK512197,Silveroak Commercials,Silveroak,512197,
INE130N01010,GSTK503671,Unijolly Investments Company,Unijolly Investments,503671,
INE083O01019,GSTK509650,Hindustan Housing Company,Hindustan Housing Co,509650,
INE664N01018,GSTK512377,Magnanimous Trade & Finance,Magnanimous Trade,512377,
INE094R01019,GSTK501386,E & E Enterprises,E & E Enterprises,501386,
INE0Q6L01014,GSTK544101,Brisk Technovision,Brisk Technovision,544101,
INE700B01015,GSTK526009,Procal Electronics India,Procal Electronics,526009,
INE668Y01016,GSTK508963,Trustwave Securities,Trustwave Securities,508963,
INE095E01022,GSTK532470,MPF Systems,MPF Systems,532470,
INE821R01015,GSTK506042,Prabhu Steel Industries,Prabhu Steel Industries,506042,
INE955S01019,GSTK511038,Arco Leasing,Arco Leasing,511038,
INE965V01020,GSTK506196,Viksit Engineering,Viksit Engineering,506196,
INE898O01010,GSTK523315,Purity Flexpack,Purity Flexpack,523315,
