StockID,Company,NSE Code,NewsID,Title,Summary,Source,PubDate,URL
GSTK500325,Reliance Industries,RELIANCE,2608159638259.0,"Reliance and Rolls-Royce collaborate to develop combat engine for AMCA fighter jet.
Mukesh Ambani's Reliance enters defence sector with AMCA programme partnership.","Reliance and Rolls-Royce collaborate to develop combat engine for AMCA fighter jet.
Mukesh Ambani's Reliance enters defence sector with AMCA programme partnership.",The Economic Times,2026-08-15T10:50:02,https://government.economictimes.indiatimes.com/news/defence/reliance-ties-up-with-rolls-royce-to-develop-combat-engine-for-amca-fighter-jet/133256554
GSTK500325,Reliance Industries,RELIANCE,2608159549541.0,"SC fines Reliance Industries Rs 10 lakh for delaying NTPC's gas supply suit.
The suit, related to a 2005 contract, faced decades-long delays due to litigation.","SC fines Reliance Industries Rs 10 lakh for delaying NTPC's gas supply suit.
The suit, related to a 2005 contract, faced decades-long delays due to litigation.",The Economic Times,2026-08-15T08:26:58,https://cfo.economictimes.indiatimes.com/news/governance-risk-compliance/sc-slaps-rs-10-lakh-fine-on-reliance-industries-for-delaying-ntpc-gas-supply-suit/133254652
GSTK500325,Reliance Industries,RELIANCE,8.758985866634368e+17,"Reliance New Energy gets extension till 2031 for its project.
Rajesh Exports denied extension due to Sebi governance probe.","Reliance New Energy gets extension till 2031 for its project.
Rajesh Exports denied extension due to Sebi governance probe.",ScoutQuest,2026-08-14T05:58:16,https://sqst.in/6ZQre
GSTK500325,Reliance Industries,RELIANCE,862999.0,"Sensex fell 605.3 points to 77,548.96, Nifty 50 dropped 186.6 to 24,284.5, led by IT stock selloff.
TCS, HDFC Bank, Infosys, Reliance fell; Nifty IT dropped 2%; PSU Bank, Metal indices gained slightly.","Sensex fell 605.3 points to 77,548.96, Nifty 50 dropped 186.6 to 24,284.5, led by IT stock selloff.
TCS, HDFC Bank, Infosys, Reliance fell; Nifty IT dropped 2%; PSU Bank, Metal indices gained slightly.",NDTV Profit,2026-08-12T13:27:12,https://www.ndtvprofit.com/markets/stock-market-crash-sensex-tanks-over-600-points-nifty-50-slips-below-24-300-five-key-reasons-explained-11898802#publisher=newsstand
GSTK500325,Reliance Industries,RELIANCE,857086.0,"Retail investors invested Rs 17,914 crore in Infosys, Reliance, TCS, Wipro, HCL Tech, and ITC despite June quarter declines.
All six stocks saw declines during the period, yet retail investors took a contrarian approach to accumulate shares.","Retail investors invested Rs 17,914 crore in Infosys, Reliance, TCS, Wipro, HCL Tech, and ITC despite June quarter declines.
All six stocks saw declines during the period, yet retail investors took a contrarian approach to accumulate shares.",The Economic Times,2026-08-11T10:35:00,https://economictimes.indiatimes.com/markets/stocks/news/retail-investors-make-rs-18000-crore-bold-contra-bet-on-6-falling-bluechip-stocks-will-it-pay-off/articleshow/133142033.cms?utm_source=contentofinterest&utm_medium=text&utm_campaign=cppst
GSTK500325,Reliance Industries,RELIANCE,852643.0,"DII equity inflows surpassed Rs 5 trillion for the 3rd straight year in CY26, totaling Rs 19.2 trillion since Aug'23.
Top DII holdings in June'26 include HDFC Bank, ICICI Bank, Reliance Industries, ITC, and SBI, contributing 20% overall.","DII equity inflows surpassed Rs 5 trillion for the 3rd straight year in CY26, totaling Rs 19.2 trillion since Aug'23.
Top DII holdings in June'26 include HDFC Bank, ICICI Bank, Reliance Industries, ITC, and SBI, contributing 20% overall.",Business Standard,2026-08-10T10:02:42,https://www.business-standard.com/markets/news/dii-equity-inflows-top-rs-5-trillion-for-third-straight-calendar-year-126081000202_1.html
GSTK500325,Reliance Industries,RELIANCE,851645.0,"SBI led gains in top-10 firms, adding ₹63,922.03cr to valuation.
Reliance, TCS, and L&T also posted valuation increases; LIC saw steepest decline.","SBI led gains in top-10 firms, adding ₹63,922.03cr to valuation.
Reliance, TCS, and L&T also posted valuation increases; LIC saw steepest decline.",Business Standard,2026-08-09T10:19:44,https://www.business-standard.com/markets/news/mcap-of-4-of-top-10-most-valued-firms-jumps-1-43-trn-sbi-biggest-winner-126080900106_1.html
GSTK500325,Reliance Industries,RELIANCE,2608084841827.0,"Adani, Reliance developing world's largest renewable energy projects in Kutch near Pak border.
MHA restricts renewable projects within 1 km of border, mandates security clearance for 50 km zone.","Adani, Reliance developing world's largest renewable energy projects in Kutch near Pak border.
MHA restricts renewable projects within 1 km of border, mandates security clearance for 50 km zone.",Business Today,2026-08-08T12:00:00,https://www.businesstoday.in/latest/corporate/story/adani-reliance-kutch-projects-made-companies-beeline-for-renewable-projects-near-pak-border-548122-2026-08-08
GSTK500325,Reliance Industries,RELIANCE,849447.0,"Reliance pays up to $25M to charter an oil tanker amid Hormuz crisis.
The strategic move by Reliance indicates resilience and crisis management.","Reliance pays up to $25M to charter an oil tanker amid Hormuz crisis.
The strategic move by Reliance indicates resilience and crisis management.",ET NOW,2026-08-07T19:48:14,https://www.etnownews.com/companies/reliance-pays-up-to-25-million-to-charter-oil-tanker-amid-hormuz-crisis-heres-why-it-still-makes-sense-explained-article-155367136
GSTK500325,Reliance Industries,RELIANCE,8.734821927266665e+17,"SC allows Delhi HC to proceed with hearing on $2.31B govt claim against Reliance.
The dispute concerns offshore oilfields involving Reliance.","SC allows Delhi HC to proceed with hearing on $2.31B govt claim against Reliance.
The dispute concerns offshore oilfields involving Reliance.",ScoutQuest,2026-08-07T13:56:23,https://sqst.in/zFvG0
GSTK532454,Bharti Airtel,BHARTIARTL,2608138252849.0,"Airtel discontinues several prepaid plans, including INR 299, raising tariffs by 3-4%.
Analysts predict ARPU growth in upcoming quarters from tariff rationalisation.","Airtel discontinues several prepaid plans, including INR 299, raising tariffs by 3-4%.
Analysts predict ARPU growth in upcoming quarters from tariff rationalisation.",The Economic Times,2026-08-13T17:27:59,https://brandequity.economictimes.indiatimes.com/news/business-of-brands/airtel-rationalises-prepaid-portfolio-move-seen-lifting-tariffs-by-3-4/133210773
GSTK532454,Bharti Airtel,BHARTIARTL,863405.0,"Bharti Airtel raises tariffs; ₹299 plan now ₹349, reflecting a 16% hike.
Other mobile plans see 5-16% tariff increases as per reports.","Bharti Airtel raises tariffs; ₹299 plan now ₹349, reflecting a 16% hike.
Other mobile plans see 5-16% tariff increases as per reports.",CNBC-AWAAZ,2026-08-12T15:34:20,https://x.com/CNBC_Awaaz/status/2087480294324818416
GSTK532454,Bharti Airtel,BHARTIARTL,861771.0,"Bharti Airtel had an NSE block trade of ~1.48M shares at Rs. 1905.
The total trade value for Bharti Airtel was approximately Rs. 281.4 crore.","Bharti Airtel had an NSE block trade of ~1.48M shares at Rs. 1905.
The total trade value for Bharti Airtel was approximately Rs. 281.4 crore.",Livesquawk,2026-08-12T11:01:18,
GSTK532454,Bharti Airtel,BHARTIARTL,858144.0,Bharti Airtel sees 31.1 Lakh shares traded via block deal.,Bharti Airtel sees 31.1 Lakh shares traded via block deal.,ET NOW,2026-08-11T14:55:36,https://x.com/ETNOWlive/status/2087108159479619884
GSTK532454,Bharti Airtel,BHARTIARTL,856803.0,"Sensex drops over 250 points; Nifty slips below 24,550 levels.
Airtel and IndiGo emerge as top drags in today's market session.","Sensex drops over 250 points; Nifty slips below 24,550 levels.
Airtel and IndiGo emerge as top drags in today's market session.",The Economic Times,2026-08-11T09:18:16,https://x.com/ETMarkets/status/2087023268817695217
GSTK532454,Bharti Airtel,BHARTIARTL,8.746474535087579e+17,"Bharti Airtel's consolidated revenue rose 5.7% QoQ to Rs.58,500 Cr.
Africa business grew 5.7% in constant currency; capex at Rs.13,390 Cr focused on digital.","Bharti Airtel's consolidated revenue rose 5.7% QoQ to Rs.58,500 Cr.
Africa business grew 5.7% in constant currency; capex at Rs.13,390 Cr focused on digital.",ScoutQuest,2026-08-10T19:06:43,https://sqst.in/sQq6V
GSTK532454,Bharti Airtel,BHARTIARTL,853503.0,"ITI shares rise 4.75% to ₹295.80 on NSE after partnership with Airtel Business for enterprise digital solutions.
Collaboration covers AI, IoT, cybersecurity, 4G/5G networks, targeting regulated sectors and defense under Atmanirbhar Bharat.","ITI shares rise 4.75% to ₹295.80 on NSE after partnership with Airtel Business for enterprise digital solutions.
Collaboration covers AI, IoT, cybersecurity, 4G/5G networks, targeting regulated sectors and defense under Atmanirbhar Bharat.",CNBC TV 18,2026-08-10T13:41:48,https://www.cnbctv18.com/market/iti-share-price-airtel-business-strategic-partnership-19965538.htm
GSTK532454,Bharti Airtel,BHARTIARTL,850015.0,Supreme Court seeks responses from Airtel and Vi on government's plea regarding spectrum fees.,Supreme Court seeks responses from Airtel and Vi on government's plea regarding spectrum fees.,Financial Express,2026-08-08T07:37:09,https://t.co/BDHUGOy0vH
GSTK532454,Bharti Airtel,BHARTIARTL,8.735048126039428e+17,"Supreme Court denies stay on HC's spectrum charge ruling for Airtel, Vi.","Supreme Court denies stay on HC's spectrum charge ruling for Airtel, Vi.",ScoutQuest,2026-08-07T15:26:16,https://sqst.in/RN6Nn
GSTK532454,Bharti Airtel,BHARTIARTL,8.734731665886501e+17,"Bharti Airtel faces Rs.1L penalty from J&K DoT over subscriber verification lapses.
The company contests the penalty tied to Q4 2025-26 CAF audit issues.","Bharti Airtel faces Rs.1L penalty from J&K DoT over subscriber verification lapses.
The company contests the penalty tied to Q4 2025-26 CAF audit issues.",ScoutQuest,2026-08-07T13:20:31,https://sqst.in/hLiMz
GSTK500180,HDFC Bank,HDFCBANK,872969.0,"HDFC Bank allotted 17,29,212 equity shares under its ESOS to employees.
Paid-up share capital increased from 15,40,93,91,686 to 15,41,11,20,898 shares of Re. 1 each.","HDFC Bank allotted 17,29,212 equity shares under its ESOS to employees.
Paid-up share capital increased from 15,40,93,91,686 to 15,41,11,20,898 shares of Re. 1 each.",BSE,2026-08-14T14:10:20,https://www.bseindia.com/stockinfo/AnnPdfOpen.aspx?Pname=87f9945a-1c9a-4669-92ea-8460d9c4558d.pdf
GSTK500180,HDFC Bank,HDFCBANK,862999.0,"Sensex fell 605.3 points to 77,548.96, Nifty 50 dropped 186.6 to 24,284.5, led by IT stock selloff.
TCS, HDFC Bank, Infosys, Reliance fell; Nifty IT dropped 2%; PSU Bank, Metal indices gained slightly.","Sensex fell 605.3 points to 77,548.96, Nifty 50 dropped 186.6 to 24,284.5, led by IT stock selloff.
TCS, HDFC Bank, Infosys, Reliance fell; Nifty IT dropped 2%; PSU Bank, Metal indices gained slightly.",NDTV Profit,2026-08-12T13:27:12,https://www.ndtvprofit.com/markets/stock-market-crash-sensex-tanks-over-600-points-nifty-50-slips-below-24-300-five-key-reasons-explained-11898802#publisher=newsstand
GSTK500180,HDFC Bank,HDFCBANK,857677.0,HDFC Bank shares hit a 2-year low; FPI holding declines for 5th quarter.,HDFC Bank shares hit a 2-year low; FPI holding declines for 5th quarter.,Zee Business,2026-08-11T13:08:56,https://t.co/JXLT2dWI8B
GSTK500180,HDFC Bank,HDFCBANK,2608116407220.0,"HDFC Bank and other private lenders plan to raise $3B via dollar bonds or loans.
They aim to leverage RBI's facility to lower hedging costs for overseas borrowings.","HDFC Bank and other private lenders plan to raise $3B via dollar bonds or loans.
They aim to leverage RBI's facility to lower hedging costs for overseas borrowings.",The Hindu BusinessLine,2026-08-11T12:47:22,https://www.thehindubusinessline.com/money-and-banking/hdfc-leads-indian-private-banks-push-to-raise-billions-overseas/article71331311.ece
GSTK500180,HDFC Bank,HDFCBANK,8.748566905539078e+17,"HDFC Bank's price holds an ascending trendline, hinting at a rebound.
RSI near oversold and EMA confluence suggest potential bullish resumption.","HDFC Bank's price holds an ascending trendline, hinting at a rebound.
RSI near oversold and EMA confluence suggest potential bullish resumption.",ScoutQuest,2026-08-11T08:58:09,https://sqst.in/shareMessage?msgId=874856690553907832
GSTK500180,HDFC Bank,HDFCBANK,852676.0,"Jefferies reshuffles India portfolio, removing HDFC Bank and PolicyBazaar.
MCX, Lenskart, and Bajaj Finance are added to the portfolio.","Jefferies reshuffles India portfolio, removing HDFC Bank and PolicyBazaar.
MCX, Lenskart, and Bajaj Finance are added to the portfolio.",Financial Express,2026-08-10T10:09:38,https://t.co/IEvl6xaYW3
GSTK500180,HDFC Bank,HDFCBANK,852643.0,"DII equity inflows surpassed Rs 5 trillion for the 3rd straight year in CY26, totaling Rs 19.2 trillion since Aug'23.
Top DII holdings in June'26 include HDFC Bank, ICICI Bank, Reliance Industries, ITC, and SBI, contributing 20% overall.","DII equity inflows surpassed Rs 5 trillion for the 3rd straight year in CY26, totaling Rs 19.2 trillion since Aug'23.
Top DII holdings in June'26 include HDFC Bank, ICICI Bank, Reliance Industries, ITC, and SBI, contributing 20% overall.",Business Standard,2026-08-10T10:02:42,https://www.business-standard.com/markets/news/dii-equity-inflows-top-rs-5-trillion-for-third-straight-calendar-year-126081000202_1.html
GSTK500180,HDFC Bank,HDFCBANK,2608084689456.0,"SBI outpaced HDFC Bank in Q1FY27 loan growth, rising 18.9% to Rs 49.9 lakh crore vs HDFC's 15.6% to Rs 30.37 lakh crore.
SBI's NIM was steady at 3%, while HDFC Bank's dipped to 3.4%; SBI's net profit grew 10.2% y-o-y, HDFC's rose 5%.","SBI outpaced HDFC Bank in Q1FY27 loan growth, rising 18.9% to Rs 49.9 lakh crore vs HDFC's 15.6% to Rs 30.37 lakh crore.
SBI's NIM was steady at 3%, while HDFC Bank's dipped to 3.4%; SBI's net profit grew 10.2% y-o-y, HDFC's rose 5%.",Financial Express,2026-08-08T05:30:00,https://www.financialexpress.com/market/stock-insights/hdfc-bank-vs-sbi-the-king-is-still-standing-but-the-challenger-is-closing-in/4313212/
GSTK500180,HDFC Bank,HDFCBANK,847448.0,"HDFC Bank shares fell 25.9% YTD, market cap declined by ₹3.9T to ₹11.3T.
Post-merger woes, NIM pressure, and governance issues weigh on stock performance.","HDFC Bank shares fell 25.9% YTD, market cap declined by ₹3.9T to ₹11.3T.
Post-merger woes, NIM pressure, and governance issues weigh on stock performance.",Business Standard,2026-08-07T14:25:25,https://www.business-standard.com/markets/news/3-reasons-why-hdfc-bank-has-not-made-money-for-investors-in-2026-so-far-126080700972_1.html
GSTK500180,HDFC Bank,HDFCBANK,846280.0,"Jefferies' Chris Wood exits HDFC Bank and PB Fintech shares.
Funds redirected to purchase two new stocks, details undisclosed.","Jefferies' Chris Wood exits HDFC Bank and PB Fintech shares.
Funds redirected to purchase two new stocks, details undisclosed.",The Economic Times,2026-08-07T11:38:48,https://economictimes.indiatimes.com/markets/stocks/news/jefferies-chris-wood-sells-hdfc-bank-pb-fintech-shares-to-buy-2-new-stocks/articleshow/133023668.cms
GSTK532174,ICICI Bank,ICICIBANK,2608159548958.0,"ICICI Bank plans to raise $1.45bn via 4-year loan from BofA-led consortium.
Other participants include CTBC Bank, Mashreq Bank, Mizuho Bank, and UOB.","ICICI Bank plans to raise $1.45bn via 4-year loan from BofA-led consortium.
Other participants include CTBC Bank, Mashreq Bank, Mizuho Bank, and UOB.",The Economic Times,2026-08-15T08:12:36,https://cfo.economictimes.indiatimes.com/news/corporate-finance/icici-bank-seeks-to-raise-1-45-billion-loan-from-a-bofa-led-consortium/133254393
GSTK532174,ICICI Bank,ICICIBANK,2608148857379.0,"ICICI Bank launches a $1.45B syndicated offshore loan to tap overseas debt.
This move leverages a central bank facility that reduces hedging costs.","ICICI Bank launches a $1.45B syndicated offshore loan to tap overseas debt.
This move leverages a central bank facility that reduces hedging costs.",Business Standard,2026-08-14T11:11:32,https://www.business-standard.com/industry/banking/icici-bank-joins-indian-banks-chasing-dollar-loans-as-demand-swells-126081400747_1.html
GSTK532174,ICICI Bank,ICICIBANK,871136.0,"ICICI Bank issues $300M senior unsecured notes, rated BBB and Baa3.
Notes listed on NSE IFSC & India International Exchange IFSC Global Securities Market.","ICICI Bank issues $300M senior unsecured notes, rated BBB and Baa3.
Notes listed on NSE IFSC & India International Exchange IFSC Global Securities Market.",BSE,2026-08-13T20:32:10,https://www.bseindia.com/stockinfo/AnnPdfOpen.aspx?Pname=b7bf257f-fb74-49d7-821f-259816362dae.pdf
GSTK532174,ICICI Bank,ICICIBANK,868086.0,"ICICI Bank allotted 130,909 equity shares under ESOP scheme 2022.
Approval was granted by two Executive Directors at 1:59 p.m. today.","ICICI Bank allotted 130,909 equity shares under ESOP scheme 2022.
Approval was granted by two Executive Directors at 1:59 p.m. today.",BSE,2026-08-13T14:33:20,https://www.bseindia.com/stockinfo/AnnPdfOpen.aspx?Pname=9e3e22ec-52d3-401e-ae81-f81e98ff3186.pdf
GSTK532174,ICICI Bank,ICICIBANK,2608138049504.0,"Sensex dropped 180 pts to 77785; Nifty fell 95 pts to 24488.
UltraTech Cement, Titan, RIL, ICICI Bank were top losers as market cap hit Rs 492.25 lakh crore.","Sensex dropped 180 pts to 77785; Nifty fell 95 pts to 24488.
UltraTech Cement, Titan, RIL, ICICI Bank were top losers as market cap hit Rs 492.25 lakh crore.",Business Today,2026-08-12T12:00:00,https://www.businesstoday.in/amp/markets/stocks/story/sensex-nifty-open-lower-ultratech-cement-titan-ril-icici-bank-top-losers-548901-2026-08-13
GSTK532174,ICICI Bank,ICICIBANK,2608116206466.0,"ICICI Bank insiders sold ₹282m worth of shares in the past year, raising investor concerns.
Executive Director Rakesh Jha's sale of 59% of his stake at ₹1,404 per share stands out.","ICICI Bank insiders sold ₹282m worth of shares in the past year, raising investor concerns.
Executive Director Rakesh Jha's sale of 59% of his stake at ₹1,404 per share stands out.",Simply Wall Street,2026-08-11T00:07:16,https://simplywall.st/stocks/in/banks/nse-icicibank/icici-bank-shares/news/icici-bank-insiders-sell-282m-of-stock-possibly-signalling-c
GSTK532174,ICICI Bank,ICICIBANK,8.746191649163779e+17,ICICI Bank is set to surpass HDFC Bank as India's top private bank by value.,ICICI Bank is set to surpass HDFC Bank as India's top private bank by value.,ScoutQuest,2026-08-10T17:14:18,https://sqst.in/shareMessage?msgId=874619164916377817
GSTK532174,ICICI Bank,ICICIBANK,8.745422036238938e+17,"Macquarie highlights ICICI Bank, Hyundai, and Ashok Leyland as top picks.","Macquarie highlights ICICI Bank, Hyundai, and Ashok Leyland as top picks.",ScoutQuest,2026-08-10T12:08:29,https://sqst.in/shareMessage?msgId=874542203623893706
GSTK532174,ICICI Bank,ICICIBANK,852643.0,"DII equity inflows surpassed Rs 5 trillion for the 3rd straight year in CY26, totaling Rs 19.2 trillion since Aug'23.
Top DII holdings in June'26 include HDFC Bank, ICICI Bank, Reliance Industries, ITC, and SBI, contributing 20% overall.","DII equity inflows surpassed Rs 5 trillion for the 3rd straight year in CY26, totaling Rs 19.2 trillion since Aug'23.
Top DII holdings in June'26 include HDFC Bank, ICICI Bank, Reliance Industries, ITC, and SBI, contributing 20% overall.",Business Standard,2026-08-10T10:02:42,https://www.business-standard.com/markets/news/dii-equity-inflows-top-rs-5-trillion-for-third-straight-calendar-year-126081000202_1.html
GSTK532174,ICICI Bank,ICICIBANK,852210.0,"Analysts recommend Axis Bank, ICICI Bank, SBI for up to 27% upside.
Top 9 picks include leading banking stocks; full list available online.","Analysts recommend Axis Bank, ICICI Bank, SBI for up to 27% upside.
Top 9 picks include leading banking stocks; full list available online.",ET NOW,2026-08-10T07:15:50,https://t.co/dthgBPOm5u
GSTK500112,State Bank of India,SBIN,2608148845742.0,"Bombay HC urges Vijay Mallya and banks to resolve their commercial dispute.
Court seeks Enforcement Directorate's update on case and asset attachments.","Bombay HC urges Vijay Mallya and banks to resolve their commercial dispute.
Court seeks Enforcement Directorate's update on case and asset attachments.",The Hindu,2026-08-14T10:23:10,https://www.thehindu.com/news/cities/mumbai/bombay-high-court-tells-banks-vijay-mallya-to-end-dispute/article71339318.ece
GSTK500112,State Bank of India,SBIN,2608138023916.0,"Delhi Consumer Commission orders SBI to pay Rs 1.30 lakh for ATM fraud.
SBI failed to provide CCTV footage after Rs 80,000 fraud in 2018.","Delhi Consumer Commission orders SBI to pay Rs 1.30 lakh for ATM fraud.
SBI failed to provide CCTV footage after Rs 80,000 fraud in 2018.",The Times of India,2026-08-13T11:11:17,https://timesofindia.indiatimes.com/legal/news/sbi-fails-to-produce-cctv-footage-after-rs-80000-atm-fraud-consumer-commission-upholds-rs-1-30-lakh-payout/articleshow/133198024.cms
GSTK500112,State Bank of India,SBIN,2608137988150.0,"SBI raises $500M via Regulation S bonds at 5.25% coupon, issued through its London branch.
The 5-year bond was priced at a spread of 88 bps over the US Treasury benchmark.","SBI raises $500M via Regulation S bonds at 5.25% coupon, issued through its London branch.
The 5-year bond was priced at a spread of 88 bps over the US Treasury benchmark.",The Hindu BusinessLine,2026-08-13T09:03:26,https://www.thehindubusinessline.com/money-and-banking/sbi-raises-500-million-overseas-as-strong-investor-demand-sharply-cuts-spread/article71339456.ece
GSTK500112,State Bank of India,SBIN,856721.0,"SBI plans to raise $500M via 5-year dollar bonds, tapping global markets.
Proceeds to support lending and balance sheet; signals investor trust in India's banking sector.","SBI plans to raise $500M via 5-year dollar bonds, tapping global markets.
Proceeds to support lending and balance sheet; signals investor trust in India's banking sector.",The Hindu Business Line,2026-08-11T08:43:23,https://www.thehindubusinessline.com/markets/state-bank-of-india-taps-dollar-bond-market-with-five-year-issue/article71330917.ece
GSTK500112,State Bank of India,SBIN,2608105973401.0,"SBI gold loans grow exponentially, reaching Rs 3.1 lakh crore, denting Xpress Credit's growth.
Gold loans see 97.5% growth, driven by interest rate arbitrage, while Xpress Credit grows at 8.3%.","SBI gold loans grow exponentially, reaching Rs 3.1 lakh crore, denting Xpress Credit's growth.
Gold loans see 97.5% growth, driven by interest rate arbitrage, while Xpress Credit grows at 8.3%.",Financial Express,2026-08-10T23:19:00,https://www.financialexpress.com/business/banking-finance/gold-loans-steal-a-march-on-sbi-xpress-credit/4314872/
GSTK500112,State Bank of India,SBIN,854726.0,"Markets flatlined Monday; Nifty gained 0.05%, Sensex rose 0.06%, amid crude price pressures.
PSU Banks fell sharply; SBI biggest Nifty loser. Titan, Tata Consumer led gains; gold held firm.","Markets flatlined Monday; Nifty gained 0.05%, Sensex rose 0.06%, amid crude price pressures.
PSU Banks fell sharply; SBI biggest Nifty loser. Titan, Tata Consumer led gains; gold held firm.",The Hindu Business Line,2026-08-10T17:19:21,https://www.thehindubusinessline.com/markets/benchmarks-flatline-for-third-day-as-crude-keeps-bulls-at-bay/article71328131.ece
GSTK500112,State Bank of India,SBIN,8.746125946482141e+17,"SBI issued $100M floating rate senior bonds maturing July 2029.
Coupon is SOFR +100 bps; bonds to list on India INX, GIFT City.","SBI issued $100M floating rate senior bonds maturing July 2029.
Coupon is SOFR +100 bps; bonds to list on India INX, GIFT City.",ScoutQuest,2026-08-10T16:48:12,https://sqst.in/DNprl
GSTK500112,State Bank of India,SBIN,854434.0,"SBI issues $100M floating rate notes via London branch.
This move enhances SBI's offshore funding capabilities.","SBI issues $100M floating rate notes via London branch.
This move enhances SBI's offshore funding capabilities.",Livesquawk,2026-08-10T16:43:13,
GSTK500112,State Bank of India,SBIN,853624.0,"SBI leads ECLGS 5.0 loans, sanctioning Rs 32,750 crore; Rs 25,440 crore disbursed.
PSBs and private banks actively disburse ECLGS loans; MSMEs benefit from 98% guarantees.","SBI leads ECLGS 5.0 loans, sanctioning Rs 32,750 crore; Rs 25,440 crore disbursed.
PSBs and private banks actively disburse ECLGS loans; MSMEs benefit from 98% guarantees.",NDTV Profit,2026-08-10T12:50:55,https://www.ndtvprofit.com/business/sbi-leads-banks-eclgs-5-0-loans-with-rs-32-750-crore-sanctioned-11888822#publisher=newsstand
GSTK500112,State Bank of India,SBIN,8.745195674685208e+17,"SBI shares see profit booking after Q1 results.
Analysts provide buy or sell recommendations for SBI.","SBI shares see profit booking after Q1 results.
Analysts provide buy or sell recommendations for SBI.",ScoutQuest,2026-08-10T10:38:32,https://sqst.in/shareMessage?msgId=874519567468520812
GSTK532540,Tata Consultancy Services,TCS,876220.0,"TCS informs exchanges under SEBI Regulation 30 regarding shareholder communication.
Details shared include SEBI circular reference and availability on TCS website.","TCS informs exchanges under SEBI Regulation 30 regarding shareholder communication.
Details shared include SEBI circular reference and availability on TCS website.",BSE,2026-08-14T20:02:57,https://www.bseindia.com/stockinfo/AnnPdfOpen.aspx?Pname=22c864e7-7318-4aee-b427-08eebff1b21e.pdf
GSTK532540,Tata Consultancy Services,TCS,867051.0,"Tata Group stocks lost Rs 44,000 crore in market-cap over two days post-N Chandrasekaran's decision not to seek reappointment.
TCS led losses with Rs 35,421 crore; Tata Motors CV gained Rs 10,533 crore post strong Q1-FY27 results and demand outlook.","Tata Group stocks lost Rs 44,000 crore in market-cap over two days post-N Chandrasekaran's decision not to seek reappointment.
TCS led losses with Rs 35,421 crore; Tata Motors CV gained Rs 10,533 crore post strong Q1-FY27 results and demand outlook.",Business Standard,2026-08-13T10:21:32,https://www.business-standard.com/markets/news/rs-44-000-crore-wiped-out-in-tata-group-stocks-tcs-accounts-for-81-of-fall-126081300543_1.html
GSTK532540,Tata Consultancy Services,TCS,866822.0,"Jefferies slashes TCS target price to Rs 1,800, citing AI-led risks, muted growth, and rising investments.
TCS trades at a 30% premium to Accenture, with underperformance vs Nifty by 55% over 3 years.","Jefferies slashes TCS target price to Rs 1,800, citing AI-led risks, muted growth, and rising investments.
TCS trades at a 30% premium to Accenture, with underperformance vs Nifty by 55% over 3 years.",NDTV Profit,2026-08-13T09:03:17,https://www.ndtvprofit.com/markets/tcs-target-price-slashed-again-jefferies-third-cut-in-2026-11902959#publisher=newsstand
GSTK532540,Tata Consultancy Services,TCS,864450.0,"N Chandrasekaran will step down as Tata Sons chairman in Feb 2027, sparking a key succession battle.
Tata Trusts' internal disagreements could complicate the selection process; TCS shares fell 5.9% post-news.","N Chandrasekaran will step down as Tata Sons chairman in Feb 2027, sparking a key succession battle.
Tata Trusts' internal disagreements could complicate the selection process; TCS shares fell 5.9% post-news.",Livemint,2026-08-12T17:25:33,https://www.livemint.com/companies/news/chandrasekaran-exits-tata-sons-how-will-the-next-chairman-be-chosen-why-could-the-succession-battle-be-tricky-11786531984955.html
GSTK532540,Tata Consultancy Services,TCS,863947.0,"TCS shares drop 4%, erasing Rs 35,000 crore in market value post N Chandrasekaran's resignation.
Investors are advised to evaluate the situation following this leadership change at TCS.","TCS shares drop 4%, erasing Rs 35,000 crore in market value post N Chandrasekaran's resignation.
Investors are advised to evaluate the situation following this leadership change at TCS.",The Economic Times,2026-08-12T17:00:00,https://economictimes.indiatimes.com/markets/stocks/news/tcs-shares-tumble-4-wipe-out-rs-35000-crore-after-n-chandrasekaran-resigns-what-should-investors-do/articleshow/133180381.cms
GSTK532540,Tata Consultancy Services,TCS,8.753327048065037e+17,"TCS drops 5% following Tata Sons exit news.
Investors assess buy-the-dip potential after sharp decline.","TCS drops 5% following Tata Sons exit news.
Investors assess buy-the-dip potential after sharp decline.",ScoutQuest,2026-08-12T16:29:39,https://sqst.in/5yOPV
GSTK532540,Tata Consultancy Services,TCS,8.753260951160769e+17,"TCS's N Chandra will not seek reappointment after his term ends.
Tata stocks like TCS, Tata Steel, and Tata Motors fall; hospital stocks like Max Health and Fortis drop 3-5% on charge capping reports.","TCS's N Chandra will not seek reappointment after his term ends.
Tata stocks like TCS, Tata Steel, and Tata Motors fall; hospital stocks like Max Health and Fortis drop 3-5% on charge capping reports.",ScoutQuest,2026-08-12T16:03:23,https://sqst.in/shareMessage?msgId=875326095116076988
GSTK532540,Tata Consultancy Services,TCS,862999.0,"Sensex fell 605.3 points to 77,548.96, Nifty 50 dropped 186.6 to 24,284.5, led by IT stock selloff.
TCS, HDFC Bank, Infosys, Reliance fell; Nifty IT dropped 2%; PSU Bank, Metal indices gained slightly.","Sensex fell 605.3 points to 77,548.96, Nifty 50 dropped 186.6 to 24,284.5, led by IT stock selloff.
TCS, HDFC Bank, Infosys, Reliance fell; Nifty IT dropped 2%; PSU Bank, Metal indices gained slightly.",NDTV Profit,2026-08-12T13:27:12,https://www.ndtvprofit.com/markets/stock-market-crash-sensex-tanks-over-600-points-nifty-50-slips-below-24-300-five-key-reasons-explained-11898802#publisher=newsstand
GSTK532540,Tata Consultancy Services,TCS,861865.0,"Tata Sons Chairman N Chandrasekaran announced resignation, pressuring Tata Group stocks.
TCS among key stocks impacted, experiencing declines post resignation announcement.","Tata Sons Chairman N Chandrasekaran announced resignation, pressuring Tata Group stocks.
TCS among key stocks impacted, experiencing declines post resignation announcement.",CNBC-AWAAZ,2026-08-12T11:29:44,https://t.co/HPPN18qlh2
GSTK532540,Tata Consultancy Services,TCS,861867.0,"N Chandrasekaran opts not to seek reappointment as Tata Sons Chairman in AGM.
The announcement impacts Tata Group companies, including Tata Consultancy Services (TCS).","N Chandrasekaran opts not to seek reappointment as Tata Sons Chairman in AGM.
The announcement impacts Tata Group companies, including Tata Consultancy Services (TCS).",CNBC-AWAAZ,2026-08-12T11:25:10,https://x.com/CNBC_Awaaz/status/2087417591765835967
GSTK500034,Bajaj Finance,BAJFINANCE,860386.0,"Bajaj Finance Ltd announces resignation of Amit Raghuvanshi, President-Cars, Two-Wheeler & Sales Finance.
His resignation is effective from 11 August 2026, ending an 18-year tenure with the company.","Bajaj Finance Ltd announces resignation of Amit Raghuvanshi, President-Cars, Two-Wheeler & Sales Finance.
His resignation is effective from 11 August 2026, ending an 18-year tenure with the company.",BSE,2026-08-11T20:07:24,https://www.bseindia.com/stockinfo/AnnPdfOpen.aspx?Pname=3d12cd10-9500-41f0-a276-197a58832c11.pdf
GSTK500034,Bajaj Finance,BAJFINANCE,8.745555605108091e+17,"Bajaj Finance allotted 1,11,500 secured NCDs at Rs. 1L each, totaling Rs. 1,115 crore.
The NCDs have a 3.25-year tenure, 7.78% p.a. interest, and 1x book debt security cover.","Bajaj Finance allotted 1,11,500 secured NCDs at Rs. 1L each, totaling Rs. 1,115 crore.
The NCDs have a 3.25-year tenure, 7.78% p.a. interest, and 1x book debt security cover.",ScoutQuest,2026-08-10T13:01:34,https://sqst.in/817l0
GSTK500034,Bajaj Finance,BAJFINANCE,852676.0,"Jefferies reshuffles India portfolio, removing HDFC Bank and PolicyBazaar.
MCX, Lenskart, and Bajaj Finance are added to the portfolio.","Jefferies reshuffles India portfolio, removing HDFC Bank and PolicyBazaar.
MCX, Lenskart, and Bajaj Finance are added to the portfolio.",Financial Express,2026-08-10T10:09:38,https://t.co/IEvl6xaYW3
GSTK500034,Bajaj Finance,BAJFINANCE,849931.0,"Bajaj Finance surged 8.3% post Q1FY27 results, reporting 29% YoY profit growth to ₹5,345.5 crore, hitting ₹1,151.5 highs.
Brokerages like Motilal Oswal, CLSA, HSBC upgraded ratings; Bernstein cautious citing valuation concerns despite strong performance.","Bajaj Finance surged 8.3% post Q1FY27 results, reporting 29% YoY profit growth to ₹5,345.5 crore, hitting ₹1,151.5 highs.
Brokerages like Motilal Oswal, CLSA, HSBC upgraded ratings; Bernstein cautious citing valuation concerns despite strong performance.",The Hindu Business Line,2026-08-08T01:29:25,https://www.thehindubusinessline.com/markets/stock-markets/bajaj-finance-shares-hit-fresh-52-week-high-after-q1-results-brokerages-turn-bullish/article71288998.ece
GSTK500034,Bajaj Finance,BAJFINANCE,8.735335719353738e+17,"Bajaj Finance sees stock decline amid significant market movements.
Auto stocks surge, while SBI delivers unexpected performance in the market.","Bajaj Finance sees stock decline amid significant market movements.
Auto stocks surge, while SBI delivers unexpected performance in the market.",ScoutQuest,2026-08-07T17:20:33,https://sqst.in/5NGYb
GSTK500034,Bajaj Finance,BAJFINANCE,848918.0,"RBI draft to restrict NBFC revolving credit hit Sensex (-456 pts) & Nifty (-0.27%). Bajaj Finance dropped 6% on flexi-loan curbs.
SBI (+4%), Motherson Sumi (+8.7%), and Hindalco (+3%) gains offset losses; PSU Banks and Defence rose 5% & 4% weekly.","RBI draft to restrict NBFC revolving credit hit Sensex (-456 pts) & Nifty (-0.27%). Bajaj Finance dropped 6% on flexi-loan curbs.
SBI (+4%), Motherson Sumi (+8.7%), and Hindalco (+3%) gains offset losses; PSU Banks and Defence rose 5% & 4% weekly.",The Hindu Business Line,2026-08-07T17:05:52,https://www.thehindubusinessline.com/markets/rbis-draft-nbfc-lending-norms-drag-sensex-nifty-despite-strong-q1-earnings/article71317374.ece
GSTK500034,Bajaj Finance,BAJFINANCE,847350.0,"Bajaj Finance sees major drop, analysts highlight stricter revolving credit norms.
Bernstein, IIFL provide analysis on RBI's revolving credit regulations.","Bajaj Finance sees major drop, analysts highlight stricter revolving credit norms.
Bernstein, IIFL provide analysis on RBI's revolving credit regulations.",CNBC-AWAAZ,2026-08-07T15:03:57,https://x.com/CNBC_Awaaz/status/2085660708956668125
GSTK500034,Bajaj Finance,BAJFINANCE,847193.0,Bajaj Finance sees a significant drop; reasons discussed by analysts.,Bajaj Finance sees a significant drop; reasons discussed by analysts.,CNBC-AWAAZ,2026-08-07T14:33:44,https://x.com/CNBC_Awaaz/status/2085653105388200002
GSTK500034,Bajaj Finance,BAJFINANCE,848021.0,"RBI proposes restricting NBFCs from offering revolving credit lines, impacting growth and profitability.
Bajaj Finance (15% exposure), Tata Capital (high single digits), and Chola (<1%) face varying impacts.","RBI proposes restricting NBFCs from offering revolving credit lines, impacting growth and profitability.
Bajaj Finance (15% exposure), Tata Capital (high single digits), and Chola (<1%) face varying impacts.",NDTV Profit,2026-08-07T13:50:53,https://www.ndtvprofit.com/markets/tata-capital-chola-bajaj-finance-in-focus-as-rbi-moves-to-restrict-revolving-credit-11877893#publisher=newsstand
GSTK500034,Bajaj Finance,BAJFINANCE,846569.0,"Nifty drops 90 points at noon; Bajaj Finance plunges 5%.
IT stocks remain resilient despite broader market weakness.","Nifty drops 90 points at noon; Bajaj Finance plunges 5%.
IT stocks remain resilient despite broader market weakness.",The Hindu Business Line,2026-08-07T12:54:45,https://www.thehindubusinessline.com/markets/stock-markets/nifty-slides-90-points-at-noon-bajaj-finance-tanks-5-it-stocks-hold-firm/article71316631.ece
GSTK500510,Larsen & Toubro,LT,2608138426764.0,"Larsen & Toubro secures Rs 10,000-15,000 crore order for India's largest AI factory.
The Chennai-based AI facility marks L&T's entry into the AI Factory business.","Larsen & Toubro secures Rs 10,000-15,000 crore order for India's largest AI factory.
The Chennai-based AI facility marks L&T's entry into the AI Factory business.",NDTV,2026-08-13T20:48:31,https://www.ndtv.com/india-news/l-t-bags-rs-10-000-crore-order-to-build-indias-largest-ai-factory-in-chennai-11906351
GSTK500510,Larsen & Toubro,LT,8.756191117909213e+17,"Larsen & Toubro's Vyoma.AI secured India's largest NVIDIA B300 AI Factory order.
The AI infrastructure will be built for a US-based innovator, hosted in Chennai.","Larsen & Toubro's Vyoma.AI secured India's largest NVIDIA B300 AI Factory order.
The AI infrastructure will be built for a US-based innovator, hosted in Chennai.",ScoutQuest,2026-08-13T11:27:44,https://sqst.in/shareMessage?msgId=875619111790921391
GSTK500510,Larsen & Toubro,LT,858727.0,Larsen & Toubro executes a business transfer agreement with its subsidiary.,Larsen & Toubro executes a business transfer agreement with its subsidiary.,ET NOW,2026-08-11T16:25:57,https://x.com/ETNOWlive/status/2087130895211958332
GSTK500510,Larsen & Toubro,LT,8.749659184509027e+17,"L&T plans to sell its Data Center and Cloud Services business for ₹1,400 crore.","L&T plans to sell its Data Center and Cloud Services business for ₹1,400 crore.",ScoutQuest,2026-08-11T16:12:11,https://sqst.in/shareMessage?msgId=874965918450902673
GSTK500510,Larsen & Toubro,LT,858438.0,"Larsen & Toubro signs agreements to transfer its Data Center and Cloud Services business to Vyoma.AI for ₹1,400 crore via equity shares.
L&T also divests its stake in LT Network Services to Vyoma.AI for ₹30 crore; transactions subject to closing conditions.","Larsen & Toubro signs agreements to transfer its Data Center and Cloud Services business to Vyoma.AI for ₹1,400 crore via equity shares.
L&T also divests its stake in LT Network Services to Vyoma.AI for ₹30 crore; transactions subject to closing conditions.",BSE,2026-08-11T15:53:21,https://www.bseindia.com/stockinfo/AnnPdfOpen.aspx?Pname=ebcc752a-004e-4219-8640-8f072c97a01b.pdf
GSTK500510,Larsen & Toubro,LT,8.749498397710701e+17,Larsen & Toubro plans to bid for India's rare earth magnet project.,Larsen & Toubro plans to bid for India's rare earth magnet project.,ScoutQuest,2026-08-11T15:08:17,https://sqst.in/shareMessage?msgId=874949839771070087
GSTK500510,Larsen & Toubro,LT,851645.0,"SBI led gains in top-10 firms, adding ₹63,922.03cr to valuation.
Reliance, TCS, and L&T also posted valuation increases; LIC saw steepest decline.","SBI led gains in top-10 firms, adding ₹63,922.03cr to valuation.
Reliance, TCS, and L&T also posted valuation increases; LIC saw steepest decline.",Business Standard,2026-08-09T10:19:44,https://www.business-standard.com/markets/news/mcap-of-4-of-top-10-most-valued-firms-jumps-1-43-trn-sbi-biggest-winner-126080900106_1.html
GSTK500510,Larsen & Toubro,LT,846527.0,"Larsen & Toubro wins major contract worth 50B-100B INR, boosting order inflow.","Larsen & Toubro wins major contract worth 50B-100B INR, boosting order inflow.",Livesquawk,2026-08-07T12:53:47,
GSTK500510,Larsen & Toubro,LT,8.734663214845244e+17,"L&T Energy Hydrocarbon Offshore wins ONGC orders for PRP-X and Well Head Platforms.
Projects include EPCIC of subsea pipelines and four platforms off India's west coast.","L&T Energy Hydrocarbon Offshore wins ONGC orders for PRP-X and Well Head Platforms.
Projects include EPCIC of subsea pipelines and four platforms off India's west coast.",ScoutQuest,2026-08-07T12:53:19,https://sqst.in/shareMessage?msgId=873466321484524407
GSTK500510,Larsen & Toubro,LT,2608074271751.0,"L&T's drone unit expects threefold revenue growth in five years, expanding India’s defense tech.
L&T projects delivering 100 Teer drones to IAF; UAV market to hit $3.2B by 2030.","L&T's drone unit expects threefold revenue growth in five years, expanding India’s defense tech.
L&T projects delivering 100 Teer drones to IAF; UAV market to hit $3.2B by 2030.",MarketScreener India,2026-08-07T12:00:00,https://in.marketscreener.com/news/l-t-says-unit-that-houses-drones-to-see-threefold-revenue-growth-over-five-years-ce7f50d2dc80fe20
GSTK543526,Life Insurance Corporation of India Ltd.,LICI,868648.0,"LIC representatives attended an Investors' Meet on August 13, 2026, with group and one-on-one meetings.
No unpublished price-sensitive information was shared; corporate presentation is on LIC's website.","LIC representatives attended an Investors' Meet on August 13, 2026, with group and one-on-one meetings.
No unpublished price-sensitive information was shared; corporate presentation is on LIC's website.",BSE,2026-08-13T16:00:22,https://www.bseindia.com/stockinfo/AnnPdfOpen.aspx?Pname=1d5ee293-18e3-4271-a095-1b0e677d42a0.pdf
GSTK543526,Life Insurance Corporation of India Ltd.,LICI,8.754090555425453e+17,"LIC to join Motilal Oswal's 22nd Annual Investor Conference on Aug 17, 2026.
LIC will hold group and one-on-one investor meetings; presentation for Aug 2026 is online.","LIC to join Motilal Oswal's 22nd Annual Investor Conference on Aug 17, 2026.
LIC will hold group and one-on-one investor meetings; presentation for Aug 2026 is online.",ScoutQuest,2026-08-12T21:33:03,https://sqst.in/F5ZaY
GSTK543526,Life Insurance Corporation of India Ltd.,LICI,8.753303269045704e+17,"LIC climbs 3%, continuing Monday's rally after positive momentum.
PI Industries drops 9% due to weak Q1 results and cautious outlook.","LIC climbs 3%, continuing Monday's rally after positive momentum.
PI Industries drops 9% due to weak Q1 results and cautious outlook.",ScoutQuest,2026-08-12T16:20:12,https://sqst.in/shareMessage?msgId=875330326904570367
GSTK543526,Life Insurance Corporation of India Ltd.,LICI,858482.0,"LIC shares rise ~3% after successful ₹31,552 cr OFS.
Strong Q1 results cited as a key trigger for LIC's rally.","LIC shares rise ~3% after successful ₹31,552 cr OFS.
Strong Q1 results cited as a key trigger for LIC's rally.",CNBC-AWAAZ,2026-08-11T15:34:28,https://x.com/CNBC_Awaaz/status/2087117940151967772
GSTK543526,Life Insurance Corporation of India Ltd.,LICI,8.749219497256493e+17,LIC confirms no immediate Offer for Sale post govt meeting public shareholding norms.,LIC confirms no immediate Offer for Sale post govt meeting public shareholding norms.,ScoutQuest,2026-08-11T13:17:28,https://sqst.in/YbGlK
GSTK543526,Life Insurance Corporation of India Ltd.,LICI,8.749117971611584e+17,"LIC's stock sees an upward movement today, details remain unspecified.","LIC's stock sees an upward movement today, details remain unspecified.",ScoutQuest,2026-08-11T12:37:07,https://sqst.in/shareMessage?msgId=874911797161158390
GSTK543526,Life Insurance Corporation of India Ltd.,LICI,2608105473907.0,"LIC faces pressure from global turmoil, impacting savings and insurance demand.
Persistency rates dipped; Q1 profit and value of new business saw sharp growth.","LIC faces pressure from global turmoil, impacting savings and insurance demand.
Persistency rates dipped; Q1 profit and value of new business saw sharp growth.",The Times of India,2026-08-10T08:16:53,https://timesofindia.indiatimes.com/business/india-business/lic-chief-flags-pressure-of-global-turmoil-on-industry/articleshow/133077298.cms
GSTK543526,Life Insurance Corporation of India Ltd.,LICI,851645.0,"SBI led gains in top-10 firms, adding ₹63,922.03cr to valuation.
Reliance, TCS, and L&T also posted valuation increases; LIC saw steepest decline.","SBI led gains in top-10 firms, adding ₹63,922.03cr to valuation.
Reliance, TCS, and L&T also posted valuation increases; LIC saw steepest decline.",Business Standard,2026-08-09T10:19:44,https://www.business-standard.com/markets/news/mcap-of-4-of-top-10-most-valued-firms-jumps-1-43-trn-sbi-biggest-winner-126080900106_1.html
GSTK543526,Life Insurance Corporation of India Ltd.,LICI,850557.0,"LIC stock sees buying recommendation post results; target revised upwards.
Experts estimate improved returns for LIC; details available on provided link.","LIC stock sees buying recommendation post results; target revised upwards.
Experts estimate improved returns for LIC; details available on provided link.",CNBC-AWAAZ,2026-08-08T14:08:38,https://t.co/xsmTb24c97
GSTK543526,Life Insurance Corporation of India Ltd.,LICI,2608084604346.0,"LIC plans to expand into health insurance, fintech: MD Doraiswamy.
Centre raised Rs 31,552 cr via LIC OFS, showing investor trust.","LIC plans to expand into health insurance, fintech: MD Doraiswamy.
Centre raised Rs 31,552 cr via LIC OFS, showing investor trust.",The Economic Times,2026-08-08T02:14:55,https://economictimes.indiatimes.com/industry/banking/finance/insure/lic-gets-a-market-vote-of-confidence-but-its-next-big-test-starts-now/articleshow/133041897.cms
GSTK500696,Hindustan Unilever,HINDUNILVR,865682.0,"Hindustan Unilever Ltd will join Motilal Oswal's 22nd Annual Global Investor Conference on 17th August 2026.
The conference will be held physically, as per Regulation 30 of SEBI listing norms.","Hindustan Unilever Ltd will join Motilal Oswal's 22nd Annual Global Investor Conference on 17th August 2026.
The conference will be held physically, as per Regulation 30 of SEBI listing norms.",BSE,2026-08-12T19:56:49,https://www.bseindia.com/stockinfo/AnnPdfOpen.aspx?Pname=10e04063-ecc6-458e-8022-4fe8a7e9bcd6.pdf
GSTK500696,Hindustan Unilever,HINDUNILVR,855437.0,"HUL, Britannia, Dabur, Godrej plan price hikes for essentials like biscuits, soap, oil.
Rising inflation impacts daily FMCG items; Indian consumers face higher costs soon.","HUL, Britannia, Dabur, Godrej plan price hikes for essentials like biscuits, soap, oil.
Rising inflation impacts daily FMCG items; Indian consumers face higher costs soon.",Zee Business,2026-08-10T18:56:17,https://x.com/ZeeBusiness/status/2086806340484186488
GSTK500696,Hindustan Unilever,HINDUNILVR,853418.0,"Nestle, Marico showed strong growth; HUL faced margin pressure.
ITC had a weak quarter as FMCG sector faced rising input costs.","Nestle, Marico showed strong growth; HUL faced margin pressure.
ITC had a weak quarter as FMCG sector faced rising input costs.",ET NOW,2026-08-10T13:19:32,https://x.com/ETNOWlive/status/2086721594962190508
GSTK500696,Hindustan Unilever,HINDUNILVR,2608095195364.0,"FMCG firms like Hindustan Unilever, Britannia, Dabur plan price hikes due to high input costs.
Strategies include selective price increases and reducing pack quantities without proportional price cuts.","FMCG firms like Hindustan Unilever, Britannia, Dabur plan price hikes due to high input costs.
Strategies include selective price increases and reducing pack quantities without proportional price cuts.",The Economic Times,2026-08-09T12:00:00,https://economictimes.indiatimes.com/industry/cons-products/fmcg/fmcg-makers-plan-more-price-hikes-as-input-costs-stay-elevated-demand-holds-strong/articleshow/133064271.cms
GSTK500696,Hindustan Unilever,HINDUNILVR,849598.0,"HUL shares dropped 7% as Q1 FY27 profit fell 3% to ₹2,673 crore despite 10% sales growth; margins squeezed by commodity inflation.
HUL plans ₹2,000 crore capex, focuses on premiumisation, digital beauty, and nutrition; Home Care and Beauty segments led growth.","HUL shares dropped 7% as Q1 FY27 profit fell 3% to ₹2,673 crore despite 10% sales growth; margins squeezed by commodity inflation.
HUL plans ₹2,000 crore capex, focuses on premiumisation, digital beauty, and nutrition; Home Care and Beauty segments led growth.",The Hindu Business Line,2026-08-07T20:39:52,https://www.thehindubusinessline.com/markets/stock-markets/hul-shares-fall-7-as-q1-attributable-profit-drops-3-to-2673-crore/article71276610.ece
GSTK500696,Hindustan Unilever,HINDUNILVR,829709.0,"India's FMCG top 7 report ₹43,779 cr turnover, up 13.9%.
EBITDA margin remains flat; includes Colgate, Unilever, Nestle.","India's FMCG top 7 report ₹43,779 cr turnover, up 13.9%.
EBITDA margin remains flat; includes Colgate, Unilever, Nestle.",The Hindu Business Line,2026-08-03T11:26:22,https://t.co/SZulMr6aqU
GSTK500696,Hindustan Unilever,HINDUNILVR,826908.0,"HUL, Dodla Dairy, Asian Paints, Havells, and Tata Consumer Products plan price hikes due to rising input costs.
RBI expects inflation to average 5.1% FY27; price hikes coincide with festive season and steady demand across India.","HUL, Dodla Dairy, Asian Paints, Havells, and Tata Consumer Products plan price hikes due to rising input costs.
RBI expects inflation to average 5.1% FY27; price hikes coincide with festive season and steady demand across India.",NDTV Profit,2026-08-01T08:21:08,https://www.ndtvprofit.com/business/hul-dodla-dairy-asian-paints-plan-fresh-price-hikes-testing-inflation-outlook-11851094#publisher=newsstand
GSTK500696,Hindustan Unilever,HINDUNILVR,26073157196683.0,"Top 7 FMCG firms see revenue rise of 13.9% to ₹43,779 crore in Q2.
Growth driven by rural demand, premiumisation, and quick commerce expansion.","Top 7 FMCG firms see revenue rise of 13.9% to ₹43,779 crore in Q2.
Growth driven by rural demand, premiumisation, and quick commerce expansion.",The Hindu BusinessLine,2026-07-31T19:31:59,https://www.thehindubusinessline.com/companies/indias-fmcg-top-seven-clock-43779-crore-turnover-up-139-ebitda-margin-stays-flat/article71287755.ece
GSTK500696,Hindustan Unilever,HINDUNILVR,817730.0,"Brokerages bullish on FMCG stocks like HUL and Varun Beverages.
HUL witnessed a sharp drop post-results but sees buying interest.","Brokerages bullish on FMCG stocks like HUL and Varun Beverages.
HUL witnessed a sharp drop post-results but sees buying interest.",CNBC-AWAAZ,2026-07-29T14:53:27,https://x.com/CNBC_Awaaz/status/2082396574215496085
GSTK500696,Hindustan Unilever,HINDUNILVR,817744.0,"HUL, Godfrey Philips, and Varun Beverages surged 4% post results, reversing prior losses.
Tejas Networks and Tilaknagar also gained, while Adani Ports outperformed expectations.","HUL, Godfrey Philips, and Varun Beverages surged 4% post results, reversing prior losses.
Tejas Networks and Tilaknagar also gained, while Adani Ports outperformed expectations.",Zee Business,2026-07-29T14:43:18,https://x.com/ZeeBusiness/status/2082394023478935797
GSTK524715,Sun Pharmaceutical Industries,SUNPHARMA,858503.0,"HC directs Sun Pharma arm to seek court approval before launching semaglutide tablet.
Novo Nordisk's semaglutide referenced; legal oversight emphasized in launch process.","HC directs Sun Pharma arm to seek court approval before launching semaglutide tablet.
Novo Nordisk's semaglutide referenced; legal oversight emphasized in launch process.",ET NOW,2026-08-11T15:45:24,https://x.com/ETNOWlive/status/2087120693779656971
GSTK524715,Sun Pharmaceutical Industries,SUNPHARMA,2608116076945.0,"Sun Pharma recalled 11 eyecare products in July after safety concerns.
Specialists flagged bacterial contamination in batches of Predmet eyedrop.","Sun Pharma recalled 11 eyecare products in July after safety concerns.
Specialists flagged bacterial contamination in batches of Predmet eyedrop.",The Economic Times,2026-08-11T02:03:02,https://economictimes.indiatimes.com/industry/healthcare/biotech/pharmaceuticals/sun-pharma-recalls-11-eyecare-products-amid-serious-bacterial-contamination-concerns/articleshow/133134589.cms
GSTK524715,Sun Pharmaceutical Industries,SUNPHARMA,2608095221687.0,"Indian pharma majors like Sun Pharma and Dr. Reddy's see growth driven by domestic branded formulations and emerging markets.
Q1 FY27 shows India and emerging markets cushioned Sun Pharma, Aurobindo Pharma, and Dr. Reddy's from US market slowdown.","Indian pharma majors like Sun Pharma and Dr. Reddy's see growth driven by domestic branded formulations and emerging markets.
Q1 FY27 shows India and emerging markets cushioned Sun Pharma, Aurobindo Pharma, and Dr. Reddy's from US market slowdown.",The Hindu BusinessLine,2026-08-09T15:19:04,https://www.thehindubusinessline.com/news/india-emerging-markets-power-business-of-pharma-majors-amid-us-slowdown/article71324437.ece
GSTK524715,Sun Pharmaceutical Industries,SUNPHARMA,2608095152198.0,"Trump's tariff plan targets Indian pharma, pressuring generic drugmakers to relocate production to the US.
Imported generic drugs will be duty-free until Aug 2028, with tariffs rising to 100% and 200%. ","Trump's tariff plan targets Indian pharma, pressuring generic drugmakers to relocate production to the US.
Imported generic drugs will be duty-free until Aug 2028, with tariffs rising to 100% and 200%. ",Live Mint,2026-08-09T11:55:06,https://www.livemint.com/industry/indian-pharma-us-tariffs-generic-drugs-trump-nifty-pharma-lupin-dr-reddys-sun-pharma-aurobindo-pharma-11786249255444.html
GSTK524715,Sun Pharmaceutical Industries,SUNPHARMA,2608063262235.0,"Motilal Oswal issued 7 buy calls spanning finance, tech, and other sectors post-Q1 earnings.
Highlighted stocks include Bajaj Finance, Sun Pharma, GAIL India, and Dixon Technologies.","Motilal Oswal issued 7 buy calls spanning finance, tech, and other sectors post-Q1 earnings.
Highlighted stocks include Bajaj Finance, Sun Pharma, GAIL India, and Dixon Technologies.",The Economic Times,2026-08-06T12:00:00,https://economictimes.indiatimes.com/wealth/invest/motilal-oswals-7-buy-calls-in-finance-tech-and-more-after-q1-earnings/slideshow/132981574.cms
GSTK524715,Sun Pharmaceutical Industries,SUNPHARMA,8.726876078032335e+17,"CRISIL reaffirmed Sun Pharma's long-term bank facilities rating as CRISIL AAA.
Rating Watch with Developing Implications status removed after April 2026 announcement.","CRISIL reaffirmed Sun Pharma's long-term bank facilities rating as CRISIL AAA.
Rating Watch with Developing Implications status removed after April 2026 announcement.",ScoutQuest,2026-08-05T09:18:59,https://sqst.in/shareMessage?msgId=872687607803233564
GSTK524715,Sun Pharmaceutical Industries,SUNPHARMA,2608041537866.0,"Indian pharma firms, including Sun Pharma, Torrent, Cipla, Ajanta, and Lupin, stand to benefit from ₹22,400 Cr patent expiries globally.
Sun Pharma, Torrent, Cipla, Ajanta, and Lupin leverage strong R&D, global reach, and specialty portfolios for growth amid patent cliff.","Indian pharma firms, including Sun Pharma, Torrent, Cipla, Ajanta, and Lupin, stand to benefit from ₹22,400 Cr patent expiries globally.
Sun Pharma, Torrent, Cipla, Ajanta, and Lupin leverage strong R&D, global reach, and specialty portfolios for growth amid patent cliff.",Trade Brains,2026-08-04T04:00:00,https://tradebrains.in/sun-pharmaceuticals-and-4-pharma-stocks-positioned-to-benefit-from-20000-cr-patent-expiry/
GSTK524715,Sun Pharmaceutical Industries,SUNPHARMA,8.720446821949292e+17,"Sun Pharma reports strong Q1 earnings and FY27 guidance.
Jayashree Satagopan discusses Sun Pharma's M&A roadmap on ET Now.","Sun Pharma reports strong Q1 earnings and FY27 guidance.
Jayashree Satagopan discusses Sun Pharma's M&A roadmap on ET Now.",ScoutQuest,2026-08-03T14:44:14,https://sqst.in/kVszP
GSTK524715,Sun Pharmaceutical Industries,SUNPHARMA,8.720142410144346e+17,"Sun Pharma CFO states it's early to assess Trump's tariff impact; aims high single-digit FY27 revenue growth.
Reports 12.8% global growth in innovative business, notes strong GLP-1 growth with in-house API and formulations.","Sun Pharma CFO states it's early to assess Trump's tariff impact; aims high single-digit FY27 revenue growth.
Reports 12.8% global growth in innovative business, notes strong GLP-1 growth with in-house API and formulations.",ScoutQuest,2026-08-03T12:43:16,https://sqst.in/shareMessage?msgId=872014241014434529
GSTK524715,Sun Pharmaceutical Industries,SUNPHARMA,829831.0,"Sun Pharma forecasts pricing pressures in upcoming quarters, indicating margin earnings headwinds.
Recovery in prices or volume growth needed to mitigate the adverse impact.","Sun Pharma forecasts pricing pressures in upcoming quarters, indicating margin earnings headwinds.
Recovery in prices or volume growth needed to mitigate the adverse impact.",Livesquawk,2026-08-03T12:08:20,
GSTK500209,Infosys,INFY,862999.0,"Sensex fell 605.3 points to 77,548.96, Nifty 50 dropped 186.6 to 24,284.5, led by IT stock selloff.
TCS, HDFC Bank, Infosys, Reliance fell; Nifty IT dropped 2%; PSU Bank, Metal indices gained slightly.","Sensex fell 605.3 points to 77,548.96, Nifty 50 dropped 186.6 to 24,284.5, led by IT stock selloff.
TCS, HDFC Bank, Infosys, Reliance fell; Nifty IT dropped 2%; PSU Bank, Metal indices gained slightly.",NDTV Profit,2026-08-12T13:27:12,https://www.ndtvprofit.com/markets/stock-market-crash-sensex-tanks-over-600-points-nifty-50-slips-below-24-300-five-key-reasons-explained-11898802#publisher=newsstand
GSTK500209,Infosys,INFY,857189.0,Infosys and Vedanta are among 10 stocks with reduced LIC holdings in Q1.,Infosys and Vedanta are among 10 stocks with reduced LIC holdings in Q1.,The Economic Times,2026-08-11T11:10:12,https://economictimes.indiatimes.com/markets/stocks/news/infosys-vedanta-among-10-stocks-that-saw-the-sharpest-decrease-in-lic-holdings-in-q1-see-full-list/out-of-favour/slideshow/133142456.cms
GSTK500209,Infosys,INFY,857086.0,"Retail investors invested Rs 17,914 crore in Infosys, Reliance, TCS, Wipro, HCL Tech, and ITC despite June quarter declines.
All six stocks saw declines during the period, yet retail investors took a contrarian approach to accumulate shares.","Retail investors invested Rs 17,914 crore in Infosys, Reliance, TCS, Wipro, HCL Tech, and ITC despite June quarter declines.
All six stocks saw declines during the period, yet retail investors took a contrarian approach to accumulate shares.",The Economic Times,2026-08-11T10:35:00,https://economictimes.indiatimes.com/markets/stocks/news/retail-investors-make-rs-18000-crore-bold-contra-bet-on-6-falling-bluechip-stocks-will-it-pay-off/articleshow/133142033.cms?utm_source=contentofinterest&utm_medium=text&utm_campaign=cppst
GSTK500209,Infosys,INFY,846977.0,"Kotak predicts challenging year for IT sector as AI gains won't offset revenue deflation for TCS, Infosys, HCLTech.
TCS, Infosys, HCLTech may struggle despite AI advancements, says Kotak, hinting at sector-wide revenue concerns.","Kotak predicts challenging year for IT sector as AI gains won't offset revenue deflation for TCS, Infosys, HCLTech.
TCS, Infosys, HCLTech may struggle despite AI advancements, says Kotak, hinting at sector-wide revenue concerns.",Financial Express,2026-08-07T14:05:20,https://t.co/JNQZc0Ay3a
GSTK500209,Infosys,INFY,843824.0,"Infosys signed a 10-year deal to transform Crocs' IT systems for scalable growth.
The partnership will use AI platforms to streamline operations, reduce costs, and enhance agility.","Infosys signed a 10-year deal to transform Crocs' IT systems for scalable growth.
The partnership will use AI platforms to streamline operations, reduce costs, and enhance agility.",BSE,2026-08-06T17:41:42,https://www.bseindia.com/stockinfo/AnnPdfOpen.aspx?Pname=e4104279-3cb4-4eee-9c02-a970fd6cb332.pdf
GSTK500209,Infosys,INFY,838708.0,"Infosys expands collaboration with Metsä Group for AI-led IT transformation using Infosys Topaz Fabric.
Partnership aims to enhance IT operations, drive productivity, and scale innovation for Metsä Group's global operations.","Infosys expands collaboration with Metsä Group for AI-led IT transformation using Infosys Topaz Fabric.
Partnership aims to enhance IT operations, drive productivity, and scale innovation for Metsä Group's global operations.",BSE,2026-08-05T15:28:23,https://www.bseindia.com/stockinfo/AnnPdfOpen.aspx?Pname=fbd80c7c-bbc7-443a-8f87-c6057e34adc5.pdf
GSTK500209,Infosys,INFY,8.726897553959341e+17,"Infosys and RIL were among top traded CAS turnover stocks.
2.4 Cr shares of Ather Energy traded on Tuesday.","Infosys and RIL were among top traded CAS turnover stocks.
2.4 Cr shares of Ather Energy traded on Tuesday.",ScoutQuest,2026-08-05T09:27:31,https://sqst.in/30vhN
GSTK500209,Infosys,INFY,833481.0,"IT stocks TCS, Infosys, HCLTech, Coforge see futures price and open interest decline.
TCS options show fresh activity at Rs 2,400-2,500; Infosys sees unwinding across key strikes.","IT stocks TCS, Infosys, HCLTech, Coforge see futures price and open interest decline.
TCS options show fresh activity at Rs 2,400-2,500; Infosys sees unwinding across key strikes.",NDTV Profit,2026-08-04T11:16:33,https://www.ndtvprofit.com/markets/tcs-infosys-hcltech-fall-as-traders-cut-f-o-positions-in-it-stocks-ahead-of-expiry-11862647#publisher=newsstand
GSTK500209,Infosys,INFY,2608041418308.0,"TCS and Infosys adopt contrasting AI strategies; TCS focuses on AI infrastructure, Infosys on AI-native software transformation.
TCS's AI-linked revenue rose 13.6% sequentially in Q1FY27, while Infosys's AI services share grew to 8.2% of total revenue.","TCS and Infosys adopt contrasting AI strategies; TCS focuses on AI infrastructure, Infosys on AI-native software transformation.
TCS's AI-linked revenue rose 13.6% sequentially in Q1FY27, while Infosys's AI services share grew to 8.2% of total revenue.",Financial Express,2026-08-04T05:03:00,https://www.financialexpress.com/market/stock-insights/tcs-and-infosys-are-taking-opposite-ai-bets-which-one-wins/4309767/
GSTK500209,Infosys,INFY,832318.0,"NSE CAS debut sees Rs 1,276.2 crore turnover; top 10 stocks drive 30%.
ICICI Bank, HDFC Bank, Reliance, Infosys, TCS dominate NSE CAS activity.","NSE CAS debut sees Rs 1,276.2 crore turnover; top 10 stocks drive 30%.
ICICI Bank, HDFC Bank, Reliance, Infosys, TCS dominate NSE CAS activity.",NDTV Profit,2026-08-03T21:46:02,https://www.ndtvprofit.com/markets/nse-closing-auction-turnover-hits-rs-1-276-crore-top-10-stocks-drive-30-share-11861009#publisher=newsstand
GSTK532500,Maruti Suzuki India,MARUTI,841413.0,"Maruti Suzuki, Grasim among 38 stocks with dividend payouts deadline today.
Investors must act promptly to secure dividends from listed stocks.","Maruti Suzuki, Grasim among 38 stocks with dividend payouts deadline today.
Investors must act promptly to secure dividends from listed stocks.",The Economic Times,2026-08-06T08:50:15,https://economictimes.indiatimes.com/markets/stocks/news/dividend-alert-last-day-to-buy-maruti-suzuki-grasim-among-38-stocks-for-dividend-payouts-how-many-do-you-own/articleshow/132979612.cms?utm_source=contentofinterest&utm_medium=text&utm_campaign=cppst
GSTK532500,Maruti Suzuki India,MARUTI,841301.0,"Maruti Suzuki, ABB India, Chennai Petro, Alkem Labs, Grasim, and Sharda Cropchem offer dividends; Aug 6, 2026, is the last buy date.
Key payouts: Maruti Rs. 140/share, ABB Rs. 90/share; TDS at 10% if dividends exceed Rs. 5,000/year.","Maruti Suzuki, ABB India, Chennai Petro, Alkem Labs, Grasim, and Sharda Cropchem offer dividends; Aug 6, 2026, is the last buy date.
Key payouts: Maruti Rs. 140/share, ABB Rs. 90/share; TDS at 10% if dividends exceed Rs. 5,000/year.",NDTV Profit,2026-08-06T06:56:04,https://www.ndtvprofit.com/markets/maruti-suzuki-abb-india-chennai-petroleum-alkem-laboratories-grasim-sharda-cropchem-dividends-last-day-to-buy-shares-to-qualify-11872199#publisher=newsstand
GSTK532500,Maruti Suzuki India,MARUTI,2608052664659.0,"Maruti Suzuki declared a final dividend of Rs 140/share for FY26; record date is Aug 7, payout on Sep 9.
Q4 FY26 saw profit decline by 6.9% to Rs 3,590.5 cr, but revenue grew 28.2% YOY to Rs 52,449.3 cr.","Maruti Suzuki declared a final dividend of Rs 140/share for FY26; record date is Aug 7, payout on Sep 9.
Q4 FY26 saw profit decline by 6.9% to Rs 3,590.5 cr, but revenue grew 28.2% YOY to Rs 52,449.3 cr.",Zee Business,2026-08-05T12:00:00,https://www.zeebiz.com/markets/stocks/news-2800-dividend-by-automaker-record-date-on-aug-7-399990
GSTK532500,Maruti Suzuki India,MARUTI,8.727256627360095e+17,"Suzuki Motor's Q1 FY26 revenue rose 22% YoY to 1,705.8B yen.
Operating profit grew 11.2% YoY; overseas sales surged 29.3%.","Suzuki Motor's Q1 FY26 revenue rose 22% YoY to 1,705.8B yen.
Operating profit grew 11.2% YoY; overseas sales surged 29.3%.",ScoutQuest,2026-08-05T11:50:12,https://sqst.in/pS53n
GSTK532500,Maruti Suzuki India,MARUTI,837250.0,"Morgan Stanley sees India's growth rebounding, sets June 2027 Sensex target at 89,000, with a bull case of 1,00,000.
Focus stocks include Lenskart, Varun Beverages, Adani Power, Trent, Maruti Suzuki, Bajaj Finance, ICICI Bank, and UltraTech Cement.","Morgan Stanley sees India's growth rebounding, sets June 2027 Sensex target at 89,000, with a bull case of 1,00,000.
Focus stocks include Lenskart, Varun Beverages, Adani Power, Trent, Maruti Suzuki, Bajaj Finance, ICICI Bank, and UltraTech Cement.",NDTV Profit,2026-08-05T09:33:32,https://www.ndtvprofit.com/markets/morgan-stanley-stock-picks-target-price-for-next-growth-ride-lenskart-varun-beverages-to-adani-power-11867365#publisher=newsstand
GSTK532500,Maruti Suzuki India,MARUTI,837040.0,"LIC invested Rs 16,578 crore in its top 10 stock additions in Q1 FY24.
Key investments include Bharti Airtel, Maruti Suzuki, and ITC.","LIC invested Rs 16,578 crore in its top 10 stock additions in Q1 FY24.
Key investments include Bharti Airtel, Maruti Suzuki, and ITC.",The Economic Times,2026-08-05T09:15:00,https://economictimes.indiatimes.com/markets/stocks/news/inside-lics-rs-16-lakh-crore-portfolio-its-biggest-stock-buys-and-sells-in-june-quarter/articleshow/132886296.cms?utm_source=contentofinterest&utm_medium=text&utm_campaign=cppst
GSTK532500,Maruti Suzuki India,MARUTI,829400.0,"Maruti Suzuki's stock drops post-Q1 earnings miss, raising entry point queries.","Maruti Suzuki's stock drops post-Q1 earnings miss, raising entry point queries.",Zee Business,2026-08-03T09:53:28,https://t.co/C5UmxISvBO
GSTK532500,Maruti Suzuki India,MARUTI,829479.0,"Maruti Suzuki Q1 revenue beat keeps Nirmal Bang bullish despite margin pressure.
Key drivers include PV market leadership, multi powertrain strategy, and entry segment recovery.","Maruti Suzuki Q1 revenue beat keeps Nirmal Bang bullish despite margin pressure.
Key drivers include PV market leadership, multi powertrain strategy, and entry segment recovery.",NDTV Profit,2026-08-03T09:24:18,https://www.ndtvprofit.com/markets/maruti-suzuki-shares-in-focus-q1-revenue-beat-keeps-nirmal-bang-bullish-despite-margin-pressure-check-target-price-11857581#publisher=newsstand
GSTK532500,Maruti Suzuki India,MARUTI,829315.0,"Brokerages express a positive outlook on ITC and Maruti Suzuki.
The reasons for bullishness were not detailed in the provided text.","Brokerages express a positive outlook on ITC and Maruti Suzuki.
The reasons for bullishness were not detailed in the provided text.",CNBC-AWAAZ,2026-08-03T09:01:53,https://x.com/CNBC_Awaaz/status/2084120041281483047
GSTK532500,Maruti Suzuki India,MARUTI,8.719473151521119e+17,"Maruti responds to Q1 earnings updates alongside Persistent and IOC.
SBIFunds, UPL, and DLF are also scheduled to report today.","Maruti responds to Q1 earnings updates alongside Persistent and IOC.
SBIFunds, UPL, and DLF are also scheduled to report today.",ScoutQuest,2026-08-03T08:17:19,https://sqst.in/shareMessage?msgId=871947315152111889
GSTK500114,Titan Company,TITAN,874026.0,"Titan Company Ltd schedules an analyst/investor meet on 20-Aug-26 with ICICI Lombard.
No price-sensitive information or forward-looking statements will be discussed in the meeting.","Titan Company Ltd schedules an analyst/investor meet on 20-Aug-26 with ICICI Lombard.
No price-sensitive information or forward-looking statements will be discussed in the meeting.",BSE,2026-08-14T16:36:25,https://www.bseindia.com/stockinfo/AnnPdfOpen.aspx?Pname=7ecca265-4979-49de-bba2-0c33f593a083.pdf
GSTK500114,Titan Company,TITAN,854726.0,"Markets flatlined Monday; Nifty gained 0.05%, Sensex rose 0.06%, amid crude price pressures.
PSU Banks fell sharply; SBI biggest Nifty loser. Titan, Tata Consumer led gains; gold held firm.","Markets flatlined Monday; Nifty gained 0.05%, Sensex rose 0.06%, amid crude price pressures.
PSU Banks fell sharply; SBI biggest Nifty loser. Titan, Tata Consumer led gains; gold held firm.",The Hindu Business Line,2026-08-10T17:19:21,https://www.thehindubusinessline.com/markets/benchmarks-flatline-for-third-day-as-crude-keeps-bulls-at-bay/article71328131.ece
GSTK500114,Titan Company,TITAN,854021.0,"Titan's shares shine amid questions on FY30 growth guidance and jewelry business revenue.
The stock's performance is analyzed alongside its results and future outlook.","Titan's shares shine amid questions on FY30 growth guidance and jewelry business revenue.
The stock's performance is analyzed alongside its results and future outlook.",Zee Business,2026-08-10T15:03:33,https://x.com/ZeeBusiness/status/2086747770392838202
GSTK500114,Titan Company,TITAN,8.745621396163708e+17,"Titan Q1 results show strong performance, boosting midcap sentiment.","Titan Q1 results show strong performance, boosting midcap sentiment.",ScoutQuest,2026-08-10T13:27:42,https://sqst.in/pbX1Z
GSTK500114,Titan Company,TITAN,853620.0,"Titan's diamond jewellery growth matched gold jewellery at 34-35% in Q1, driven by lower carat diamond sales.
Jewellery margins beat expectations due to customs duty cuts; Festival of Diamonds may sustain growth in Q2.","Titan's diamond jewellery growth matched gold jewellery at 34-35% in Q1, driven by lower carat diamond sales.
Jewellery margins beat expectations due to customs duty cuts; Festival of Diamonds may sustain growth in Q2.",NDTV Profit,2026-08-10T13:10:01,https://www.ndtvprofit.com/economy/titans-diamond-jewellery-growth-catches-up-with-gold-for-first-time-in-quarters-cfo-11888649#publisher=newsstand
GSTK500114,Titan Company,TITAN,853626.0,"ICICI Securities reviews Q1 FY27 for Titan, Hindalco, Fortis, Blue Star, Ramco.
Differentiated ratings provided; full analysis behind paywall.","ICICI Securities reviews Q1 FY27 for Titan, Hindalco, Fortis, Blue Star, Ramco.
Differentiated ratings provided; full analysis behind paywall.",NDTV Profit,2026-08-10T12:33:44,https://www.ndtvprofit.com/markets/titan-fortis-healthcare-hindalco-blue-star-ramco-cements-buy-add-or-hold-heres-icici-securities-take-11888722#publisher=newsstand
GSTK500114,Titan Company,TITAN,852945.0,"Titan hits new high, Sky Gold up 14% driven by healthy Q1 earnings; Titan rose 3% to ₹5,081.35, Sky Gold jumped 148% YoY.
Sky Gold's Q1FY27 PAT surged 141% YoY to ₹104.9cr; Titan focuses on buyer growth amid volatile gold prices while Motilal Oswal maintains 'BUY' rating.","Titan hits new high, Sky Gold up 14% driven by healthy Q1 earnings; Titan rose 3% to ₹5,081.35, Sky Gold jumped 148% YoY.
Sky Gold's Q1FY27 PAT surged 141% YoY to ₹104.9cr; Titan focuses on buyer growth amid volatile gold prices while Motilal Oswal maintains 'BUY' rating.",Business Standard,2026-08-10T11:17:00,https://www.business-standard.com/markets/news/jewellery-stocks-in-focus-titan-hits-new-high-sky-gold-up-14-here-s-why-126081000374_1.html
GSTK500114,Titan Company,TITAN,8.745250301510227e+17,"Titan reports a strong Q1FY27, highlighting robust performance.
Margin improvement in H2FY27 depends on product mix, says the company.","Titan reports a strong Q1FY27, highlighting robust performance.
Margin improvement in H2FY27 depends on product mix, says the company.",ScoutQuest,2026-08-10T11:00:15,https://sqst.in/u5Oj7
GSTK500114,Titan Company,TITAN,8.745191413565967e+17,"Titan CFO Ashok Sonthalia clarifies a ₹400 crore one-off in Q1 results.
The impact of the one-off on Titan's margins was also discussed.","Titan CFO Ashok Sonthalia clarifies a ₹400 crore one-off in Q1 results.
The impact of the one-off on Titan's margins was also discussed.",ScoutQuest,2026-08-10T10:36:51,https://sqst.in/fsWPM
GSTK500114,Titan Company,TITAN,8.745167958011359e+17,"Titan hits a 10-year high; analysts suggest a target of ₹5,250.
Investors advised to consider buying on dips or waiting for better entry points.","Titan hits a 10-year high; analysts suggest a target of ₹5,250.
Investors advised to consider buying on dips or waiting for better entry points.",ScoutQuest,2026-08-10T10:27:31,https://sqst.in/oUALY
GSTK500520,Mahindra & Mahindra,M&M,8.757365397200111e+17,"Mahindra University sold 867,027 Mahindra & Mahindra shares, 0.07% of voting capital.
Proceeds from the sale will fund educational and charitable initiatives.","Mahindra University sold 867,027 Mahindra & Mahindra shares, 0.07% of voting capital.
Proceeds from the sale will fund educational and charitable initiatives.",ScoutQuest,2026-08-13T19:14:21,https://sqst.in/LrZxd
GSTK500520,Mahindra & Mahindra,M&M,864814.0,"Anuradha and Anand Mahindra pledged ₹500 Cr to Mahindra University, fulfilling it with M&M equity shares valued at ₹300 Cr.
The contribution includes 8,67,027 M&M shares (0.07% of voting capital) to support MU’s infrastructure and educational objectives.","Anuradha and Anand Mahindra pledged ₹500 Cr to Mahindra University, fulfilling it with M&M equity shares valued at ₹300 Cr.
The contribution includes 8,67,027 M&M shares (0.07% of voting capital) to support MU’s infrastructure and educational objectives.",BSE,2026-08-12T18:16:29,https://www.bseindia.com/stockinfo/AnnPdfOpen.aspx?Pname=65bfb07a-b7d1-46a3-8afa-2f148cebbcb7.pdf
GSTK500520,Mahindra & Mahindra,M&M,854727.0,"Mahindra's July sales rose 24.8% YoY to 1,02,710 units, led by Scorpio diesel at 15,562 units.
Electric Origin SUV sales surged 61.3% YoY; exports grew 47.4% to 4,159 units across models.","Mahindra's July sales rose 24.8% YoY to 1,02,710 units, led by Scorpio diesel at 15,562 units.
Electric Origin SUV sales surged 61.3% YoY; exports grew 47.4% to 4,159 units across models.",CNBC TV 18,2026-08-10T17:19:13,https://www.cnbctv18.com/business/companies/mahindra-sales-jump-25-in-july-to-over-1-lakh-vehicles-scorpio-leads-suv-volumes-19965800.htm
GSTK500520,Mahindra & Mahindra,M&M,8.746090062407855e+17,"M&M's total production rose 20.4% YoY to 102,000 units in July.
Sales increased 24.8% YoY to 103,000 units; exports grew 47.4% to 4,159 units.","M&M's total production rose 20.4% YoY to 102,000 units in July.
Sales increased 24.8% YoY to 103,000 units; exports grew 47.4% to 4,159 units.",ScoutQuest,2026-08-10T16:33:56,https://sqst.in/shareMessage?msgId=874609006240785517
GSTK500520,Mahindra & Mahindra,M&M,852602.0,"Mahindra & Mahindra focuses on Holidays & Lifespaces, appointing Amit Kumar Sinha as CEO.
Sinha will lead the Real Estate & Hospitality sector for Mahindra Group.","Mahindra & Mahindra focuses on Holidays & Lifespaces, appointing Amit Kumar Sinha as CEO.
Sinha will lead the Real Estate & Hospitality sector for Mahindra Group.",ET NOW,2026-08-10T09:44:41,https://x.com/ETNOWlive/status/2086667529007800729
GSTK500520,Mahindra & Mahindra,M&M,2608095335268.0,"Mahindra Group appoints Shveta Arya as Group Chief Strategy Officer from Sep 15.
Arya will join Mahindra & Mahindra Ltd's senior management, transitioning from her MD role.","Mahindra Group appoints Shveta Arya as Group Chief Strategy Officer from Sep 15.
Arya will join Mahindra & Mahindra Ltd's senior management, transitioning from her MD role.",The Economic Times,2026-08-09T23:13:00,https://hr.economictimes.indiatimes.com/news/industry/mahindra-group-appoints-shveta-arya-as-group-chief-strategy-officer/133072612
GSTK500520,Mahindra & Mahindra,M&M,845157.0,"Mahindra & Mahindra Ltd. completes divestment of stake in Erkunt Foundry.
Erkunt Foundry ceases to be a step-down subsidiary effective 6th Aug 2026.","Mahindra & Mahindra Ltd. completes divestment of stake in Erkunt Foundry.
Erkunt Foundry ceases to be a step-down subsidiary effective 6th Aug 2026.",BSE,2026-08-06T22:20:15,https://www.bseindia.com/stockinfo/AnnPdfOpen.aspx?Pname=91cd1bad-008c-4e03-92d8-cc25538d1bfd.pdf
GSTK500520,Mahindra & Mahindra,M&M,8.726983032826276e+17,"Mahindra & Mahindra Ltd. breaks horizontal resistance with bullish momentum.
The stock shows rising volume, higher lows, and consolidation base for growth.","Mahindra & Mahindra Ltd. breaks horizontal resistance with bullish momentum.
The stock shows rising volume, higher lows, and consolidation base for growth.",ScoutQuest,2026-08-05T10:01:29,https://sqst.in/shareMessage?msgId=872698303282627647
GSTK500520,Mahindra & Mahindra,M&M,837245.0,"HSBC picks ICICI Bank, M&M, Titan, Phoenix Mills, Fortis Healthcare, Hindalco among top India stock ideas.
India's resilient demand, corporate earnings, and $25B potential inflows boost HSBC's positive market outlook.","HSBC picks ICICI Bank, M&M, Titan, Phoenix Mills, Fortis Healthcare, Hindalco among top India stock ideas.
India's resilient demand, corporate earnings, and $25B potential inflows boost HSBC's positive market outlook.",NDTV Profit,2026-08-05T09:41:53,https://www.ndtvprofit.com/markets/hsbc-bets-on-icici-bank-m-m-titan-among-top-india-picks-says-foreign-inflows-could-be-next-market-trigger-11867198#publisher=newsstand
GSTK500520,Mahindra & Mahindra,M&M,8.723137485203881e+17,"Morgan Stanley retains Overweight on Mahindra & Mahindra, ups target to ₹4,370.
Target hike driven by improved tractor sales, higher EPS, and subsidiary valuations.","Morgan Stanley retains Overweight on Mahindra & Mahindra, ups target to ₹4,370.
Target hike driven by improved tractor sales, higher EPS, and subsidiary valuations.",ScoutQuest,2026-08-04T08:33:24,https://sqst.in/shareMessage?msgId=872313748520388143
GSTK533096,Adani Power,ADANIPOWER,856805.0,"Adani Group stocks, including Adani Enterprises, Power, Green, and Energy Solutions, may see focus as US judge dismisses charges.","Adani Group stocks, including Adani Enterprises, Power, Green, and Energy Solutions, may see focus as US judge dismisses charges.",The Economic Times,2026-08-11T09:05:00,https://economictimes.indiatimes.com/markets/stocks/news/adani-group-stocks-in-focus-after-us-judge-drops-criminal-case-against-gautam-adani/articleshow/133141156.cms
GSTK533096,Adani Power,ADANIPOWER,838032.0,"Adani Power's amalgamation scheme for 9 subsidiaries approved by NCLT Ahmedabad.
Approval for Vidarbha Industries Power Ltd remains pending at NCLT Mumbai.","Adani Power's amalgamation scheme for 9 subsidiaries approved by NCLT Ahmedabad.
Approval for Vidarbha Industries Power Ltd remains pending at NCLT Mumbai.",BSE,2026-08-05T13:02:18,https://www.bseindia.com/stockinfo/AnnPdfOpen.aspx?Pname=e011f15a-05c6-4102-9faa-a39312f3e835.pdf
GSTK533096,Adani Power,ADANIPOWER,837250.0,"Morgan Stanley sees India's growth rebounding, sets June 2027 Sensex target at 89,000, with a bull case of 1,00,000.
Focus stocks include Lenskart, Varun Beverages, Adani Power, Trent, Maruti Suzuki, Bajaj Finance, ICICI Bank, and UltraTech Cement.","Morgan Stanley sees India's growth rebounding, sets June 2027 Sensex target at 89,000, with a bull case of 1,00,000.
Focus stocks include Lenskart, Varun Beverages, Adani Power, Trent, Maruti Suzuki, Bajaj Finance, ICICI Bank, and UltraTech Cement.",NDTV Profit,2026-08-05T09:33:32,https://www.ndtvprofit.com/markets/morgan-stanley-stock-picks-target-price-for-next-growth-ride-lenskart-varun-beverages-to-adani-power-11867365#publisher=newsstand
GSTK533096,Adani Power,ADANIPOWER,2.7387144566891187e+18,Adani Infra India Limited buys 124.8M shares of Adani Power at ₹210.5 avg.,Adani Infra India Limited buys 124.8M shares of Adani Power at ₹210.5 avg.,NSE Block Trades,2026-08-04T21:00:14,https://www.nseindia.com/report-detail/display-bulk-and-block-deals
GSTK533096,Adani Power,ADANIPOWER,833740.0,"NCLT Ahmedabad approves merger of nine Adani Power subsidiaries.
This development consolidates operations under Adani Power, as per agencies.","NCLT Ahmedabad approves merger of nine Adani Power subsidiaries.
This development consolidates operations under Adani Power, as per agencies.",ET NOW,2026-08-04T12:52:22,https://x.com/ETNOWlive/status/2084540430281302463
GSTK533096,Adani Power,ADANIPOWER,833650.0,"NCLT Ahmedabad approves Adani Power's merger with 9 subsidiaries.
The merger consolidates operations under Adani Power.","NCLT Ahmedabad approves Adani Power's merger with 9 subsidiaries.
The merger consolidates operations under Adani Power.",Livesquawk,2026-08-04T12:46:30,
GSTK533096,Adani Power,ADANIPOWER,833523.0,"Morgan Stanley projects $5.5-trn energy capex in Asia; BHEL, Adani Power, NTPC, Tata Power, JSW Energy likely to benefit.
India's power demand expected to rise 6.75% (2025-30); RE share to grow from 25% FY27 to 35% FY31.","Morgan Stanley projects $5.5-trn energy capex in Asia; BHEL, Adani Power, NTPC, Tata Power, JSW Energy likely to benefit.
India's power demand expected to rise 6.75% (2025-30); RE share to grow from 25% FY27 to 35% FY31.",Business Standard,2026-08-04T12:00:22,https://www.business-standard.com/markets/news/bhel-adani-among-key-gainers-of-5-5-trn-asia-energy-capex-morgan-stanley-126080400490_1.html
GSTK533096,Adani Power,ADANIPOWER,819498.0,"Adani Power reported record Q1 FY27 results with revenue of INR17,936 crore, up 27% YoY, and profit after tax rising 47% to INR4,867 crore.
The company achieved its highest quarterly power generation of 31 billion units and advanced capacity expansion plans, including nuclear and thermal projects.","Adani Power reported record Q1 FY27 results with revenue of INR17,936 crore, up 27% YoY, and profit after tax rising 47% to INR4,867 crore.
The company achieved its highest quarterly power generation of 31 billion units and advanced capacity expansion plans, including nuclear and thermal projects.",BSE,2026-07-29T21:41:43,https://www.bseindia.com/stockinfo/AnnPdfOpen.aspx?Pname=043015c9-c21f-4abf-a752-b0336ea387e5.pdf
GSTK533096,Adani Power,ADANIPOWER,26072552637222.0,"Adani Power targets 45 GW capacity by 2032, Rs 2 lakh crore capex funded via internal cash flows.
95% capacity tied to long-term PPAs; QIP approved for future funding, Bangladesh dues improving.","Adani Power targets 45 GW capacity by 2032, Rs 2 lakh crore capex funded via internal cash flows.
95% capacity tied to long-term PPAs; QIP approved for future funding, Bangladesh dues improving.",Business Today,2026-07-25T12:00:00,https://www.businesstoday.in/markets/stocks/story/adani-power-45-gw-target-rs-2-lakh-cr-capex-plan-among-conference-call-highlights-545001-2026-07-25
GSTK533096,Adani Power,ADANIPOWER,804658.0,"Adani Power plans its first nuclear project in Madhya Pradesh.
The initiative aims at significant expansion in the energy sector.","Adani Power plans its first nuclear project in Madhya Pradesh.
The initiative aims at significant expansion in the energy sector.",The Hindu Business Line,2026-07-23T21:55:06,https://www.thehindubusinessline.com/companies/adani-power-eyes-madhya-pradesh-for-its-first-nuclear-project/article71257306.ece?utm_campaign=mrf-twitter-businessline&utm_source=twitter&utm_medium=social&mrfcid=202607236a624061fc5bd475569999ea
GSTK512599,Adani Enterprises,ADANIENT,8.757207943069901e+17,"Adani Enterprises acquired 100% stake in Path Highways LLP for INR 91.3 crore.
The acquisition aims to strengthen Adani's road infrastructure business presence.","Adani Enterprises acquired 100% stake in Path Highways LLP for INR 91.3 crore.
The acquisition aims to strengthen Adani's road infrastructure business presence.",ScoutQuest,2026-08-13T18:11:47,https://sqst.in/shareMessage?msgId=875720794306990068
GSTK512599,Adani Enterprises,ADANIENT,856974.0,"Adani stocks rise as US court clears Gautam Adani of criminal charges.
Adani Green, Adani Enterprises, and others gain up to 3% in reaction.","Adani stocks rise as US court clears Gautam Adani of criminal charges.
Adani Green, Adani Enterprises, and others gain up to 3% in reaction.",ET NOW,2026-08-11T10:16:40,https://www.etnownews.com/markets/adani-stocks-rejoice-as-us-court-drops-criminal-charges-on-gautam-adani-adani-green-adani-enterprises-others-jump-up-to-3-article-155578685
GSTK512599,Adani Enterprises,ADANIENT,856822.0,US judge dismisses criminal charges against Adani Enterprises.,US judge dismisses criminal charges against Adani Enterprises.,ET NOW,2026-08-11T09:21:16,https://x.com/ETNOWlive/status/2087024020462129212
GSTK512599,Adani Enterprises,ADANIENT,856805.0,"Adani Group stocks, including Adani Enterprises, Power, Green, and Energy Solutions, may see focus as US judge dismisses charges.","Adani Group stocks, including Adani Enterprises, Power, Green, and Energy Solutions, may see focus as US judge dismisses charges.",The Economic Times,2026-08-11T09:05:00,https://economictimes.indiatimes.com/markets/stocks/news/adani-group-stocks-in-focus-after-us-judge-drops-criminal-case-against-gautam-adani/articleshow/133141156.cms
GSTK512599,Adani Enterprises,ADANIENT,8.738876089459045e+17,"Adani Enterprises forms AACL Global IFSC Limited for treasury activities.
The subsidiary has a paid-up capital of ₹5 lakh under IFSCA regulations.","Adani Enterprises forms AACL Global IFSC Limited for treasury activities.
The subsidiary has a paid-up capital of ₹5 lakh under IFSCA regulations.",ScoutQuest,2026-08-08T16:47:22,https://sqst.in/shareMessage?msgId=873887608945904541
GSTK512599,Adani Enterprises,ADANIENT,840551.0,"Adani Enterprises redeemed commercial papers worth Rs. 15 crore on 05 August 2026.
The redemption was of 300 CPs upon maturity, with no outstanding amount remaining.","Adani Enterprises redeemed commercial papers worth Rs. 15 crore on 05 August 2026.
The redemption was of 300 CPs upon maturity, with no outstanding amount remaining.",BSE,2026-08-05T20:16:50,https://www.bseindia.com/stockinfo/AnnPdfOpen.aspx?Pname=3e58eb6d-5459-4fad-b342-000e76d8d7f7.pdf
GSTK512599,Adani Enterprises,ADANIENT,8.725322046541202e+17,"Adani Defence Systems acquired 44.6% stake in Flight Simulation Solutions, now owning 100%.
The acquisition aligns with SPA terms; announcement made on August 4, 2026.","Adani Defence Systems acquired 44.6% stake in Flight Simulation Solutions, now owning 100%.
The acquisition aligns with SPA terms; announcement made on August 4, 2026.",ScoutQuest,2026-08-04T23:01:28,https://sqst.in/a6jBd
GSTK512599,Adani Enterprises,ADANIENT,819561.0,"Adani Enterprises shared the audio recording of its Q1 FY27 investors' call.
The recording pertains to the company's unaudited financial results for June 2026.","Adani Enterprises shared the audio recording of its Q1 FY27 investors' call.
The recording pertains to the company's unaudited financial results for June 2026.",BSE,2026-07-29T22:23:20,https://www.bseindia.com/stockinfo/AnnPdfOpen.aspx?Pname=27ba2102-c2fe-4469-9e10-7c8a66fa2c74.pdf
GSTK512599,Adani Enterprises,ADANIENT,818327.0,"Adani Enterprises posted a ₹1,160 crore net loss for Q1 after ₹2,644 crore OFAC settlement.
The payment was made under an agreement with the US Office of Foreign Assets Control.","Adani Enterprises posted a ₹1,160 crore net loss for Q1 after ₹2,644 crore OFAC settlement.
The payment was made under an agreement with the US Office of Foreign Assets Control.",The Hindu Business Line,2026-07-29T16:57:27,https://www.thehindubusinessline.com/news/adani-enterprises-posts-q1-loss-after-paying-2644-cr-as-ofac-settlement-in-the-us/article71280978.ece?utm_campaign=mrf-twitter-businessline&utm_source=twitter&utm_medium=social&mrfcid=202607296a69e39e8cfafb73d496e86f
GSTK512599,Adani Enterprises,ADANIENT,817874.0,"Adani Enterprises reports Rs 1,160 cr loss due to one-time expense.
Revenue surges 50% YoY despite the reported loss in Q1 results.","Adani Enterprises reports Rs 1,160 cr loss due to one-time expense.
Revenue surges 50% YoY despite the reported loss in Q1 results.",The Economic Times,2026-07-29T15:07:49,https://x.com/ETMarkets/status/2082400190598918448
GSTK532921,Adani Ports and Special Economic Zone,ADANIPORTS,865614.0,"Adani Ports redeemed 5,000 CPs worth Rs. 250 cr on maturity date 12/08/2026.
No outstanding amount remains post redemption; full payment certified under SEBI guidelines.","Adani Ports redeemed 5,000 CPs worth Rs. 250 cr on maturity date 12/08/2026.
No outstanding amount remains post redemption; full payment certified under SEBI guidelines.",BSE,2026-08-12T19:45:49,https://www.bseindia.com/stockinfo/AnnPdfOpen.aspx?Pname=260ae4e5-8892-4d3e-8a9b-a553e7d6702f.pdf
GSTK532921,Adani Ports and Special Economic Zone,ADANIPORTS,8.750407030506056e+17,"Adani Ports formed OSOL, a wholly-owned subsidiary of Ocean Sparkle Ltd.
OSOL focuses on ship management, supporting global marine fleet expansion.","Adani Ports formed OSOL, a wholly-owned subsidiary of Ocean Sparkle Ltd.
OSOL focuses on ship management, supporting global marine fleet expansion.",ScoutQuest,2026-08-11T21:09:21,https://sqst.in/I3p91
GSTK532921,Adani Ports and Special Economic Zone,ADANIPORTS,846114.0,"Adani Ports executed NSE block trade of Rs.163.4 cr for 967,523 shares.
Trade occurred at Rs.1689.1 per share, highlighting investor activity.","Adani Ports executed NSE block trade of Rs.163.4 cr for 967,523 shares.
Trade occurred at Rs.1689.1 per share, highlighting investor activity.",Livesquawk,2026-08-07T11:01:44,
GSTK532921,Adani Ports and Special Economic Zone,ADANIPORTS,8.719532564801953e+17,"Adani Ports' July 2026 cargo volume was 46.3 MMT, up 15% YoY.
YTD July 2026 cargo reached 184.4 MMT, with logistics rail volume up 16% YoY.","Adani Ports' July 2026 cargo volume was 46.3 MMT, up 15% YoY.
YTD July 2026 cargo reached 184.4 MMT, with logistics rail volume up 16% YoY.",ScoutQuest,2026-08-03T08:40:56,https://sqst.in/vteX9
GSTK532921,Adani Ports and Special Economic Zone,ADANIPORTS,829119.0,"Motilal Oswal recommends Adani Ports, Bajaj Finance, KFin Tech, Radico Khaitan, Syrma SGS, and Emcure Pharma as top picks for August with potential upsides of 14.3%-28%.
Adani Ports, KFin, Syrma SGS, and others show strong growth potential with robust financials and strategic expansions; risks include geopolitical disruptions and sector challenges.","Motilal Oswal recommends Adani Ports, Bajaj Finance, KFin Tech, Radico Khaitan, Syrma SGS, and Emcure Pharma as top picks for August with potential upsides of 14.3%-28%.
Adani Ports, KFin, Syrma SGS, and others show strong growth potential with robust financials and strategic expansions; risks include geopolitical disruptions and sector challenges.",Business Standard,2026-08-03T07:46:21,https://www.business-standard.com/markets/news/adani-ports-radico-kfin-among-6-top-stock-ideas-for-aug-by-motilal-oswal-126080300065_1.html
GSTK532921,Adani Ports and Special Economic Zone,ADANIPORTS,824697.0,Adani Ports witnesses 18.4 lakh shares traded in a block deal.,Adani Ports witnesses 18.4 lakh shares traded in a block deal.,ET NOW,2026-07-31T14:16:01,https://x.com/ETNOWlive/status/2083111933386113391
GSTK532921,Adani Ports and Special Economic Zone,ADANIPORTS,820214.0,"Adani Ports shares fell 3% post-Q1 results as per ET Markets.
Nomura and brokerages project up to 24% upside for the stock.","Adani Ports shares fell 3% post-Q1 results as per ET Markets.
Nomura and brokerages project up to 24% upside for the stock.",The Economic Times,2026-07-30T09:35:53,https://economictimes.indiatimes.com/markets/stocks/news/adani-ports-shares-shed-3-after-q1-results-heres-why-nomura-and-other-brokerages-see-up-to-24-upside/articleshow/132726589.cms
GSTK532921,Adani Ports and Special Economic Zone,ADANIPORTS,820124.0,"Sensex drops over 150 points; Nifty tests 24,200 level.
Eternal and Adani Ports stocks fall by 2% each.","Sensex drops over 150 points; Nifty tests 24,200 level.
Eternal and Adani Ports stocks fall by 2% each.",The Economic Times,2026-07-30T09:18:48,https://x.com/ETMarkets/status/2082674747100590228
GSTK532921,Adani Ports and Special Economic Zone,ADANIPORTS,820033.0,"Nomura maintains Buy on Adani Ports with ₹2,080 target as Q1 outperformed.
Strong ports business offset logistics weakness; robust balance sheet aids expansion.","Nomura maintains Buy on Adani Ports with ₹2,080 target as Q1 outperformed.
Strong ports business offset logistics weakness; robust balance sheet aids expansion.",Livesquawk,2026-07-30T08:59:29,
GSTK532921,Adani Ports and Special Economic Zone,ADANIPORTS,819917.0,"Brokerages shared mixed ratings on Asian Paints, Dabur, Adani Ports, Eicher Motors, and Colgate.
Adani Ports, Eicher Motors received strong optimism, while Dabur, Colgate faced tempered expectations.","Brokerages shared mixed ratings on Asian Paints, Dabur, Adani Ports, Eicher Motors, and Colgate.
Adani Ports, Eicher Motors received strong optimism, while Dabur, Colgate faced tempered expectations.",NDTV Profit,2026-07-30T07:07:46,https://www.ndtvprofit.com/markets/stock-picks-today-asian-paints-dabur-adani-ports-eicher-motors-bajaj-finance-colgate-syngene-and-more-on-brokerages-radar-11840835#publisher=newsstand
GSTK500247,Kotak Mahindra Bank,KOTAKBANK,865848.0,"Kotak Mahindra Bank to meet institutional investors/analysts abroad (Aug 17-26, 2026).
Meetings won't involve unpublished price-sensitive info; schedule may change.","Kotak Mahindra Bank to meet institutional investors/analysts abroad (Aug 17-26, 2026).
Meetings won't involve unpublished price-sensitive info; schedule may change.",BSE,2026-08-12T20:22:21,https://www.bseindia.com/stockinfo/AnnPdfOpen.aspx?Pname=611f8783-9260-4e33-9a76-8931344c59e0.pdf
GSTK500247,Kotak Mahindra Bank,KOTAKBANK,837247.0,"Axis Securities' August picks include ICICI Bank, Bharti Airtel, and Kotak Mahindra Bank with upsides up to 28%.
Mid/small caps like Dalmia Bharat, Avenue Supermarts, and APL Apollo Tubes offer growth potential with upsides of 24–26%.","Axis Securities' August picks include ICICI Bank, Bharti Airtel, and Kotak Mahindra Bank with upsides up to 28%.
Mid/small caps like Dalmia Bharat, Avenue Supermarts, and APL Apollo Tubes offer growth potential with upsides of 24–26%.",NDTV Profit,2026-08-05T09:37:51,https://www.ndtvprofit.com/markets/15-stocks-for-august-icici-bank-bharti-airtel-kotak-bank-among-axis-securities-top-picks-upside-up-to-28-full-list-inside-11867364#publisher=newsstand
GSTK500247,Kotak Mahindra Bank,KOTAKBANK,829456.0,"Kotak Mahindra Bank NSE block trade valued Rs. 19.8 Cr for 503,425 shares.
Shares traded at Rs. 393.4 during the block transaction.","Kotak Mahindra Bank NSE block trade valued Rs. 19.8 Cr for 503,425 shares.
Shares traded at Rs. 393.4 during the block transaction.",Livesquawk,2026-08-03T10:12:15,
GSTK500247,Kotak Mahindra Bank,KOTAKBANK,827535.0,"Kotak Mahindra Bank celebrates 40 years, achieving Rs.10 lakh crore consolidated balance sheet growth in FY 2025-26.
FY 2025-26 highlights include Rs.19,288 crore PAT, 43.3% CASA, and key acquisition of Deutsche Bank's retail businesses in India.","Kotak Mahindra Bank celebrates 40 years, achieving Rs.10 lakh crore consolidated balance sheet growth in FY 2025-26.
FY 2025-26 highlights include Rs.19,288 crore PAT, 43.3% CASA, and key acquisition of Deutsche Bank's retail businesses in India.",BSE,2026-08-01T14:42:23,https://www.bseindia.com/stockinfo/AnnPdfOpen.aspx?Pname=f2066290-f4b1-41b0-acc3-378a1cf6d585.pdf
GSTK500247,Kotak Mahindra Bank,KOTAKBANK,26073156467163.0,"Kotak Investment Banking appoints V Jayasankar, Sourav Mallik as Co-CEOs, effective Aug 1, in leadership reshuffle.
Kotak Mahindra Bank Q1 net profit rose 25.6% YoY to ₹4,123 crore; shares fell 0.67% to ₹387.60 on NSE.","Kotak Investment Banking appoints V Jayasankar, Sourav Mallik as Co-CEOs, effective Aug 1, in leadership reshuffle.
Kotak Mahindra Bank Q1 net profit rose 25.6% YoY to ₹4,123 crore; shares fell 0.67% to ₹387.60 on NSE.",CNBC TV18,2026-07-30T23:35:12,https://www.cnbctv18.com/business/companies/kotak-investment-banking-names-jayasankar-sourav-mallik-as-co-ceos-in-leadership-rejig-19958046.htm
GSTK500247,Kotak Mahindra Bank,KOTAKBANK,813219.0,"Kotak Mahindra Bank seeks $600M offshore loan from HSBC, CTBC.
Loan expected to qualify under RBI's Special Swap Facility.","Kotak Mahindra Bank seeks $600M offshore loan from HSBC, CTBC.
Loan expected to qualify under RBI's Special Swap Facility.",Livesquawk,2026-07-28T09:02:06,
GSTK500247,Kotak Mahindra Bank,KOTAKBANK,801896.0,Three private banks surpassed Kotak Mahindra's growth in Q1 but trade at lower valuations.,Three private banks surpassed Kotak Mahindra's growth in Q1 but trade at lower valuations.,Financial Express,2026-07-23T06:16:49,https://t.co/pUGdiCzOfh
GSTK500247,Kotak Mahindra Bank,KOTAKBANK,26072350741516.0,"Mid-cap banks like Yes Bank, RBL Bank, and Karur Vysya Bank posted strong loan growth in Q1 FY27, outpacing Kotak Mahindra Bank's 15% growth.
Despite faster growth, mid-cap banks trade at lower valuations than Kotak Mahindra Bank, with foreign investors holding stakes in Yes and RBL.","Mid-cap banks like Yes Bank, RBL Bank, and Karur Vysya Bank posted strong loan growth in Q1 FY27, outpacing Kotak Mahindra Bank's 15% growth.
Despite faster growth, mid-cap banks trade at lower valuations than Kotak Mahindra Bank, with foreign investors holding stakes in Yes and RBL.",Financial Express,2026-07-23T05:30:00,https://www.financialexpress.com/market/stock-insights/these-3-private-banks-outgrew-kotak-mahindra-in-q1but-still-trade-much-cheaper/4299575/
GSTK500247,Kotak Mahindra Bank,KOTAKBANK,26072250378243.0,"New LCR norms effective April 2026 improved liquidity, aiding credit growth as deposit growth lags.
Banks like Kotak Mahindra, HDFC, and YES Bank saw LCR rises, while ICICI Bank's declined by 200 bps.","New LCR norms effective April 2026 improved liquidity, aiding credit growth as deposit growth lags.
Banks like Kotak Mahindra, HDFC, and YES Bank saw LCR rises, while ICICI Bank's declined by 200 bps.",Financial Express,2026-07-22T20:26:00,https://www.financialexpress.com/business/banking-finance/new-norms-lift-banks-liquidity-coverage-ratio-in-q1/4299648/
GSTK500247,Kotak Mahindra Bank,KOTAKBANK,800041.0,"Private banks like HDFC, Axis, and Kotak saw sharp declines due to weak Q1FY27 margins.
Experts suggest selective buying as sector faces margin pressure, despite strong fundamentals.","Private banks like HDFC, Axis, and Kotak saw sharp declines due to weak Q1FY27 margins.
Experts suggest selective buying as sector faces margin pressure, despite strong fundamentals.",Livemint,2026-07-22T14:08:09,https://www.livemint.com/market/stock-market-news/private-bank-stocks-see-a-strong-selloff-this-week-after-reporting-weak-q1-margins-time-to-add-or-stay-clear-11784706638261.html
GSTK532215,Axis Bank,AXISBANK,874099.0,"LIC nominates K.S. Giridhar as Non-Executive Director for Axis Bank's board, replacing Mini Ipe.
Giridhar, with 35 years at LIC, manages ₹14 trillion AUM, specializing in investments and governance.","LIC nominates K.S. Giridhar as Non-Executive Director for Axis Bank's board, replacing Mini Ipe.
Giridhar, with 35 years at LIC, manages ₹14 trillion AUM, specializing in investments and governance.",BSE,2026-08-14T16:43:42,https://www.bseindia.com/stockinfo/AnnPdfOpen.aspx?Pname=4a26cafd-afaf-4d86-8fe3-731d50358898.pdf
GSTK532215,Axis Bank,AXISBANK,8.76017698286815e+17,"Axis Bank plans to acquire 10% more stake in Axis Max Life.
This move precedes the reverse merger of Max Financial and Axis Max Life.","Axis Bank plans to acquire 10% more stake in Axis Max Life.
This move precedes the reverse merger of Max Financial and Axis Max Life.",ScoutQuest,2026-08-14T13:51:34,https://sqst.in/shareMessage?msgId=876017698286814971
GSTK532215,Axis Bank,AXISBANK,862050.0,"Axis Bank NSE block trade worth ₹34.4 crore for 281,187 shares.
Trade executed at ₹1,222.40 per share.","Axis Bank NSE block trade worth ₹34.4 crore for 281,187 shares.
Trade executed at ₹1,222.40 per share.",Livesquawk,2026-08-12T12:17:50,
GSTK532215,Axis Bank,AXISBANK,8.752541302138412e+17,"Axis Bank issued $300M senior notes at 5.3% under $5B GMTN programme.
Notes to be listed on India International Exchange and NSE IFSC.","Axis Bank issued $300M senior notes at 5.3% under $5B GMTN programme.
Notes to be listed on India International Exchange and NSE IFSC.",ScoutQuest,2026-08-12T11:17:26,https://sqst.in/AYbXt
GSTK532215,Axis Bank,AXISBANK,859721.0,"Axis Bank has allotted 1,132,709 equity shares under its ESOP/RSU scheme.
Paid-up capital increased to Rs. 6,225.6M from Rs. 6,223.3M.","Axis Bank has allotted 1,132,709 equity shares under its ESOP/RSU scheme.
Paid-up capital increased to Rs. 6,225.6M from Rs. 6,223.3M.",BSE,2026-08-11T18:17:41,https://www.bseindia.com/stockinfo/AnnPdfOpen.aspx?Pname=b1a85d24-f5e0-4956-a028-b89fc2f591e3.pdf
GSTK532215,Axis Bank,AXISBANK,852210.0,"Analysts recommend Axis Bank, ICICI Bank, SBI for up to 27% upside.
Top 9 picks include leading banking stocks; full list available online.","Analysts recommend Axis Bank, ICICI Bank, SBI for up to 27% upside.
Top 9 picks include leading banking stocks; full list available online.",ET NOW,2026-08-10T07:15:50,https://t.co/dthgBPOm5u
GSTK532215,Axis Bank,AXISBANK,846060.0,"ICICI Bank and Axis Bank issue $300M each in USD bonds, leveraging favorable global conditions.
ICICI's 5-year bonds at 5.35% coupon; Axis reissues June 2031 bonds, raising total to $600M.","ICICI Bank and Axis Bank issue $300M each in USD bonds, leveraging favorable global conditions.
ICICI's 5-year bonds at 5.35% coupon; Axis reissues June 2031 bonds, raising total to $600M.",The Hindu Business Line,2026-08-07T10:38:31,https://www.thehindubusinessline.com/money-and-banking/icici-bank-axis-bank-tap-dollar-debt-again-in-less-than-two-months-bankers-say/article71316304.ece
GSTK532215,Axis Bank,AXISBANK,8.724691600623064e+17,"Moody's assigned Baa3 rating with stable outlook to Axis Bank's senior notes.
Rating subject to potential revision or withdrawal by Moody's.","Moody's assigned Baa3 rating with stable outlook to Axis Bank's senior notes.
Rating subject to potential revision or withdrawal by Moody's.",ScoutQuest,2026-08-04T18:50:57,https://sqst.in/shareMessage?msgId=872469160062306384
GSTK532215,Axis Bank,AXISBANK,8.72468790971941e+17,"AXIS Bank issued USD 300M senior notes under its GMTN programme.
Notes priced at 99.544, 5.3% coupon rate, maturing June 30, 2031.","AXIS Bank issued USD 300M senior notes under its GMTN programme.
Notes priced at 99.544, 5.3% coupon rate, maturing June 30, 2031.",ScoutQuest,2026-08-04T18:49:29,https://sqst.in/fr3mN
GSTK532215,Axis Bank,AXISBANK,833159.0,"Banking stocks, including SBI, HDFC Bank, ICICI Bank, and Axis Bank, fell ahead of RBI's monetary policy decision amid inflation concerns.
The Nifty Bank index declined 1%, with Federal Bank dropping over 3%, while Canara Bank, BoB, and PNB traded positively.","Banking stocks, including SBI, HDFC Bank, ICICI Bank, and Axis Bank, fell ahead of RBI's monetary policy decision amid inflation concerns.
The Nifty Bank index declined 1%, with Federal Bank dropping over 3%, while Canara Bank, BoB, and PNB traded positively.",Livemint,2026-08-04T10:28:59,https://www.livemint.com/market/stock-market-news/sbi-hdfc-bank-to-icici-bank-axis-bank-bank-stocks-fall-ahead-of-rbi-monetary-policy-decision-tomorrow-11785816258149.html
GSTK532281,HCL Technologies,HCLTECH,,,,,,
GSTK500875,ITC,ITC,,,,,,
GSTK532538,UltraTech Cement,ULTRACEMCO,,,,,,
GSTK532555,NTPC,NTPC,,,,,,
GSTK532978,Bajaj Finserv,BAJAJFINSV,,,,,,
GSTK532977,Bajaj Auto,BAJAJ-AUTO,,,,,,
GSTK541154,Hindustan Aeronautics,HAL,,,,,,
GSTK500228,JSW Steel,JSWSTEEL,,,,,,
GSTK500312,Oil & Natural Gas Corporation,ONGC,,,,,,
GSTK543320,Eternal (Zomato),ETERNAL,,,,,,
GSTK500790,Nestle India,NESTLEIND,,,,,,
GSTK500049,Bharat Electronics,BEL,,,,,,
GSTK532898,Power Grid Corporation of India,POWERGRID,,,,,,
GSTK500820,Asian Paints,ASIANPAINT,,,,,,
GSTK540376,Avenue Supermarts,DMART,,,,,,
GSTK533278,Coal India,COALINDIA,,,,,,
GSTK511218,Shriram Finance,SHRIRAMFIN,,,,,,
GSTK500470,Tata Steel,TATASTEEL,,,,,,
GSTK500188,Hindustan Zinc,HINDZINC,,,,,,
GSTK541450,Adani Green Energy,ADANIGREEN,,,,,,
GSTK500440,Hindalco Industries,HINDALCO,,,,,,
GSTK505200,Eicher Motors,EICHERMOT,,,,,,
GSTK532488,Divi's Laboratories,DIVISLAB,,,,,,
GSTK500300,Grasim Industries,GRASIM,,,,,,
GSTK532343,TVS Motor Company,TVSMOTOR,,,,,,
GSTK539448,Interglobe Aviation,INDIGO,,,,,,
GSTK539254,Adani Energy Solutions,ADANIENSOL,,,,,,
GSTK530965,Indian Oil Corporation,IOC,,,,,,
GSTK500420,Torrent Pharmaceuticals,TORNTPHARM,,,,,,
GSTK540719,SBI Life Insurance Company,SBILIFE,,,,,,
GSTK507685,Wipro,WIPRO,,,,,,
GSTK544780,Vedanta Aluminium Metal,VAML,,,,,,
GSTK544274,Hyundai Motor India,HYUNDAI,,,,,,
GSTK543940,JIO Financial Services,JIOFIN,,,,,,
GSTK532725,Solar Industries India,SOLARINDS,,,,,,
GSTK500331,Pidilite Industries,PIDILITIND,,,,,,
GSTK532868,DLF,DLF,,,,,,
GSTK532755,Tech Mahindra,TECHM,,,,,,
GSTK544569,Tata Motors Commercial Vehicles,TMCV,,,,,,
GSTK500251,Trent,TRENT,,,,,,
GSTK517334,Samvardhana Motherson International,MOTHERSON,,,,,,
GSTK511243,Cholamandalam Investment & Finance Company,CHOLAFIN,,,,,,
GSTK544574,Tata Capital,TATACAP,,,,,,
GSTK500002,ABB India,ABB,,,,,,
GSTK544658,ICICI Prudential Asset Management Company,ICICIAMC,,,,,,
GSTK500480,Cummins India,CUMMINSIND,,,,,,
GSTK540180,Varun Beverages,VBL,,,,,,
GSTK543187,Hitachi Energy India,POWERINDIA,,,,,,
GSTK500103,Bharat Heavy Electricals,BHEL,,,,,,
GSTK532822,Vodafone Idea,IDEA,,,,,,
GSTK532810,Power Finance Corporation,PFC,,,,,,
GSTK500547,Bharat Petroleum Corporation,BPCL,,,,,,
GSTK542652,Polycab India,POLYCAB,,,,,,
GSTK500093,CG Power & Industrial Solutions,CGPOWER,,,,,,
GSTK500550,Siemens,SIEMENS,,,,,,
GSTK532477,Union Bank of India,UNIONBANK,,,,,,
GSTK500825,Britannia Industries,BRITANNIA,,,,,,
GSTK532461,Punjab National Bank,PNB,,,,,,
GSTK540005,LTM,LTM,,,,,,
GSTK508869,Apollo Hospitals Enterprise,APOLLOHOSP,,,,,,
GSTK500490,Bajaj Holdings & Investment,BAJAJHLDNG,,,,,,
GSTK532134,Bank of Baroda,BANKBARODA,,,,,,
GSTK533398,Muthoot Finance,MUTHOOTFIN,,,,,,
GSTK500570,Tata Motors Passenger Vehicles,TMPV,,,,,,
GSTK543287,Lodha Developers,LODHA,,,,,,
GSTK544603,Groww (Billionbrains Garage Ventures),GROWW,,,,,,
GSTK500400,Tata Power Company,TATAPOWER,,,,,,
GSTK500530,Bosch,BOSCHLTD,,,,,,
GSTK532155,GAIL (India),GAIL,,,,,,
GSTK540777,HDFC Life Insurance Company,HDFCLIFE,,,,,,
GSTK500087,Cipla,CIPLA,,,,,,
GSTK543257,Indian Railway Finance Corp,IRFC,,,,,,
GSTK544390,Siemens Energy India,ENRIN,,,,,,
GSTK512455,Lloyds Metals & Energy,LLOYDSME,,,,,,
GSTK532483,Canara Bank,CANBK,,,,,,
GSTK531642,Marico,MARICO,,,,,,
GSTK532814,Indian Bank,INDIANB,,,,,,
GSTK532286,Jindal Steel,JINDALSTEL,,,,,,
GSTK532321,Zydus Lifesciences,ZYDUSLIFE,,,,,,
GSTK541729,HDFC Asset Management Company,HDFCAMC,,,,,,
GSTK532754,GMR Airports,GMRAIRPORT,,,,,,
GSTK540691,Aditya Birla Capital,ABCAPITAL,,,,,,
GSTK522275,GE Vernova T&D India,GVT&D,,,,,,
GSTK500257,Lupin,LUPIN,,,,,,
GSTK532432,United Spirits,UNITDSPR,,,,,,
GSTK532424,Godrej Consumer Products,GODREJCP,,,,,,
GSTK500182,Hero MotoCorp,HEROMOTOCO,,,,,,
GSTK500425,Ambuja Cements,AMBUJACEM,,,,,,
GSTK500800,Tata Consumer Products,TATACONSUM,,,,,,
GSTK543220,Max Healthcare Institute,MAXHEALTH,,,,,,
GSTK500493,Bharat Forge,BHARATFORG,,,,,,
GSTK500850,The Indian Hotels Company,INDHOTEL,,,,,,
GSTK500295,Vedanta,VEDL,,,,,,
GSTK534816,Indus Towers,INDUSTOWER,,,,,,
GSTK543904,Mankind Pharma,MANKIND,,,,,,
GSTK533148,JSW Energy,JSWENERGY,,,,,,
GSTK544576,LG Electronics India,LGEINDIA,,,,,,
GSTK532955,REC Limited,RECLTD,,,,,,
GSTK540222,Laurus Labs,LAURUSLABS,,,,,,
GSTK544600,Lenskart Solutions,LENSKART,,,,,,
GSTK500477,Ashok Leyland,ASHOKLEY,,,,,,
GSTK532466,Oracle Financial Services Software,OFSS,,,,,,
GSTK543237,Mazagon Dock Shipbuilders,MAZDOCK,,,,,,
GSTK500124,Dr Reddy's Laboratories,DRREDDY,,,,,,
GSTK543384,Nykaa - FSN E-Commerce Ventures Ltd.,NYKAA,,,,,,
GSTK500387,Shree Cement,SHREECEM,,,,,,
GSTK524804,Aurobindo Pharma,AUROPHARMA,,,,,,
GSTK500116,IDBI Bank,IDBI,,,,,,
GSTK500469,Federal Bank,FEDERALBNK,,,,,,
GSTK533179,Persistent Systems,PERSISTENT,,,,,,
GSTK540699,Dixon Technologies (India),DIXON,,,,,,
GSTK543396,Paytm - One97 Communications Ltd,PAYTM,,,,,,
GSTK544632,Meesho,MEESHO,,,,,,
GSTK500104,Hindustan Petroleum Corporation,HINDPETRO,,,,,,
GSTK540716,ICICI Lombard General Insurance Company,ICICIGI,,,,,,
GSTK544162,Bharti Hexacom,BHARTIHEXA,,,,,,
GSTK532777,Info Edge (India),NAUKRI,,,,,,
GSTK517354,Havells India,HAVELLS,,,,,,
GSTK533098,NHPC,NHPC,,,,,,
GSTK532187,IndusInd Bank,INDUSINDBK,,,,,,
GSTK544285,Swiggy,SWIGGY,,,,,,
GSTK540611,AU Small Finance Bank,AUBANK,,,,,,
GSTK533519,L&T Finance,LTF,,,,,,
GSTK503806,SRF,SRF,,,,,,
GSTK544277,Waaree Energies,WAAREEENER,,,,,,
GSTK532541,Coforge,COFORGE,,,,,,
GSTK544289,NTPC Green Energy,NTPCGREEN,,,,,,
GSTK526371,NMDC,NMDC,,,,,,
GSTK540133,ICICI Prudential Life Insurance Company,ICICIPRULI,,,,,,
GSTK500096,Dabur India,DABUR,,,,,,
GSTK533106,Oil India,OIL,,,,,,
GSTK540767,Nippon Life India Asset Management,NAM-INDIA,,,,,,
GSTK543390,PolicyBazaar - PB Fintech Ltd.,POLICYBZR,,,,,,
GSTK539437,IDFC First Bank,IDFCFIRSTB,,,,,,
GSTK543994,JSW Infrastructure,JSWINFRA,,,,,,
GSTK544252,Bajaj Housing Finance,BAJAJHFL,,,,,,
GSTK542066,Adani Total Gas,ATGL,,,,,,
GSTK540975,Aster DM Quality Care,ASTERDM,,,,,,
GSTK532648,Yes Bank,YESBANK,,,,,,
GSTK532843,Fortis Healthcare,FORTIS,,,,,,
GSTK532779,Torrent Power,TORNTPOWER,,,,,,
GSTK500113,Steel Authority of India,SAIL,,,,,,
GSTK533274,Prestige Estates Projects,PRESTIGE,,,,,,
GSTK532523,Biocon,BIOCON,,,,,,
GSTK539523,Alkem Laboratories,ALKEM,,,,,,
GSTK534091,Multi Commodity Exchange of India,MCX,,,,,,
GSTK532539,UNO Minda,UNOMINDA,,,,,,
GSTK503100,Phoenix Mills,PHOENIXLTD,,,,,,
GSTK533273,Oberoi Realty,OBEROIRLTY,,,,,,
GSTK532667,Suzlon Energy,SUZLON,,,,,,
GSTK532388,Indian Overseas Bank,IOB,,,,,,
GSTK532234,National Aluminium Co,NATIONALUM,,,,,,
GSTK505790,Schaeffler India,SCHAEFFLER,,,,,,
GSTK533150,Godrej Properties,GODREJPROP,,,,,,
GSTK543278,Kalyan Jewellers India,KALYANKJIL,,,,,,
GSTK532296,Glenmark Pharmaceuticals,GLENMARK,,,,,,
GSTK543066,SBI Cards And Payment Services,SBICARD,,,,,,
GSTK532149,Bank Of India,BANKINDIA,,,,,,
GSTK540755,General Insurance Corporation of India,GICRE,,,,,,
GSTK506395,Coromandel International,COROMANDEL,,,,,,
GSTK532525,Bank of Maharashtra,MAHABANK,,,,,,
GSTK509480,Berger Paints India,BERGEPAINT,,,,,,
GSTK532508,Jindal Stainless,JSL,,,,,,
GSTK500488,Abbott India,ABBOTINDIA,,,,,,
GSTK532497,Radico Khaitan,RADICO,,,,,,
GSTK540065,RBL Bank,RBLBANK,,,,,,
GSTK532259,Apar Industries,APARINDS,,,,,,
GSTK523457,Linde India,LINDEINDIA,,,,,,
GSTK544429,HDB Financial Services,HDBFS,,,,,,
GSTK532819,MindTree,MINDTREE,,,,,,
GSTK500830,Colgate-Palmolive (India),COLPAL,,,,,,
GSTK500290,MRF,MRF,,,,,,
GSTK532720,Mahindra & Mahindra Financial Services,M&MFIN,,,,,,
GSTK590024,Fertilisers & Chemicals Travancore,FACT,,,,,,
GSTK540762,Tube Investments of India,TIINDIA,,,,,,
GSTK590071,Sundaram Finance,SUNDARMFIN,,,,,,
GSTK500271,Max Financial Services,MFSL,,,,,,
GSTK500411,Thermax,THERMAX,,,,,,
GSTK532892,Motilal Oswal Financial Services,MOTILALOFS,,,,,,
GSTK512070,UPL,UPL,,,,,,
GSTK533758,APL Apollo Tubes,APLAPOLLO,,,,,,
GSTK544397,Ather Energy,ATHERENERG,,,,,,
GSTK544307,Vishal Mega Mart,VMM,,,,,,
GSTK500483,Tata Communications,TATACOMM,,,,,,
GSTK542812,Gujarat Fluorochemicals,FLUOROCHEM,,,,,,
GSTK543300,Sona BLW Precision Forgings,SONACOMS,,,,,,
GSTK502355,Balkrishna Industries,BALKRISIND,,,,,,
GSTK517569,KEI Industries,KEI,,,,,,
GSTK513599,Hindustan Copper,HINDCOPPER,,,,,,
GSTK542649,Rail Vikas Nigam,RVNL,,,,,,
GSTK544597,Piramal Finance Ltd.,PIRAMALFIN,,,,,,
GSTK544238,Premier Energies,PREMIERENE,,,,,,
GSTK542772,360 One Wam,360ONE,,,,,,
GSTK541143,Bharat Dynamics,BDL,,,,,,
GSTK539177,Authum Investment & Infrastructure,AIIL,,,,,,
GSTK544449,Anthem Biosciences,ANTHEM,,,,,,
GSTK532827,Page Industries,PAGEIND,,,,,,
GSTK500003,Aegis Logistics,AEGISLOG,,,,,,
GSTK500660,GlaxoSmithKline Pharmaceuticals,GLAXO,,,,,,
GSTK526299,Mphasis,MPHASIS,,,,,,
GSTK500164,Godrej Industries,GODREJIND,,,,,,
GSTK524494,Ipca Laboratories,IPCALAB,,,,,,
GSTK509930,Supreme Industries,SUPREMEIND,,,,,,
GSTK500575,Voltas,VOLTAS,,,,,,
GSTK532144,Welspun Corp,WELCORP,,,,,,
GSTK532331,Ajanta Pharma,AJANTPHARM,,,,,,
GSTK532683,AIA Engineering,AIAENG,,,,,,
GSTK532522,Petronet LNG,PETRONET,,,,,,
GSTK532644,JK Cement,JKCEMENT,,,,,,
GSTK523642,PI Industries,PIIND,,,,,,
GSTK539551,Narayana Hrudayalaya,NH,,,,,,
GSTK543245,Gland Pharma,GLAND,,,,,,
GSTK513683,NLC India,NLCINDIA,,,,,,
GSTK524000,Poonawalla Fincorp Limited,POONAWALLA,,,,,,
GSTK506943,JB Chemicals & Pharmaceuticals,,,,,,,
GSTK531344,Container Corporation of India,CONCOR,,,,,,
GSTK544466,Aditya Infotech,CPPLUS,,,,,,
GSTK542830,Indian Railway Catering & Tourism Corporation,IRCTC,,,,,,
GSTK540530,Housing & Urban Development Corporation,HUDCO,,,,,,
GSTK532830,Astral,ASTRAL,,,,,,
GSTK523395,3M India,3MINDIA,,,,,,
GSTK532504,Navin Fluorine International,NAVINFLUOR,,,,,,
GSTK540153,Endurance Technologies,ENDURANCE,,,,,,
GSTK500368,Patanjali Foods,PATANJALI,,,,,,
GSTK500086,Exide Industries,EXIDEIND,,,,,,
GSTK500184,Himadri Speciality Chemical,HSCL,,,,,,
GSTK543654,Global Health,MEDANTA,,,,,,
GSTK540115,L&T Technology Services,LTTS,,,,,,
GSTK532478,United Breweries,UBL,,,,,,
GSTK540678,Cochin Shipyard,COCHINSHIP,,,,,,
GSTK544210,Emcure Pharmaceuticals,EMCURE,,,,,,
GSTK544609,Physicswallah,PWL,,,,,,
GSTK543529,Delhivery,DELHIVERY,,,,,,
GSTK532889,K.P.R. Mill,KPRMILL,,,,,,
GSTK543412,Star Health and Allied Insurance Company,STARHEALTH,,,,,,
GSTK531213,Manappuram Finance,MANAPPURAM,,,,,,
GSTK500067,Blue Star,BLUESTARCO,,,,,,
GSTK500495,Escorts,ESCORTS,,,,,,
GSTK543415,Anand Rathi Wealth Ltd.,ANANDRATHI,,,,,,
GSTK501301,Tata Investment Corporation,TATAINVEST,,,,,,
GSTK544362,Hexaware Technologies Limited,HEXT,,,,,,
GSTK544325,ITC Hotels,ITCHOTELS,,,,,,
GSTK543308,Krishna Institute of Medical Sciences,KIMS,,,,,,
GSTK542216,Dalmia Bharat,DALBHARAT,,,,,,
GSTK517174,Honeywell Automation India,HONAUT,,,,,,
GSTK544026,Indian Renewable Energy Development Agency,IREDA,,,,,,
GSTK500163,Godfrey Phillips India,GODFRYPHLP,,,,,,
GSTK590003,Karur Vysya Bank,KARURVYSYA,,,,,,
GSTK543988,Nuvama Wealth Management,NUVAMA,,,,,,
GSTK532505,UCO Bank,UCOBANK,,,,,,
GSTK534139,Schneider Electric Infrastructure,SCHNEIDER,,,,,,
GSTK544407,Aegis Vopak Terminals,AEGISVOPAK,,,,,,
GSTK539524,Dr Lal PathLabs,LALPATHLAB,,,,,,
GSTK500092,CRISIL,CRISIL,,,,,,
GSTK533293,Kirloskar Oil Engines,KIRLOSENG,,,,,,
GSTK532300,Wockhardt,WOCKPHARMA,,,,,,
GSTK544309,Inventurus Knowledge Solutions,IKS,,,,,,
GSTK530843,Cupid,CUPID,,,,,,
GSTK544028,Tata Technologies,TATATECH,,,,,,
GSTK542011,Garden Reach Shipbuilders & Engineers,GRSE,,,,,,
GSTK500109,Mangalore Refinery And Petrochemicals,MRPL,,,,,,
GSTK500183,HFCL,HFCL,,,,,,
GSTK520056,TVS Holdings,TVSHLTD,,,,,,
GSTK543981,RR Kabel,RRKABEL,,,,,,
GSTK543374,Aditya Birla Sun Life AMC,ABSLAMC,,,,,,
GSTK541179,ICICI Securities,,,,,,,
GSTK533155,Jubilant FoodWorks,JUBLFOOD,,,,,,
GSTK543299,Shyam Metalics and Energy,SHYAMMETL,,,,,,
GSTK504973,Cholamandalam Financial Holdings,CHOLAHLDNG,,,,,,
GSTK500253,LIC Housing Finance,LICHSGFIN,,,,,,
GSTK540769,New India Assurance Company,NIACL,,,,,,
GSTK543426,Metro Brands,METROBRAND,,,,,,
GSTK541153,Bandhan Bank,BANDHANBNK,,,,,,
GSTK532885,Central Bank of India,CENTRALBK,,,,,,
GSTK544306,Sai Life Sciences,SAILIFE,,,,,,
GSTK500459,Procter & Gamble Hygiene & Health Care,PGHH,,,,,,
GSTK533023,ZF Commercial Vehicle Control Systems India,ZFCVINDIA,,,,,,
GSTK540173,PNB Housing Finance,PNBHOUSING,,,,,,
GSTK543235,Angel One,ANGELONE,,,,,,
GSTK500877,Apollo Tyres,APOLLOTYRE,,,,,,
GSTK533206,SJVN,SJVN,,,,,,
GSTK543498,Motherson Sumi Wiring India,MSUMI,,,,,,
GSTK523610,ITI,ITI,,,,,,
GSTK539006,PTC Industries,PTCIL,,,,,,
GSTK543573,Syrma SGS Technology,SYRMA,,,,,,
GSTK540902,Amber Enterprises India,AMBER,,,,,,
GSTK543635,Piramal Pharma,PPLPHARMA,,,,,,
GSTK532636,IIFL Finance,IIFL,,,,,,
GSTK543276,Craftsman Automation,CRAFTSMAN,,,,,,
GSTK539336,Gujarat Energy,GUJENERGY,,,,,,
GSTK543945,Netweb Technologies India,NETWEB,,,,,,
GSTK544283,Acme Solar Holdings,ACMESOLAR,,,,,,
GSTK534309,NBCC (India),NBCC,,,,,,
GSTK541770,CreditAccess Grameen,CREDITACC,,,,,,
GSTK500410,ACC,ACC,,,,,,
GSTK500302,Piramal Enterprises,,,,,,,
GSTK543664,Kaynes Technology India,KAYNES,,,,,,
GSTK542920,Sumitomo Chemical India,SUMICHEM,,,,,,
GSTK543349,Acutaas Chemicals,ACUTAAS,,,,,,
GSTK532805,Redington,REDINGTON,,,,,,
GSTK543270,MTAR Technologies,MTARTECH,,,,,,
GSTK507815,Gillette India,GILLETTE,,,,,,
GSTK544578,Rubicon Research,RUBICON,,,,,,
GSTK543458,AWL Agri Business,AWL,,,,,,
GSTK524558,Neuland Laboratories,NEULANDLAB,,,,,,
GSTK532947,IRB Infrastructure Developers,IRB,,,,,,
GSTK543428,Data Patterns (India),DATAPATTNS,,,,,,
GSTK522113,Timken India,TIMKEN,,,,,,
GSTK500033,Force Motors,FORCEMOT,,,,,,
GSTK509496,Cemindia Projects,CEMPRO,,,,,,
GSTK544179,Go Digit General Insurance,GODIGIT,,,,,,
GSTK506076,Grindwell Norton,GRINDWELL,,,,,,
GSTK570001,Tata Motors - DVR Ordinary,TATAMTRDVR,,,,,,
GSTK500408,Tata Elxsi,TATAELXSI,,,,,,
GSTK544405,Belrise Industries,BELRISE,,,,,,
GSTK506401,Deepak Nitrite,DEEPAKNTR,,,,,,
GSTK515055,Anant Raj,ANANTRAJ,,,,,,
GSTK531595,Capri Global Capital,CGCL,,,,,,
GSTK542752,Affle 3i,AFFLE,,,,,,
GSTK515030,Asahi India Glass,ASAHIINDIA,,,,,,
GSTK532748,Prime Focus,PFOCUS,,,,,,
GSTK540680,KIOCL,KIOCL,,,,,,
GSTK500680,Pfizer,PFIZER,,,,,,
GSTK544608,Emmvee Photovoltaic Power,EMMVEE,,,,,,
GSTK500084,CESC,CESC,,,,,,
GSTK522287,Kalpataru Projects International,KPIL,,,,,,
GSTK544612,Tenneco Clean Air India,TENNIND,,,,,,
GSTK544176,Aadhar Housing Finance,AADHARHFC,,,,,,
GSTK500260,Ramco Cements Limited,RAMCOCEM,,,,,,
GSTK532809,Firstsource Solutions,FSL,,,,,,
GSTK532514,Indraprastha Gas,IGL,,,,,,
GSTK543358,Sansera Engineering,SANSERA,,,,,,
GSTK505714,Gabriel India,GABRIEL,,,,,,
GSTK500106,IFCI,IFCI,,,,,,
GSTK500403,Sundram Fasteners,SUNDRMFAST,,,,,,
GSTK543534,Aether Industries,AETHER,,,,,,
GSTK532210,City Union Bank,CUB,,,,,,
GSTK500840,EIH,EIHOTEL,,,,,,
GSTK532482,Granules India,GRANULES,,,,,,
GSTK544282,Sagility,SAGILITY,,,,,,
GSTK513375,Carborundum Universal,CARBORUNIV,,,,,,
GSTK506820,Astrazeneca Pharma India,ASTRAZEN,,,,,,
GSTK532733,Sun TV Network,SUNTV,,,,,,
GSTK544515,Urban Company,URBANCO,,,,,,
GSTK517271,HBL Engineering,HBLENGINE,,,,,,
GSTK500620,The Great Eastern Shipping Company,GESHIP,,,,,,
GSTK500027,Atul,ATUL,,,,,,
GSTK543232,Computer Age Management Services,CAMS,,,,,,
GSTK532374,Sterlite Technologies,STLTECH,,,,,,
GSTK531531,Hatsun Agro Product,HATSUN,,,,,,
GSTK500645,Deepak Fertilisers And Petrochemicals Corporation,DEEPAKFERT,,,,,,
GSTK532659,IDFC,IDFC,,,,,,
GSTK522163,Diamond Power Infrastructure,DIACABS,,,,,,
GSTK544344,SPR Auto Technologies,SHRIPISTON,,,,,,
GSTK533655,Triveni Turbine,TRITURBINE,,,,,,
GSTK524742,Caplin Point Laboratories,CAPLIPOINT,,,,,,
GSTK506285,Bayer CropScience,BAYERCROP,,,,,,
GSTK532929,Brigade Enterprises,BRIGADE,,,,,,
GSTK500233,Kajaria Ceramics,KAJARIACER,,,,,,
GSTK500110,Chennai Petroleum Corporation,CHENNPETRO,,,,,,
GSTK540596,Eris Lifesciences,ERIS,,,,,,
GSTK535789,Sammaan Capital,SAMMAANCAP,,,,,,
GSTK544292,Onesource Specialty Pharma,ONESOURCE,,,,,,
GSTK544081,Jyoti CNC Automation,JYOTICNC,,,,,,
GSTK531335,Zydus Wellness,ZYDUSWELL,,,,,,
GSTK531358,Choice International,CHOICEIN,,,,,,
GSTK500870,Castrol India,CASTROLIND,,,,,,
GSTK504614,Sarda Energy & Minerals,SARDAEN,,,,,,
GSTK544480,JSW Cement,JSWCEMENT,,,,,,
GSTK522074,Elgi Equipments,ELGIEQUIP,,,,,,
GSTK532181,Gujarat Mineral Development Corporation,GMDCLTD,,,,,,
GSTK544225,OLA Electric Mobility,OLAELEC,,,,,,
GSTK532548,Century Plyboards (India),CENTURYPLY,,,,,,
GSTK542399,Chalet Hotels,CHALET,,,,,,
GSTK524208,Aarti Industries,AARTIIND,,,,,,
GSTK532493,Astra Micro Wave Products,ASTRAMICRO,,,,,,
GSTK533553,TD Power Systems,TDPOWERSYS,,,,,,
GSTK500085,Chambal Fertilisers & Chemicals,CHAMBLFERT,,,,,,
GSTK533581,PG Electroplast,PGEL,,,,,,
GSTK532927,eClerx Services,ECLERX,,,,,,
GSTK531162,Emami,EMAMILTD,,,,,,
GSTK544203,Allied Blenders And Distillers,ABDL,,,,,,
GSTK544046,Inox India,INOXINDIA,,,,,,
GSTK531768,Poly Medicure,POLYMED,,,,,,
GSTK532209,Jammu & Kashmir Bank,J&KBANK,,,,,,
GSTK500252,LMW,LMW,,,,,,
GSTK500770,Tata Chemicals,TATACHEM,,,,,,
GSTK544443,Travel Food Services,TRAVELFOOD,,,,,,
GSTK502986,Vardhman Textiles,VTL,,,,,,
GSTK539876,Crompton Greaves Consumer Electricals,CROMPTON,,,,,,
GSTK538962,Minda Corporation,MINDACORP,,,,,,
GSTK500008,Amara Raja Energy & Mobility,ARE&M,,,,,,
GSTK544174,TBO Tek,TBOTEK,,,,,,
GSTK500655,Garware Hi-Tech Films,GRWRHITECH,,,,,,
GSTK520111,Ratnamani Metals & Tubes,RATNAMANI,,,,,,
GSTK544408,Leela Palaces Hotels & Resorts,THELEELA,,,,,,
GSTK500165,Kansai Nerolac Paints,KANSAINER,,,,,,
GSTK524816,Natco Pharma,NATCOPHARM,,,,,,
GSTK533295,Punjab & Sind Bank,PSB,,,,,,
GSTK500378,Jindal SAW,JINDALSAW,,,,,,
GSTK542651,KPIT Technologies,KPITTECH,,,,,,
GSTK532734,Godawari Power and Ispat,GPIL,,,,,,
GSTK544467,NSDL (National Securities Depository),,,,,,,
GSTK533158,Thangamayil Jewellery,THANGAMAYL,,,,,,
GSTK543064,Cohance Lifesciences,COHANCE,,,,,,
GSTK543720,KFin Technologies,KFINTECH,,,,,,
GSTK543663,Five-Star Business Finance,FIVESTAR,,,,,,
GSTK523367,DCM Shriram,DCMSHRIRAM,,,,,,
GSTK543653,Bikaji Foods International,BIKAJI,,,,,,
GSTK544286,Niva Bupa Health Insurance Company,NIVABUPA,,,,,,
GSTK544606,Pine Labs,PINELABS,,,,,,
GSTK500040,Aditya Birla Real Estate,ABREL,,,,,,
GSTK544678,Bharat Coking Coal,BHARATCOAL,,,,,,
GSTK500042,BASF India,BASF,,,,,,
GSTK544717,Clean Max Enviro Energy Solutions,CLEANMAX,,,,,,
GSTK544634,Aequs,AEQUS,,,,,,
GSTK533573,Alembic Pharmaceuticals,APLLTD,,,,,,
GSTK513023,Nava,NAVA,,,,,,
GSTK544057,Happy Forgings,HAPPYFORGE,,,,,,
GSTK532605,JBM Auto,JBMA,,,,,,
GSTK539268,Syngene International,SYNGENE,,,,,,
GSTK532756,CIE Automotive India,CIEINDIA,,,,,,
GSTK543524,Rainbow Children's Medicare,RAINBOW,,,,,,
GSTK519600,CCL Products India,CCL,,,,,,
GSTK543530,Paradeep Phosphates,PARADEEP,,,,,,
GSTK544311,International Gemological Institute,IGIL,,,,,,
GSTK544350,Dr. Agarwal's Health Care,AGARWALEYE,,,,,,
GSTK532702,Gujarat State Petronet,,,,,,,
GSTK517146,Usha Martin,USHAMART,,,,,,
GSTK500144,Finolex Cables,FINCABLES,,,,,,
GSTK500390,Reliance Infrastructure,RELINFRA,,,,,,
GSTK514162,Welspun Living,WELSPUNLIV,,,,,,
GSTK530019,Jubilant Pharmova,JUBLPHARMA,,,,,,
GSTK500266,Maharashtra Scooters,MAHSCOOTER,,,,,,
GSTK500249,KSB,KSB,,,,,,
GSTK543960,Concord Biotech,CONCORDBIO,,,,,,
GSTK532726,Gallantt Ispat,GALLANTT,,,,,,
GSTK544061,Azad Engineering,AZAD,,,,,,
GSTK500241,Kirloskar Brothers,KIRLOSBROS,,,,,,
GSTK541557,Fine Organic Industries,FINEORG,,,,,,
GSTK533339,Zen Technologies,ZENTEC,,,,,,
GSTK532784,Sobha,SOBHA,,,,,,
GSTK544014,Honasa Consumer,HONASA,,,,,,
GSTK544321,Ventive Hospitality,VENTIVE,,,,,,
GSTK500048,BEML,BEML,,,,,,
GSTK540879,Apollo Micro Systems,APOLLO,,,,,,
GSTK532783,LT Foods,LTFOODS,,,,,,
GSTK544685,Shadowfax Technologies,SHADOWFAX,,,,,,
GSTK543322,Alivus Life Sciences,ALIVUS,,,,,,
GSTK543330,Devyani International,DEVYANI,,,,,,
GSTK530117,Privi Speciality Chemicals,PRIVISCL,,,,,,
GSTK544679,Amagi Media Labs,AMAGI,,,,,,
GSTK501423,Shaily Engineering Plastics,SHAILY,,,,,,
GSTK544700,Fractal Analytics,FRACTAL,,,,,,
GSTK542904,Ujjivan Small Finance Bank,UJJIVANSFB,,,,,,
GSTK544583,Canara HSBC Life Insurance Company,CANHLIFE,,,,,,
GSTK544782,Vedanta Oil and Gas,VOGL,,,,,,
GSTK500878,CEAT,CEATLTD,,,,,,
GSTK543350,Vijaya Diagnostic Centre,VIJAYA,,,,,,
GSTK532953,V-Guard Industries,VGUARD,,,,,,
GSTK543275,Anupam Rasayan India,ANURAS,,,,,,
GSTK544045,DOMS Industries,DOMS,,,,,,
GSTK500210,Ingersoll-Rand (India),INGERRAND,,,,,,
GSTK543527,Prudent Corporate Advisory Services,PRUDENT,,,,,,
GSTK523598,Shipping Corporation of India,SCI,,,,,,
GSTK544572,SKF India (Industrial),SKFINDUS,,,,,,
GSTK524200,Vinati Organics,VINATIORGA,,,,,,
GSTK539083,INOX Wind,INOXWIND,,,,,,
GSTK500125,EID-Parry (India),EIDPARRY,,,,,,
GSTK544781,Vedanta Power,VEDPOWER,,,,,,
GSTK500101,Arvind,ARVIND,,,,,,
GSTK543596,Tamilnad Mercantile Bank,TMB,,,,,,
GSTK500463,Black Box,BBOX,,,,,,
GSTK500710,JSW Dulux,JSWDULUX,,,,,,
GSTK500405,Supreme Petrochem,SPLPETRO,,,,,,
GSTK539597,Jindal Stainless (Hisar),JSLHISAR,,,,,,
GSTK543333,Cartrade Tech,CARTRADE,,,,,,
GSTK543335,Aptus Value Housing Finance India,APTUS,,,,,,
GSTK539992,Lloyds Engineering Works,LLOYDSENGG,,,,,,
GSTK532498,Shriram City Union Finance,SHRIRAMCIT,,,,,,
GSTK544644,CORONA Remedies,CORONA,,,,,,
GSTK509488,Graphite India,GRAPHITE,,,,,,
GSTK532762,Action Construction Equipment,ACE,,,,,,
GSTK509631,HEG,HEG,,,,,,
GSTK544784,Vedanta Iron And Steel,VISL,,,,,,
GSTK543768,NMDC Steel Ltd.,NSLNISP,,,,,,
GSTK521064,Trident,TRIDENT,,,,,,
GSTK543280,Nazara Technologies,NAZARA,,,,,,
GSTK532627,Jaiprakash Power Ventures,JPPOWER,,,,,,
GSTK532178,Engineers India,ENGINERSIN,,,,,,
GSTK532642,JSW Holdings,JSWHL,,,,,,
GSTK532714,KEC International,KEC,,,,,,
GSTK506590,PCBL Chemical,PCBL,,,,,,
GSTK543259,Home First Finance Company India,HOMEFIRST,,,,,,
GSTK544484,Bluestone Jewellery And Lifestyle,BLUESTONE,,,,,,
GSTK543297,Inox Wind Energy,,,,,,,
GSTK544172,Indegene,INDGN,,,,,,
GSTK500038,Balrampur Chini Mills,BALRAMCHIN,,,,,,
GSTK530005,India Cements,INDIACEM,,,,,,
GSTK533269,VA Tech Wabag,WABAG,,,,,,
GSTK543334,Nuvoco Vistas Corporation,NUVOCO,,,,,,
GSTK512463,Lloyds enterprises limited,LLOYDSENT,,,,,,
GSTK512573,Avanti Feeds,AVANTIFEED,,,,,,
GSTK526612,Blue Dart Express,BLUEDART,,,,,,
GSTK532218,South Indian Bank,SOUTHBANK,,,,,,
GSTK542650,Metropolis Healthcare,METROPOLIS,,,,,,
GSTK543896,Avalon Technologies,AVALON,,,,,,
GSTK544537,Jain Resource Recycling,JAINREC,,,,,,
GSTK530549,Shilpa Medicare,SHILPAMED,,,,,,
GSTK533282,Gravita India,GRAVITA,,,,,,
GSTK504346,RRP Semiconductor,,,,,,,
GSTK544009,Blue Jet Healthcare,BLUEJET,,,,,,
GSTK532527,Ramkrishna Forgings,RKFORGE,,,,,,
GSTK541956,Ircon International,IRCON,,,,,,
GSTK544723,Sedemac Mechatronics,SEDEMAC,,,,,,
GSTK544527,Atlanta Electricals,ATLANTAELE,,,,,,
GSTK540750,Indian Energy Exchange,IEX,,,,,,
GSTK543271,Jubilant Ingrevia,JUBLINGREA,,,,,,
GSTK524404,Marksans Pharma,MARKSANS,,,,,,
GSTK523405,JM Financial,JMFINANCIL,,,,,,
GSTK544613,Fujiyama Power Systems,UTLSOLAR,,,,,,
GSTK543238,UTI Asset Management Company,UTIAMC,,,,,,
GSTK504067,Zensar Technologies,ZENSARTECH,,,,,,
GSTK543990,Signatureglobal (India),SIGNATURE,,,,,,
GSTK544403,Aditya Birla Lifestyle Brands,ABLBL,,,,,,
GSTK530007,JK Tyre & Industries,JKTYRE,,,,,,
GSTK507205,Tilaknagar Industries,TI,,,,,,
GSTK542141,Techno Electric & Engineering Company,TECHNOE,,,,,,
GSTK543413,Tega Industries,TEGA,,,,,,
GSTK532966,Titagarh Rail Systems,TITAGARH,,,,,,
GSTK505537,Zee Entertainment Enterprises,ZEEL,,,,,,
GSTK532689,PVR Inox,PVRINOX,,,,,,
GSTK544226,Brainbees Solutions,FIRSTCRY,,,,,,
GSTK539957,Mahanagar Gas,MGL,,,,,,
GSTK533272,Jupiter Wagons,JWL,,,,,,
GSTK512529,Viyash Scientific,VIYASH,,,,,,
GSTK532800,TV18 Broadcast,TV18BRDCST,,,,,,
GSTK500126,Procter & Gamble Health,PGHL,,,,,,
GSTK532922,Edelweiss Financial Services,EDELWEISS,,,,,,
GSTK511196,Can Fin Homes,CANFINHOME,,,,,,
GSTK532439,Olectra Greentech,OLECTRA,,,,,,
GSTK543417,RateGain Travel Technologies Ltd.,RATEGAIN,,,,,,
GSTK542726,Indiamart Intermesh,INDIAMART,,,,,,
GSTK543980,Jupiter Life Line Hospitals,JLHL,,,,,,
GSTK541988,Aavas Financiers,AAVAS,,,,,,
GSTK532652,Karnataka Bank,KTKBANK,,,,,,
GSTK540743,Godrej Agrovet,GODREJAGRO,,,,,,
GSTK532796,Lumax Auto Technologies,LUMAXTECH,,,,,,
GSTK544783,E2E Networks,E2E,,,,,,
GSTK542773,IIFL Securities,IIFLCAPS,,,,,,
GSTK544250,Sanofi Consumer Healthcare India,SANOFICONR,,,,,,
GSTK544490,Shreeji Shipping Global,SHREEJISPG,,,,,,
GSTK501425,Bombay Burmah Trading Corporation,BBTC,,,,,,
GSTK544022,ASK Automotive,ASKAUTOLTD,,,,,,
GSTK541578,Varroc Engineering,VARROC,,,,,,
GSTK544222,Akums Drugs & Pharmaceuticals,AKUMS,,,,,,
GSTK544570,Wework India Management,WEWORK,,,,,,
GSTK504918,Sandur Manganese & Iron Ores,SANDUMA,,,,,,
GSTK541556,RITES,RITES,,,,,,
GSTK532856,Time Technoplast,TIMETECHNO,,,,,,
GSTK500238,Whirlpool Of India,WHIRLPOOL,,,,,,
GSTK541974,Manorama Industries,MANORAMA,,,,,,
GSTK543367,Paras Defence and Space Technologies,PARAS,,,,,,
GSTK538835,Intellect Design Arena,INTELLECT,,,,,,
GSTK543463,Manyavar- Vedant Fashions Ltd.,MANYAVAR,,,,,,
GSTK532163,Saregama India,SAREGAMA,,,,,,
GSTK500940,Finolex Industries,FINPIPE,,,,,,
GSTK530517,Relaxo Footwears,RELAXO,,,,,,
GSTK532757,Voltamp Transformers,VOLTAMP,,,,,,
GSTK539787,Healthcare Global Enterprises,HCG,,,,,,
GSTK543959,SBFC Finance,SBFC,,,,,,
GSTK541967,Sky Gold and Diamonds,SKYGOLD,,,,,,
GSTK544280,Afcons Infrastructure,AFCONS,,,,,,
GSTK544619,Sudeep Pharma,SUDEEPPHRM,,,,,,
GSTK544288,BlackBuck,BLACKBUCK,,,,,,
GSTK532408,Sigma Advanced Systems,SIGMAADV,,,,,,
GSTK540073,BLS International Services,BLS,,,,,,
GSTK544469,Sri Lotus Developers And Realty,LOTUSDEV,,,,,,
GSTK532939,Reliance Power,RPOWER,,,,,,
GSTK505283,Kirloskar Pneumatic Company,KIRLPNU,,,,,,
GSTK503310,Swan Corp,SWANCORP,,,,,,
GSTK532808,Pearl Global Industries,PGIL,,,,,,
GSTK530343,Genus Power Infrastructures,GENUSPOWER,,,,,,
GSTK534618,Waaree Renewables,WAAREERTL,,,,,,
GSTK500055,Tata Steel BSL,TATASTLBSL,,,,,,
GSTK532531,Strides Pharma Science,STAR,,,,,,
GSTK532175,Cyient,CYIENT,,,,,,
GSTK505700,Elecon Engineering Company,ELECON,,,,,,
GSTK513377,MMTC,MMTC,,,,,,
GSTK539871,Thyrocare Technologies,THYROCARE,,,,,,
GSTK506767,Alkyl Amines Chemicals,ALKYLAMINE,,,,,,
GSTK540595,Tejas Networks,TEJASNET,,,,,,
GSTK543265,Railtel Corporation of India,RAILTEL,,,,,,
GSTK500039,Banco Products (India),BANCOINDIA,,,,,,
GSTK544256,PN Gadgil Jewellers,PNGJL,,,,,,
GSTK532221,Sonata Software,SONATSOFTW,,,,,,
GSTK520113,Vesuvius India,VESUVIUS,,,,,,
GSTK534809,PC Jeweller,PCJEWELLER,,,,,,
GSTK500043,Bata India,BATAINDIA,,,,,,
GSTK532928,Transformers & Rectifiers (India),TARIL,,,,,,
GSTK500294,NCC,NCC,,,,,,
GSTK517506,TTK Prestige,TTKPRESTIG,,,,,,
GSTK512329,SG Mart,SGMART,,,,,,
GSTK544192,Le Travenues Technology,IXIGO,,,,,,
GSTK543482,Eureka Forbes,EUREKAFORB,,,,,,
GSTK530239,Suven Life Sciences,SUVEN,,,,,,
GSTK500133,Esab India,ESABINDIA,,,,,,
GSTK541233,Lemon Tree Hotels,LEMONTREE,,,,,,
GSTK543243,Equitas Small Finance Bank,EQUITASBNK,,,,,,
GSTK540203,Sheela Foam,SFL,,,,,,
GSTK543317,G R Infraprojects,GRINFRA,,,,,,
GSTK532375,Tips Music,TIPSMUSIC,,,,,,
GSTK532832,Embassy Developments,EMBDL,,,,,,
GSTK544367,Quality Power Electrical Equipments,QPOWER,,,,,,
GSTK540293,Pricol,PRICOLLTD,,,,,,
GSTK543427,Medplus Health Services,MEDPLUS,,,,,,
GSTK532400,Birlasoft,BSOFT,,,,,,
GSTK532915,Religare Enterprises,RELIGARE,,,,,,
GSTK532313,Mahindra Lifespace Developers,MAHLIFE,,,,,,
GSTK522285,Jayaswal Neco Industries,JAYNECOIND,,,,,,
GSTK540205,Aditya Vision,AVL,,,,,,
GSTK505192,SML Mahindra,SMLMAH,,,,,,
GSTK540575,Star Cement,STARCEMENT,,,,,,
GSTK532553,Welspun Enterprises,WELENT,,,,,,
GSTK539302,Power Mech Projects,POWERMECH,,,,,,
GSTK506655,Sudarshan Chemical Industries,SUDARSCHEM,,,,,,
GSTK530813,KRBL,KRBL,,,,,,
GSTK532468,Kama Holdings,KAMAHOLD,,,,,,
GSTK534076,RHI Magnesita India Ltd.,RHIM,,,,,,
GSTK532867,V2 Retail,V2RETAIL,,,,,,
GSTK521016,Indo Count Industries,ICIL,,,,,,
GSTK540900,Newgen Software Technologies,NEWGEN,,,,,,
GSTK544044,India Shelter Finance Corporation,INDIASHLTR,,,,,,
GSTK505533,Westlife Foodworld Ltd,WESTLIFE,,,,,,
GSTK532443,Cera Sanitaryware,CERA,,,,,,
GSTK524226,Gujarat Ambuja Exports,GAEL,,,,,,
GSTK543950,Yatharth Hospital & Trauma Care Services,YATHARTH,,,,,,
GSTK502219,Borosil Renewables,BORORENEW,,,,,,
GSTK543318,Clean Science and Technology,CLEAN,,,,,,
GSTK532371,Tata Teleservices (Maharashtra),TTML,,,,,,
GSTK500245,Kirloskar Ferrous Industries,KIRLFER,,,,,,
GSTK533047,Indian Metals & Ferro Alloys,IMFA,,,,,,
GSTK532790,Tanla Platforms,TANLA,,,,,,
GSTK543490,GMR Power and Urban Infra,GMRP&UI,,,,,,
GSTK500201,India Glycols,INDIAGLYCO,,,,,,
GSTK543387,SJS Enterprises,SJS,,,,,,
GSTK523025,Safari Industries (India),SAFARI,,,,,,
GSTK500674,Sanofi India,SANOFI,,,,,,
GSTK544595,Orkla India,ORKLAINDIA,,,,,,
GSTK500265,Maharashtra Seamless,MAHSEAMLES,,,,,,
GSTK544012,Cello World,CELLO,,,,,,
GSTK500339,Rain Industries,RAIN,,,,,,
GSTK505355,Nesco,NESCO,,,,,,
GSTK500670,Gujarat Narmada Valley Fertilizers & Chemicals Ltd,GNFC,,,,,,
GSTK500123,ELANTAS Beck India,ELANTAS,,,,,,
GSTK541195,Mishra Dhatu Nigam,MIDHANI,,,,,,
GSTK538666,Sharda Cropchem,SHARDACROP,,,,,,
GSTK542323,KPI Green Energy,KPIGREEN,,,,,,
GSTK535755,Aditya Birla Fashion & Retail,ABFRL,,,,,,
GSTK543957,Redtape,REDTAPE,,,,,,
GSTK500472,SKF India,SKFINDIA,,,,,,
GSTK532926,Jyothy Labs,JYOTHYLAB,,,,,,
GSTK544476,Jeena Sikho Lifecare,JSLL,,,,,,
GSTK509557,Garware Technical Fibres,GARFIBRES,,,,,,
GSTK544263,KRN Heat Exchanger And Refrigeration,KRN,,,,,,
GSTK533248,Gujarat Pipavav Port,GPPL,,,,,,
GSTK544622,Kwality Wall's (India),KWIL,,,,,,
GSTK530305,Piccadily Agro Industries,PICCADIL,,,,,,
GSTK544720,Omnitech Engineering,OMNI,,,,,,
GSTK532349,Transport Corporation of India,TCI,,,,,,
GSTK500135,EPL,EPL,,,,,,
GSTK524019,Kingfa Science & Technology (India),KINGFA,,,,,,
GSTK533095,Bengal & Assam Company,BENGALASM,,,,,,
GSTK532162,JK Paper,JKPAPER,,,,,,
GSTK526433,ASM Technologies,,,,,,,
GSTK524230,Rashtriya Chemicals & Fertilizers,RCF,,,,,,
GSTK505242,Dynamatic Technologies,DYNAMATECH,,,,,,
GSTK500380,JK Lakshmi Cement,JKLAKSHMI,,,,,,
GSTK532976,Jai Balaji Industries,JAIBALAJI,,,,,,
GSTK540047,Dilip Buildcon,DBL,,,,,,
GSTK543434,Supriya Lifescience,SUPRIYA,,,,,,
GSTK519126,Hindustan Foods,HNDFDS,,,,,,
GSTK532509,Suprajit Engineering,SUPRAJIT,,,,,,
GSTK530999,Balaji Amines,BALAMINES,,,,,,
GSTK540935,Galaxy Surfactants,GALAXYSURF,,,,,,
GSTK543532,Ethos,ETHOSLTD,,,,,,
GSTK544647,Nephrocare Health Services,NEPHROPLUS,,,,,,
GSTK500335,Birla Corporation,BIRLACORPN,,,,,,
GSTK533229,Bajaj Consumer Care,BAJAJCON,,,,,,
GSTK523539,Precision Wires India,PRECWIRE,,,,,,
GSTK543523,Campus Activewear,CAMPUS,,,,,,
GSTK543667,Inox Green Energy Services,INOXGREEN,,,,,,
GSTK544317,Transrail Lighting,TRANSRAILL,,,,,,
GSTK527001,Ashapura Minechem,ASHAPURMIN,,,,,,
GSTK532872,Sun Pharma Advanced Research Company,SPARC,,,,,,
GSTK531599,FDC,FDC,,,,,,
GSTK544356,Ajax Engineering,AJAXENGG,,,,,,
GSTK539725,Gokul Agro Resources,GOKULAGRO,,,,,,
GSTK543936,Senco Gold,SENCO,,,,,,
GSTK532395,Axiscades Technologies,AXISCADES,,,,,,
GSTK500404,Sunflag Iron & Steel Co,SUNFLAG,,,,,,
GSTK543398,Latent View Analytics,LATENTVIEW,,,,,,
GSTK506854,Tanfac Industries,,,,,,,
GSTK539874,Ujjivan Financial Services,UJJIVAN,,,,,,
GSTK543657,Archean Chemical Industries,ACI,,,,,,
GSTK532900,Paisalo Digital,PAISALO,,,,,,
GSTK523323,Kovai Medical Center & Hospital,KOVAI,,,,,,
GSTK543425,CE Info Systems,MAPMYINDIA,,,,,,
GSTK538566,Apollo Tricoat Tubes,,,,,,,
GSTK532301,Tata Coffee,TATACOFFEE,,,,,,
GSTK538979,Greenlam Industries,GREENLAM,,,,,,
GSTK544488,Vikram Solar,VIKRAMSOLR,,,,,,
GSTK544008,Max Estates,MAXESTATES,,,,,,
GSTK531431,Shakti Pumps India,SHAKTIPUMP,,,,,,
GSTK544322,Unimech Aerospace and Manufacturing,UNIMECH,,,,,,
GSTK533160,Valor Estate,DBREALTY,,,,,,
GSTK543253,Mrs Bectors Food Specialities,BECTORFOOD,,,,,,
GSTK500690,Gujarat State Fertilizers & Chemicals,GSFC,,,,,,
GSTK539150,PNC Infratech,PNCINFRA,,,,,,
GSTK512065,Mrugesh Trading,,,,,,,
GSTK543306,Dodla Dairy,DODLA,,,,,,
GSTK532706,INOX Leisure,INOXLEISUR,,,,,,
GSTK534976,V-Mart Retail,VMART,,,,,,
GSTK505890,Kennametal India,KENNAMET,,,,,,
GSTK500214,Ion Exchange (India),IONEXCHANG,,,,,,
GSTK526367,Ganesh Housing,GANESHHOU,,,,,,
GSTK544423,Kalpataru,KALPATARU,,,,,,
GSTK532768,Fiem Industries,FIEMIND,,,,,,
GSTK535648,Just Dial,JUSTDIAL,,,,,,
GSTK544118,Jana Small Finance Bank,JSFB,,,,,,
GSTK533033,ISGEC Heavy Engineering,ISGEC,,,,,,
GSTK544455,GNG Electronics,EBGNG,,,,,,
GSTK543273,Knowledge Marine & Engineering Works,KMEW,,,,,,
GSTK543748,Aarti Pharmalabs Ltd.,AARTIPHARM,,,,,,
GSTK542484,Arvind Fashions,ARVINDFASN,,,,,,
GSTK532189,India Tourism Development Corp,ITDC,,,,,,
GSTK532772,DCB Bank,DCBBANK,,,,,,
GSTK544319,Senores Pharmaceuticals,SENORES,,,,,,
GSTK544223,Ceigall India,CEIGALL,,,,,,
GSTK543397,Sapphire Foods India,SAPPHIRE,,,,,,
GSTK532630,Gokaldas Exports,GOKEX,,,,,,
GSTK540673,SIS,SIS,,,,,,
GSTK543965,TVS Supply Chain Solutions,TVSSCS,,,,,,
GSTK538562,Skipper,SKIPPER,,,,,,
GSTK521070,Alok Industries,ALOKINDS,,,,,,
GSTK532804,Technocraft Industries (India),TIIL,,,,,,
GSTK523704,Mastek,MASTEK,,,,,,
GSTK540749,MAS Financial Services,MASFIN,,,,,,
GSTK544027,Fedbank Financial Services Ltd,FEDFINA,,,,,,
GSTK543972,Aeroflex Industries,AEROFLEX,,,,,,
GSTK543227,Happiest Minds Technologies,HAPPSTMNDS,,,,,,
GSTK522205,Praj Industries,PRAJIND,,,,,,
GSTK526951,Stylam Industries,STYLAMIND,,,,,,
GSTK542867,CSB Bank,CSBBANK,,,,,,
GSTK533286,MOIL,MOIL,,,,,,
GSTK530135,Optiemus Infracom,OPTIEMUS,,,,,,
GSTK544664,KSH International,KSHINTL,,,,,,
GSTK526729,Goldiam International,GOLDIAM,,,,,,
GSTK500185,Hindustan Construction Company,HCC,,,,,,
GSTK544533,Seshaasai Technologies,STYL,,,,,,
GSTK539837,Raghav Productivity Enhancers,RPEL,,,,,,
GSTK500307,Nirlon,NIRLON,,,,,,
GSTK544067,Innova Captab,INNOVACAP,,,,,,
GSTK506197,Bliss GVS Pharma,BLISSGVS,,,,,,
GSTK542665,Neogen Chemicals,NEOGEN,,,,,,
GSTK501455,Greaves Cotton,GREAVESCOT,,,,,,
GSTK539807,AvenuesAI,CCAVENUE,,,,,,
GSTK544526,Saatvik Green Energy,SAATVIKGL,,,,,,
GSTK544119,Rashi Peripherals,RPTECH,,,,,,
GSTK532811,Ahluwalia Contracts (India),AHLUCONT,,,,,,
GSTK544333,Standard Engineering Technology,SETL,,,,,,
GSTK544122,Entero Healthcare Solutions,ENTERO,,,,,,
GSTK544447,Smartworks Coworking Spaces,SMARTWORKS,,,,,,
GSTK500338,Prism Johnson,PRSMJOHNSN,,,,,,
GSTK531112,Balu Forge Industries,BALUFORGE,,,,,,
GSTK500414,Timex Group India,TIMEX,,,,,,
GSTK517168,Subros,SUBROS,,,,,,
GSTK505726,IFB Industries,IFBIND,,,,,,
GSTK543933,Cyient DLM,CYIENTDLM,,,,,,
GSTK543258,Indigo Paints,INDIGOPNTS,,,,,,
GSTK538567,Gulf Oil Lubricants India,GULFOILLUB,,,,,,
GSTK520051,Jamna Auto Industries,JAMNAAUTO,,,,,,
GSTK531201,Shilchar Technologies,SHILCTECH,,,,,,
GSTK517544,Centum Electronics,CENTUM,,,,,,
GSTK544580,Canara Robeco Asset Management Co,CRAMC,,,,,,
GSTK532524,PTC India,PTC,,,,,,
GSTK500336,Surya Roshni,SURYAROSNI,,,,,,
GSTK519156,Vadilal Industries,VADILALIND,,,,,,
GSTK534804,CARE Ratings,CARERATING,,,,,,
GSTK538730,PDS Limited,PDSL,,,,,,
GSTK500250,LG Balakrishnan & Bros,LGBBROSLTD,,,,,,
GSTK543669,Keystone Realtors Ltd,RUSTOMJEE,,,,,,
GSTK530655,Goodluck India,GOODLUCK,,,,,,
GSTK543248,Restaurant Brands Asia,RBA,,,,,,
GSTK543626,Electronics Mart India,EMIL,,,,,,
GSTK535602,Sharda Motor Industries,SHARDAMOTR,,,,,,
GSTK524372,Orchid Pharma,ORCHPHARMA,,,,,,
GSTK532891,Puravankara,PURVA,,,,,,
GSTK532532,Jaiprakash Associates,JPASSOCIAT,,,,,,
GSTK539978,Quess Corp,QUESS,,,,,,
GSTK543277,Laxmi Organic Industries,LXCHEM,,,,,,
GSTK517206,Lumax Industries,LUMAXIND,,,,,,
GSTK530001,Gujarat Alkalies & Chemicals,GUJALKALI,,,,,,
GSTK544209,Bansal Wire Industries,BANSALWIRE,,,,,,
GSTK532528,Datamatics Global Services,DATAMATICS,,,,,,
GSTK500413,Thomas Cook India,THOMASCOOK,,,,,,
GSTK532356,Triveni Engineering & Industries,TRIVENI,,,,,,
GSTK513262,Steel Strips Wheels,SSWL,,,,,,
GSTK532309,GE Power India,GVPIL,,,,,,
GSTK542760,Sterling and Wilson Renewable Energy,SWSOLAR,,,,,,
GSTK539883,Pilani Investment & Industries Corporation,PILANIINVS,,,,,,
GSTK504036,Hirect,HIRECT,,,,,,
GSTK517385,Symphony,SYMPHONY,,,,,,
GSTK532835,ICRA,ICRA,,,,,,
GSTK504212,Universal Cables,UNIVCABLES,,,,,,
GSTK526650,Tourism Finance Corporation of India,TFCILTD,,,,,,
GSTK542919,Artemis Medicare Services,ARTEMISMED,,,,,,
GSTK543332,Epigral,EPIGRAL,,,,,,
GSTK533122,RattanIndia Power,RTNPOWER,,,,,,
GSTK531500,Rajesh Exports,RAJESHEXPO,,,,,,
GSTK541167,Yasho Industries,YASHO,,,,,,
GSTK544260,Northern Arc Capital,NORTHARC,,,,,,
GSTK532670,Shree Renuka Sugars,RENUKA,,,,,,
GSTK539118,VRL Logistics,VRLLOG,,,,,,
GSTK532440,MPS,MPSLTD,,,,,,
GSTK500187,AGI Greenpac,AGI,,,,,,
GSTK533333,Fineotex Chemical,FCL,,,,,,
GSTK532983,RPG Life Sciences,RPGLIFE,,,,,,
GSTK505509,Responsive Industries,RESPONIND,,,,,,
GSTK507717,Dhanuka Agritech,DHANUKA,,,,,,
GSTK532798,Network18 Media & Investments,NETWORK18,,,,,,
GSTK533326,Texmaco Rail & Engineering,TEXRAIL,,,,,,
GSTK504966,Tinplate Company of India,TINPLATE,,,,,,
GSTK505872,WPIL,WPIL,,,,,,
GSTK508486,Hawkins Cookers,HAWKINCOOK,,,,,,
GSTK539199,SG Finserve,SGFIN,,,,,,
GSTK533520,Indiabulls,IBULLSLTD,,,,,,
GSTK532156,Vaibhav Global,VAIBHAVGBL,,,,,,
GSTK512179,Sunteck Realty,SUNTECK,,,,,,
GSTK544550,Pace Digitek,PACEDIGITK,,,,,,
GSTK524709,NACL Industries,NACLIND,,,,,,
GSTK533088,Mahindra Holidays & Resorts India,MHRIL,,,,,,
GSTK500407,Swaraj Engines,SWARAJENG,,,,,,
GSTK500128,Electrosteel Castings,ELECTCAST,,,,,,
GSTK506222,Styrenix Performance Materials,STYRENIX,,,,,,
GSTK500041,Bannari Amman Sugars,BANARISUG,,,,,,
GSTK542597,MSTC,MSTCLTD,,,,,,
GSTK543441,CMS Info Systems,CMSINFO,,,,,,
GSTK544129,Juniper Hotels,JUNIPER,,,,,,
GSTK542460,Anup Engineering,ANUP,,,,,,
GSTK534597,RattanIndia Enterprises,RTNINDIA,,,,,,
GSTK544587,Midwest,MIDWESTLTD,,,,,,
GSTK544240,Raymond Lifestyle,RAYMONDLSL,,,,,,
GSTK526570,Midwest Gold,,,,,,,
GSTK513097,Shivalik Bimetal Controls,SBCL,,,,,,
GSTK532406,Avantel,AVANTEL,,,,,,
GSTK524164,IOL Chemicals & Pharmaceuticals,IOLCP,,,,,,
GSTK526881,63 Moons Technologies,63MOONS,,,,,,
GSTK544420,Raymond Realty,RAYMONDREL,,,,,,
GSTK532638,Shoppers Stop,SHOPERSTOP,,,,,,
GSTK507880,VIP Industries,VIPIND,,,,,,
GSTK500147,John Cockerill India Ltd,COCKERILL,,,,,,
GSTK500355,Rallis India,RALLIS,,,,,,
GSTK517498,Websol Energy System,WEBELSOLAR,,,,,,
GSTK543321,Tatva Chintan Pharma Chem,TATVA,,,,,,
GSTK544055,Muthoot Microfin,MUTHOOTMF,,,,,,
GSTK522281,Ram Ratna Wires,RAMRAT,,,,,,
GSTK532884,Refex Industries,REFEX,,,,,,
GSTK544642,Wakefit Innovations,WAKEFIT,,,,,,
GSTK500243,Kirloskar Industries,KIRLOSIND,,,,,,
GSTK516072,Vishnu Chemicals,VISHNU,,,,,,
GSTK524667,Savita Oil Technologies,SOTL,,,,,,
GSTK539844,Equitas Holdings,EQUITAS,,,,,,
GSTK544699,AYE Finance,AYE,,,,,,
GSTK540768,Mahindra Logistics,MAHLOG,,,,,,
GSTK532054,KDDL,KDDL,,,,,,
GSTK532668,Aurionpro Solutions,AURIONPRO,,,,,,
GSTK543249,TARC,TARC,,,,,,
GSTK541336,IndoStar Capital Finance,INDOSTAR,,,,,,
GSTK532407,Moschip Technologies,MOSCHIP,,,,,,
GSTK532899,Kaveri Seed Company,KSCL,,,,,,
GSTK500171,GHCL,GHCL,,,,,,
GSTK500032,Bajaj Hindusthan Sugar,BAJAJHIND,,,,,,
GSTK532626,Pondy Oxides & Chemicals,POCL,,,,,,
GSTK543984,Samhi Hotels,SAMHI,,,,,,
GSTK544314,Sanathan Textiles,SANATHAN,,,,,,
GSTK513269,Man Industries India,MANINDS,,,,,,
GSTK530367,NRB Bearings,NRBBEARING,,,,,,
GSTK544614,Capillary Technologies India,CAPILLARY,,,,,,
GSTK533169,Man InfraConstruction,MANINFRA,,,,,,
GSTK512068,Deccan Gold Mines,DECNGOLD,,,,,,
GSTK523716,Ashiana Housing,ASHIANA,,,,,,
GSTK500150,Foseco India,FOSECOIND,,,,,,
GSTK520057,JTEKT India,JTEKTINDIA,,,,,,
GSTK506879,Gujarat Themis Biosyn,GUJTHEM,,,,,,
GSTK509079,Gufic Biosciences,GUFICBIO,,,,,,
GSTK540725,Share India Securities,SHAREINDIA,,,,,,
GSTK539042,AGI Infra,AGIIL,,,,,,
GSTK540544,PSP Projects,PSPPROJECT,,,,,,
GSTK505255,GMM Pfaudler,GMMPFAUDLR,,,,,,
GSTK524348,Aarti Drugs,AARTIDRUGS,,,,,,
GSTK500330,Raymond,RAYMOND,,,,,,
GSTK543533,eMudhra,EMUDHRA,,,,,,
GSTK544290,Enviro Infra Engineers,EIEL,,,,,,
GSTK532686,Kernex Microsystems (India),KERNEX,,,,,,
GSTK500031,Bajaj Electricals,BAJAJELEC,,,,,,
GSTK531266,VST Tillers Tractors,VSTTILLERS,,,,,,
GSTK543242,Hemisphere Properties India,HEMIPROP,,,,,,
GSTK500235,Kalyani Steels,KSL,,,,,,
GSTK501261,Lords Mark Industries,,,,,,,
GSTK543288,Deep Industries,DEEPINDS,,,,,,
GSTK531543,Jindal Worldwide,JINDWORLD,,,,,,
GSTK500672,Novartis India,NOVARTIND,,,,,,
GSTK523398,Bosch Home Comfort India,BOSCH-HCIL,,,,,,
GSTK541163,Sandhar Technologies,SANDHAR,,,,,,
GSTK531719,Bhagiradha Chemicals & Industries,BHAGCHEM,,,,,,
GSTK532029,Sindhu Trade Links,SINDHUTRAD,,,,,,
GSTK509966,VST Industries,VSTIND,,,,,,
GSTK500444,West Coast Paper Mills,WSTCSTPAPR,,,,,,
GSTK544418,Oswal Pumps,OSWALPUMPS,,,,,,
GSTK519477,Cian Agro Industries & Infrastructure,,,,,,,
GSTK539542,Lux Industries,LUXIND,,,,,,
GSTK513010,Tata Steel Long Products,TATASTLLP,,,,,,
GSTK543325,Rolex Rings,ROLEXRINGS,,,,,,
GSTK533151,DB Corp,DBCORP,,,,,,
GSTK541301,Orient Electric,ORIENTELEC,,,,,,
GSTK544421,Ellenbarrie Industrial Gases,ELLEN,,,,,,
GSTK544386,Spectrum Electrical Industries,SPECTRUM,,,,,,
GSTK526807,Seamec,SEAMECLTD,,,,,,
GSTK543766,Ashika Global Securities,ASHIKAG,,,,,,
GSTK530011,Mangalore Chemicals & Fertilisers,,,,,,,
GSTK532940,J Kumar Infraprojects,JKIL,,,,,,
GSTK544454,Indiqube Spaces,INDIQUBE,,,,,,
GSTK543600,Harsha Engineers International,HARSHA,,,,,,
GSTK544545,TruAlt Bioenergy,TRUALT,,,,,,
GSTK506690,Unichem Laboratories,UNICHEMLAB,,,,,,
GSTK544294,Rossell Techsys Ltd.,ROSSTECH,,,,,,
GSTK526247,Premier Explosives,PREMEXPLN,,,,,,
GSTK526797,Greenply Industries,GREENPLY,,,,,,
GSTK530073,Sanghvi Movers,SANGHVIMOV,,,,,,
GSTK543932,Ideaforge Technology,IDEAFORGE,,,,,,
GSTK544430,Sambhv Steel Tubes,SAMBHV,,,,,,
GSTK540025,Advanced Enzyme Technologies,ADVENZYMES,,,,,,
GSTK541019,HG Infra Engineering (Part IX),HGINFRA,,,,,,
GSTK590013,Xpro India,XPROINDIA,,,,,,
GSTK513434,Tata Metaliks,TATAMETALI,,,,,,
GSTK532815,SMS Pharmaceuticals,SMSPHARMA,,,,,,
GSTK523630,National Fertilizers,NFL,,,,,,
GSTK513519,Pitti Engineering,PITTIENG,,,,,,
GSTK544198,Dee Development Engineers Ltd,DEEDEV,,,,,,
GSTK534758,Cigniti Technologies,,,,,,,
GSTK524051,Polyplex Corporation,POLYPLEX,,,,,,
GSTK505710,Grauer & Weil (India),GRAUWEIL,,,,,,
GSTK500292,Heidelberg Cement India,HEIDELBERG,,,,,,
GSTK543528,Venus Pipes & Tubes,VENUSPIPES,,,,,,
GSTK532960,Dhani Services,,,,,,,
GSTK590073,Wheels India,WHEELS,,,,,,
GSTK532942,KNR Constructions,KNRCON,,,,,,
GSTK544439,Crizac,CRIZAC,,,,,,
GSTK532924,Kolte-Patil Developers,KOLTEPATIL,,,,,,
GSTK500148,Uflex,UFLEX,,,,,,
GSTK533271,Ashoka Buildcon,ASHOKA,,,,,,
GSTK543228,Route Mobile,ROUTE,,,,,,
GSTK500365,Welspun Specialty Solutions,WELSPLSOL,,,,,,
GSTK544140,Gopal Snacks,GOPAL,,,,,,
GSTK543652,Fusion Finance,FUSION,,,,,,
GSTK532150,Indraprastha Medical Corporation,INDRAMEDCO,,,,,,
GSTK504341,Ravindra Energy,RELTD,,,,,,
GSTK524091,Carysil,CARYSIL,,,,,,
GSTK539921,Shanti Educational Initiatives,SEIL,,,,,,
GSTK543952,NIIT Learning Systems ,NIITMTS,,,,,,
GSTK543689,Uniparts India,UNIPARTS,,,,,,
GSTK526227,Filatex India,FILATEX,,,,,,
GSTK522249,Mayur Uniquoters,MAYURUNIQ,,,,,,
GSTK544530,Anand Rathi Share & Stock Brokers,ARSSBL,,,,,,
GSTK532661,Rane (Madras),RML,,,,,,
GSTK523618,Dredging Corporation of India,DREDGECORP,,,,,,
GSTK544402,Jash Engineering,JASH,,,,,,
GSTK544396,Network People Services Technologies,NPST,,,,,,
GSTK539940,Max Ventures & Industries,MAXVIL,,,,,,
GSTK514167,Ganesha Ecosphere,GANECOS,,,,,,
GSTK522034,Shanthi Gears,SHANTIGEAR,,,,,,
GSTK523694,Apcotex Industries,APCOTEXIND,,,,,,
GSTK513517,Steelcast,STEELCAS,,,,,,
GSTK500288,Morepen Laboratories,MOREPENLAB,,,,,,
GSTK544519,Euro Pratik Sales,EUROPRATIK,,,,,,
GSTK532735,R Systems International,RSYSTEMS,,,,,,
GSTK511551,Monarch Networth Capital,MONARCH,,,,,,
GSTK542333,RPSG Ventures,RPSGVENT,,,,,,
GSTK543336,Chemplast Sanmar,CHEMPLASTS,,,,,,
GSTK519552,Heritage Foods,HERITGFOOD,,,,,,
GSTK514234,Sangam (India),SANGAMIND,,,,,,
GSTK532698,Nitin Spinners,NITINSPIN,,,,,,
GSTK532732,Kewal Kiran Clothing,KKCL,,,,,,
GSTK532479,ISMT,ISMTLTD,,,,,,
GSTK544320,Carraro India,CARRARO,,,,,,
GSTK544232,Interarch Building Solutions,INTERARCH,,,,,,
GSTK538268,Wonderla Holidays,WONDERLA,,,,,,
GSTK544342,Stallion India Fluorochemicals,STALLION,,,,,,
GSTK509243,TVS Srichakra,TVSSRICHAK,,,,,,
GSTK544161,DP Abhushan,DPABHUSHAN,,,,,,
GSTK544517,Shankara Buildpro,BUILDPRO,,,,,,
GSTK504000,Elpro International,ELPROINTL,,,,,,
GSTK519183,ADF Foods,ADFFOODS,,,,,,
GSTK522215,HLE Glascoat,HLEGLAS,,,,,,
GSTK508989,Navneet Education,NAVNETEDUL,,,,,,
GSTK523319,Balmer Lawrie & Company,BALMLAWRIE,,,,,,
GSTK543812,Divgi Torqtransfer Systems,DIVGIITTS,,,,,,
GSTK534392,Vardhman Special Steels,VSSL,,,,,,
GSTK540701,Dishman Carbogen Amcis,DCAL,,,,,,
GSTK521248,Kitex Garments,KITEX,,,,,,
GSTK542907,Prince Pipes & Fittings,PRINCEPIPE,,,,,,
GSTK532486,Pokarna,POKARNA,,,,,,
GSTK544243,Baazar Style Retail,STYLEBAAZA,,,,,,
GSTK543489,Gateway Distriparks,GATEWAY,,,,,,
GSTK500052,Bhansali Engineering Polymers,BEPL,,,,,,
GSTK530075,Antelopus Selan Energy,ANTELOPUS,,,,,,
GSTK512008,EFC (I),EFCIL,,,,,,
GSTK534600,JTL Industries Ltd,JTLIND,,,,,,
GSTK523301,TCPL Packaging,TCPLPACK,,,,,,
GSTK522029,Windsor Machines,WINDMACHIN,,,,,,
GSTK542866,Colab Platforms,,,,,,,
GSTK590078,Maithan Alloys,MAITHANALL,,,,,,
GSTK503960,Bharat Bijlee,BBL,,,,,,
GSTK532256,Nalwa Sons Investments,NSIL,,,,,,
GSTK500097,Dalmia Bharat Sugar & Industries,DALMIASUG,,,,,,
GSTK532369,Ramco Industries,RAMCOIND,,,,,,
GSTK544786,Schneider Electric President Systems,,,,,,,
GSTK533676,Indo Thai Securities,INDOTHAI,,,,,,
GSTK526125,BN Agrochem,BNAGROCHEM,,,,,,
GSTK543212,Borosil,BOROLTD,,,,,,
GSTK535754,Orient Cement,ORIENTCEM,,,,,,
GSTK501421,TechNVision Ventures,TECHNVISN,,,,,,
GSTK543213,Rossari Biotech,ROSSARI,,,,,,
GSTK543547,Ddev Plastiks Industries,DDEVPLSTIK,,,,,,
GSTK500227,Jindal Poly Films,JINDALPOLY,,,,,,
GSTK532717,Indo Tech Transformers,INDOTECH,,,,,,
GSTK540724,Prataap Snacks,DIAMONDYD,,,,,,
GSTK544066,Sundaram-Clayton,SUNCLAY,,,,,,
GSTK532663,Sasken Technologies,SASKEN,,,,,,
GSTK544355,Jubilant Agri And Consumer Products,JUBLCPL,,,,,,
GSTK543283,United Foodbrands,UFBL,,,,,,
GSTK524820,Panama Petrochem,PANAMAPET,,,,,,
GSTK543985,Zaggle Prepaid Ocean Services,ZAGGLE,,,,,,
GSTK500730,Nocil,NOCIL,,,,,,
GSTK514446,LS Industries,,,,,,,
GSTK544030,Flair Writing Industries,FLAIR,,,,,,
GSTK503811,Siyaram Silk Mills,SIYSIL,,,,,,
GSTK524735,Hikal,HIKAL,,,,,,
GSTK544107,BLS E-Services,BLSE,,,,,,
GSTK505010,Automotive Axles,AUTOAXLES,,,,,,
GSTK539301,Arvind Smartspaces,ARVSMART,,,,,,
GSTK524394,Vimta Labs,VIMTALABS,,,,,,
GSTK531120,Patel Engineering,PATELENG,,,,,,
GSTK532799,Hubtown,HUBTOWN,,,,,,
GSTK532967,Kiri Industries,KIRIINDUS,,,,,,
GSTK539889,Parag Milk Foods,PARAGMILK,,,,,,
GSTK544540,EPack Prefab Technologies,EPACKPEB,,,,,,
GSTK539997,Kwality Pharmaceuticals,KPL,,,,,,
GSTK523385,Nilkamal,NILKAMAL,,,,,,
GSTK544088,Medi Assist Healthcare Services,MEDIASSIST,,,,,,
GSTK539056,Imagicaaworld Entertainment,IMAGICAA,,,,,,
GSTK532240,India Nippon Electricals,INDNIPPON,,,,,,
GSTK539404,Satin Creditcare Network,SATIN,,,,,,
GSTK526829,Confidence Petroleum India,CONFIPET,,,,,,
GSTK522241,MM Forgings,MMFL,,,,,,
GSTK505744,Federal-Mogul Goetze (India),FMGOETZE,,,,,,
GSTK543272,EaseMyTrip,EASEMYTRIP,,,,,,
GSTK544525,GK Energy,GKENERGY,,,,,,
GSTK503101,Marathon Nextgen Realty,MARATHON,,,,,,
GSTK533262,Ramky Infrastructure,RAMKY,,,,,,
GSTK544111,Apeejay Surrendra Park Hotels,PARKHOTELS,,,,,,
GSTK542774,Mufin Green Finance,MUFIN,,,,,,
GSTK502157,Mangalam Cement,MANGLMCEM,,,,,,
GSTK544261,Arkade Developers,ARKADE,,,,,,
GSTK543942,Utkarsh Small Finance Bank,UTKARSHBNK,,,,,,
GSTK532722,Nitco,NITCO,,,,,,
GSTK543260,Stove Kraft,STOVEKRAFT,,,,,,
GSTK531349,Panacea Biotec,PANACEABIO,,,,,,
GSTK533104,Globus Spirits,GLOBUSSPR,,,,,,
GSTK543525,Silver Touch Technologies,SILVERTUC,,,,,,
GSTK539221,Sportking India,SPORTKING,,,,,,
GSTK524743,Fischer Medical Ventures,FISCHER,,,,,,
GSTK543230,Advait Energy Transitions,ADVAIT,,,,,,
GSTK505160,Talbros Automotive Components,TALBROAUTO,,,,,,
GSTK517522,Rajratan Global Wire,RAJRATAN,,,,,,
GSTK517041,Ador Welding,ADOR,,,,,,
GSTK540048,SP Apparels,SPAL,,,,,,
GSTK500020,Bombay Dyeing And Manufacturing Company,BOMDYEING,,,,,,
GSTK544021,Protean e-Gov Technologies,PROTEAN,,,,,,
GSTK517300,Gujarat Industries Power Company,GIPCL,,,,,,
GSTK539533,Elitecon International,ELITECON,,,,,,
GSTK500215,Sundrop Brands,SUNDROP,,,,,,
GSTK543514,Veranda Learning Solutions,VERANDA,,,,,,
GSTK505800,Rane Holdings,RANEHOLDIN,,,,,,
GSTK531508,Eveready Industries India,EVEREADY,,,,,,
GSTK513349,Ajmera Realty & Infra India,AJMERA,,,,,,
GSTK541700,TCNS Clothing Co,TCNSBRANDS,,,,,,
GSTK543620,Insolation Energy,INA,,,,,,
GSTK532834,Camlin Fine Sciences,CAMLINFINE,,,,,,
GSTK541540,Solara Active Pharma Sciences,SOLARA,,,,,,
GSTK544167,JNK India,JNKINDIA,,,,,,
GSTK522101,Kilburn Engineering,KLBRENG-B,,,,,,
GSTK543590,Rhetan TMT,RHETAN,,,,,,
GSTK590005,Veedol Corporation,VEEDOL,,,,,,
GSTK526783,Dr Agarwal's Eye Hospital,DRAGARWQ,,,,,,
GSTK535322,Repco Home Finance,REPCOHOME,,,,,,
GSTK526953,Venus Remedies,VENUSREM,,,,,,
GSTK543686,SIRCA Paints India,SIRCA,,,,,,
GSTK533302,Kalyani Investment Company,KICL,,,,,,
GSTK590086,Orissa Minerals Development Company,ORISSAMINE,,,,,,
GSTK532930,BGR Energy Systems,BGRENERGY,,,,,,
GSTK539682,Mobavenue Ai Tech,,,,,,,
GSTK542857,Greenpanel Industries,GREENPANEL,,,,,,
GSTK523606,Sika Interplant Systems,SIKA,,,,,,
GSTK543977,Rishabh Instruments,RISHABH,,,,,,
GSTK519091,Tasty Bite Eatables,TASTYBITE,,,,,,
GSTK517015,Vindhya Telelinks,VINDHYATEL,,,,,,
GSTK500314,Oriental Hotels,ORIENTHOT,,,,,,
GSTK506235,Alembic,ALEMBICLTD,,,,,,
GSTK508814,Cosmo First,COSMOFIRST,,,,,,
GSTK519588,DFM Foods,DFMFOODS,,,,,,
GSTK504112,Nelco,NELCO,,,,,,
GSTK540124,GNA Axles,GNA,,,,,,
GSTK543983,EMS,EMSLIMITED,,,,,,
GSTK500333,Pix Transmissions,PIXTRANS,,,,,,
GSTK502090,Sagar Cements,SAGCEM,,,,,,
GSTK539450,SH Kelkar And Company,SHK,,,,,,
GSTK532390,Taj GVK Hotels & Resorts,TAJGVK,,,,,,
GSTK531761,Apollo Pipes,APOLLOPIPE,,,,,,
GSTK544457,Brigade Hotel Ventures,BRIGHOTEL,,,,,,
GSTK509820,Huhtamaki India,HUHTAMAKI,,,,,,
GSTK590051,Saksoft,SAKSOFT,,,,,,
GSTK544217,Sanstar,SANSTAR,,,,,,
GSTK543714,Landmark Cars,LANDMARK,,,,,,
GSTK513228,Pennar Industries,PENIND,,,,,,
GSTK515008,Modern Insulators,,,,,,,
GSTK533080,Mold-Tek Packaging,MOLDTKPAC,,,,,,
GSTK503681,Elcid Investments,ELCIDIN,,,,,,
GSTK506022,Prakash Industries,PRAKASH,,,,,,
GSTK544095,EPACK Durable,EPACK,,,,,,
GSTK544133,Exicom Tele-Systems,EXICOM,,,,,,
GSTK544029,Gandhar Oil Refinery (India),GANDHAR,,,,,,
GSTK544020,ESAF Small Finance Bank,ESAFSFB,,,,,,
GSTK538920,Vintage Coffee and Beverages,VINCOFE,,,,,,
GSTK532370,Ramco Systems,RAMCOSYS,,,,,,
GSTK500306,Jaykay Enterprises,JAYKAY,,,,,,
GSTK544512,Shringar House of Mangalsutra,SHRINGARMS,,,,,,
GSTK532430,BF Utilities,BFUTILITIE,,,,,,
GSTK513119,Onix Solar Energy,,,,,,,
GSTK500219,Jain Irrigation Systems,JISLJALEQS,,,,,,
GSTK540136,HPL Electric & Power,HPL,,,,,,
GSTK535136,NIBE,NIBE,,,,,,
GSTK505504,GHV Infra Projects,,,,,,,
GSTK533644,Ujaas Energy,UEL,,,,,,
GSTK590021,Bharat Rasayan,BHARATRAS,,,,,,
GSTK532285,Geojit Financial Services,GEOJITFSL,,,,,,
GSTK500186,Hindustan Oil Exploration Company,HINDOILEXP,,,,,,
GSTK522064,Honda India Power Products,HONDAPOWER,,,,,,
GSTK530555,Paramount Communications,PARACABLES,,,,,,
GSTK523261,Venky's India,VENKEYS,,,,,,
GSTK524669,Hester Biosciences,HESTERBIO,,,,,,
GSTK500412,Thirumalai Chemicals,TIRUMALCHM,,,,,,
GSTK542759,Spandana Sphoorty Financial,SPANDANA,,,,,,
GSTK590066,KCP,KCP,,,,,,
GSTK540212,TCI Express,TCIEXP,,,,,,
GSTK524520,KMC Speciality Hospitals (India),,,,,,,
GSTK539686,KP ENERGY,KPEL,,,,,,
GSTK539658,TeamLease Services,TEAMLEASE,,,,,,
GSTK504741,Indian Hume Pipe Company,INDIANHUME,,,,,,
GSTK890145,Dhani Services - Partly Paid,DHANIPP,,,,,,
GSTK507488,GM Breweries,GMBREW,,,,,,
GSTK544042,Bajel Projects,BAJEL,,,,,,
GSTK533267,Cantabil Retail India,CANTABIL,,,,,,
GSTK526947,La Opala Rg,LAOPALA,,,,,,
GSTK531179,Arman Financial Services,ARMANFIN,,,,,,
GSTK500460,Mukand,MUKANDLTD,,,,,,
GSTK530131,Udaipur Cement Works,,,,,,,
GSTK544379,Prabha Energy Ltd,PRABHA,,,,,,
GSTK532612,Indoco Remedies,INDOCO,,,,,,
GSTK505196,TIL,TIL,,,,,,
GSTK524774,NGL Fine Chem,NGLFINE,,,,,,
GSTK543650,DCX Systems,DCXINDIA,,,,,,
GSTK530475,Tinna Rubber & Infrastructure,TINNARUBR,,,,,,
GSTK531548,Somany Ceramics,SOMANYCERA,,,,,,
GSTK542725,SBC Exports,SBC,,,,,,
GSTK522263,JMC Projects (India),JMCPROJECT,,,,,,
GSTK544181,Awfis Space Solutions,AWFIS,,,,,,
GSTK506480,GOCL Corporation,GOCLCORP,,,,,,
GSTK532859,Hinduja Global Solutions,HGS,,,,,,
GSTK544138,JG Chemicals,JGCHEM,,,,,,
GSTK532305,Ind-Swift Laboratories,INDSWFTLAB,,,,,,
GSTK544633,Vidya Wires,VIDYAWIRES,,,,,,
GSTK532650,MSP Steel & Power,MSPL,,,,,,
GSTK530355,Asian Energy Services,ASIANENE,,,,,,
GSTK543214,NDR Auto Components,NDRAUTO,,,,,,
GSTK500168,Goodyear India,GOODYEAR,,,,,,
GSTK505725,Algoquant Fintech,ALGOQUANT,,,,,,
GSTK540795,Dynamic Cables,DYCL,,,,,,
GSTK544142,Shipping Corporation of India Land and Assets Ltd.,SCILAL,,,,,,
GSTK520008,Rico Auto Industries,RICOAUTO,,,,,,
GSTK538992,SAR Auto Products,,,,,,,
GSTK533162,Hathway Cable & Datacom,HATHWAY,,,,,,
GSTK517467,Marsons,MARSONS,,,,,,
GSTK523127,EIH Associated Hotels,EIHAHOTELS,,,,,,
GSTK532368,Brightcom Group,BCG,,,,,,
GSTK544496,Vikran Engineering,VIKRAN,,,,,,
GSTK523838,Simplex Infrastructures,SIMPLEXINF,,,,,,
GSTK532851,Insecticides (India),INSECTICID,,,,,,
GSTK531449,GRM Overseas,GRMOVER,,,,,,
GSTK539981,Max India Ltd,MAXINDIA,,,,,,
GSTK542905,Hindware Home Innovation Limited,HINDWAREAP,,,,,,
GSTK534369,Tribhovandas Bhimji Zaveri,TBZ,,,,,,
GSTK523862,Grand Oak Canyons Distillery,GRANDOAK,,,,,,
GSTK516038,KS Smart Technologies,,,,,,,
GSTK513446,JSW Ispat Special Products,JSWISPL,,,,,,
GSTK540710,Capacite Infraprojects,CAPACITE,,,,,,
GSTK533265,Gallantt Ispat,GALLISPAT,,,,,,
GSTK531209,Nucleus Software Exports,NUCLEUS,,,,,,
GSTK539724,Hypersoft Technologies,,,,,,,
GSTK539607,Blue Cloud Softech Solutions,,,,,,,
GSTK533320,Jubilant Industries,JUBLINDS,,,,,,
GSTK511034,Jindal Drilling & Industries,JINDRILL,,,,,,
GSTK500068,DISA India,DISAQ,,,,,,
GSTK512237,Jai Corp,JAICORPLTD,,,,,,
GSTK533344,PTC India Financial Services,PFS,,,,,,
GSTK543311,India Pesticides,IPL,,,,,,
GSTK543329,Windlas Biotech,WINDLAS,,,,,,
GSTK538734,Ceinsys Tech,CEINSYS,,,,,,
GSTK540797,Shalby,SHALBY,,,,,,
GSTK506532,Nitta Gelatin India,NITTAGELA,,,,,,
GSTK520066,Jay Bharat Maruti,JAYBARMARU,,,,,,
GSTK538891,Magellanic Cloud,MCLOUD,,,,,,
GSTK544414,Bluspring Enterprises,BLUSPRING,,,,,,
GSTK544599,Studds Accessories,STUDDS,,,,,,
GSTK524717,Titan Biotech,,,,,,,
GSTK543401,Go Fashion (India),GOCOLORS,,,,,,
GSTK500285,Spicejet,,,,,,,
GSTK509732,Kothari Industrial Corporation,KOTIC,,,,,,
GSTK543411,Hi-Tech Pipes,HITECH,,,,,,
GSTK543279,Suryoday Small Finance Bank,SURYODAY,,,,,,
GSTK533303,BF Investment,BFINVEST,,,,,,
GSTK543328,Krsnaa Diagnostics,KRSNAA,,,,,,
GSTK500108,Mahanagar Telephone Nigam,MTNL,,,,,,
GSTK532268,Accelya Solutions India,ACCELYA,,,,,,
GSTK890164,Wardwizard Inno Mobi Partly Paid,,,,,,,
GSTK539895,Spice Lounge Food Works,,,,,,,
GSTK543263,SMC Global Securities,SMCGLOBAL,,,,,,
GSTK532848,Delta Corp,DELTACORP,,,,,,
GSTK544470,M&B Engineering,MBEL,,,,,,
GSTK543992,Yatra Online Ltd,YATRA,,,,,,
GSTK543399,Tarsons Products,TARSONS,,,,,,
GSTK512267,Media Matrix Worldwide,MMWL,,,,,,
GSTK511144,Axis Solution Ltd.,,,,,,,
GSTK522073,Hi-Tech Gears,HITECHGEAR,,,,,,
GSTK531717,Vidhi Specialty Food Ingredients,VIDHIING,,,,,,
GSTK532708,GVK Power & Infrastructure,GVKPIL,,,,,,
GSTK505412,Wendt (India),WENDT,,,,,,
GSTK513554,Mahamaya Steel Industries,MAHASTEEL,,,,,,
GSTK504092,Indokem,,,,,,,
GSTK540776,5Paisa Capital,5PAISA,,,,,,
GSTK533306,Summit Securities,SUMMITSEC,,,,,,
GSTK539730,Fredun Pharmaceuticals,,,,,,,
GSTK544532,Solarworld Energy Solutions,SOLARWORLD,,,,,,
GSTK500402,SPML Infra,SPMLINFRA,,,,,,
GSTK532888,Asian Granito India,ASIANTILES,,,,,,
GSTK544053,Motisons Jewellers,MOTISONS,,,,,,
GSTK543644,Infobeans Technologies,INFOBEAN,,,,,,
GSTK544305,One Mobikwik Systems,MOBIKWIK,,,,,,
GSTK544271,Garuda Construction & Engineering,GARUDA,,,,,,
GSTK533146,D-Link (India),DLINKINDIA,,,,,,
GSTK522195,Frontier Springs,FRONTSP,,,,,,
GSTK543449,Wonder Electricals,WEL,,,,,,
GSTK538668,Meghna Infracon Infrastructure,,,,,,,
GSTK539289,Aurum Proptech,AURUM,,,,,,
GSTK507410,Walchandnagar Industries,WALCHANNAG,,,,,,
GSTK522261,Dolphin Offshore Enterprises (India),DOLPHIN,,,,,,
GSTK532775,GTL Infrastructure,GTLINFRA,,,,,,
GSTK532880,Omaxe,OMAXE,,,,,,
GSTK532365,Dynacons Systems & Solutions,DSSL,,,,,,
GSTK544459,Shanti Gold International,SHANTIGOLD,,,,,,
GSTK532485,Balmer Lawrie Investments,BLIL,,,,,,
GSTK543597,Virtuoso Optoelectronics,VOEPL,,,,,,
GSTK514211,Sumeet Industries,SUMEETINDS,,,,,,
GSTK532742,Paushak,PAUSHAKLTD,,,,,,
GSTK543923,IKIO Technologies,IKIO,,,,,,
GSTK539332,Navkar Corporation,NAVKARCORP,,,,,,
GSTK502450,Seshasayee Paper & Boards,SESHAPAPER,,,,,,
GSTK507526,Associated Alcohols & Breweries,ASALCBR,,,,,,
GSTK500279,MIRC Electronics,MIRCELECTR,,,,,,
GSTK537392,Keto Motors,,,,,,,
GSTK532366,PNB Gilts,PNBGILTS,,,,,,
GSTK507789,Jagsonpal Pharmaceuticals,JAGSNPHARM,,,,,,
GSTK544748,One Point One Solutions,ONEPOINT,,,,,,
GSTK544413,Digitide Solutions,DIGITIDE,,,,,,
GSTK544117,Signpost India,SIGNPOST,,,,,,
GSTK539151,Arfin India,ARFIN,,,,,,
GSTK541403,Dollar Industries,DOLLAR,,,,,,
GSTK540774,IFGL Refractories,IFGLEXPOR,,,,,,
GSTK544523,Ivalue Infosolutions,IVALUE,,,,,,
GSTK533761,GPT Infraprojects,GPTINFRA,,,,,,
GSTK507514,Som Distilleries And Breweries,SDBL,,,,,,
GSTK506373,Citurgia Biochemicals,,,,,,,
GSTK544631,Creative Peripherals & Distribution,CNL,,,,,,
GSTK532341,Izmo,IZMO,,,,,,
GSTK590006,Amrutanjan Health Care,AMRUTANJAN,,,,,,
GSTK520073,RACL Geartech,RACLGEAR,,,,,,
GSTK511742,Ugro Capital,UGROCAP,,,,,,
GSTK506414,Fermenta Biotech,FERMENTA,,,,,,
GSTK508933,Aym Syntex,AYMSYNTEX,,,,,,
GSTK500207,Indo Rama Synthetics (India),INDORAMA,,,,,,
GSTK533138,Astec Lifesciences,ASTEC,,,,,,
GSTK513307,Belding India,,,,,,,
GSTK505400,Texmaco Infrastructure & Holdings,TEXINFRA,,,,,,
GSTK544479,All Time Plastics,ALLTIME,,,,,,
GSTK507747,TTK Healthcare,TTKHLTCARE,,,,,,
GSTK500199,IG Petrochemicals,IGPL,,,,,,
GSTK543711,Sula Vineyards,SULA,,,,,,
GSTK513536,Gujarat Natural Resources,GNRL,,,,,,
GSTK543419,Shriram Properties,SHRIRAMPPS,,,,,,
GSTK544264,Diffusion Engineers,DIFFNKG,,,,,,
GSTK534748,Steel Exchange India,STEELXIND,,,,,,
GSTK531795,Atul Auto,ATULAUTO,,,,,,
GSTK543451,AGS Transact Technologies,AGSTRA,,,,,,
GSTK530307,Chaman Lal Setia Exports,CLSEL,,,,,,
GSTK517380,Igarashi Motors India,IGARASHI,,,,,,
GSTK544244,Gala Precision Engineering,GALAPREC,,,,,,
GSTK544184,Borosil Scientific,BOROSCI,,,,,,
GSTK506618,Punjab Chemicals & Crop Protection,PUNJABCHEM,,,,,,
GSTK544131,GPT Healthcare,GPTHEALTH,,,,,,
GSTK523229,Bharat Seats,BHARATSE,,,,,,
GSTK532705,Jagran Prakashan,JAGRAN,,,,,,
GSTK544336,Quadrant Future Tek,QUADFUTURE,,,,,,
GSTK512038,TCC Concept,TCC,,,,,,
GSTK524109,Kabra Extrusiontechnik,KABRAEXTRU,,,,,,
GSTK543989,Sai Silks (Kalamandir),KALAMANDIR,,,,,,
GSTK543331,Meghmani Organics,MOL,,,,,,
GSTK543996,Updater Services,UDS,,,,,,
GSTK500117,DCW,DCW,,,,,,
GSTK526173,Andrew Yule & Co,,,,,,,
GSTK590065,India Motor Parts & Accessories,IMPAL,,,,,,
GSTK512020,Saraswati Commercial (India),ZSARACOM,,,,,,
GSTK590030,Southern Petrochemical Industries Corporation,SPIC,,,,,,
GSTK544448,Pashupati Cotspin,PASHUPATI,,,,,,
GSTK511076,AEROFLEX ENTERPRISES LIMITED,AEROENTER,,,,,,
GSTK539799,Bharat Wire Ropes,BHARATWIRE,,,,,,
GSTK544718,PNGS Reva Diamond Jewellery,PNGSREVA,,,,,,
GSTK544279,Godavari Biorefineries,GODAVARIB,,,,,,
GSTK539636,Precision Camshafts,PRECAM,,,,,,
GSTK500280,Century Enka,CENTENKA,,,,,,
GSTK509438,Benares Hotels,,,,,,,
GSTK505036,Automobile Corporation of Goa,,,,,,,
GSTK543386,Fino Payments Bank,FINOPB,,,,,,
GSTK544120,Capital Small Finance Bank,CAPITALSFB,,,,,,
GSTK524632,Shukra Pharmaceuticals,,,,,,,
GSTK532143,SKM Egg Products Export India,SKMEGGPROD,,,,,,
GSTK500304,NIIT,NIITLTD,,,,,,
GSTK533137,DEN Networks,DEN,,,,,,
GSTK544293,Suraksha Diagnostic,SURAKSHA,,,,,,
GSTK530079,Faze Three,FAZE3Q,,,,,,
GSTK544395,STL Networks,STLNETWORK,,,,,,
GSTK508929,Avishkar Infra Realty,,,,,,,
GSTK543978,Ratnaveer Precision Engineering,RATNAVEER,,,,,,
GSTK526521,Sanghi Industries,,,,,,,
GSTK517421,Butterfly Gandhimathi Appliances,BUTTERFLY,,,,,,
GSTK513250,Jyoti Structures,JYOTISTRUC,,,,,,
GSTK539469,Panorama Studios International,,,,,,,
GSTK526608,Electrotherm (India),ELECTHERM,,,,,,
GSTK539046,Manaksia Coated Metals & Industries,MANAKCOAT,,,,,,
GSTK500023,Asian Hotels (North),ASIANHOTNR,,,,,,
GSTK533552,Rupa & Company,RUPA,,,,,,
GSTK539334,Shree Pushkar Chemicals & Fertilisers,SHREEPUSHK,,,,,,
GSTK517500,Roto Pumps,ROTO,,,,,,
GSTK533257,Indosolar Ltd.,WAAREEINDO,,,,,,
GSTK532180,Dhanlaxmi Bank,DHANBANK,,,,,,
GSTK544253,Kross,KROSS,,,,,,
GSTK517035,RIR Power Electronics,RIR,,,,,,
GSTK532923,Renaissance Global,RGL,,,,,,
GSTK543324,Gretex Corporate Services,GCSL,,,,,,
GSTK533315,Innovassynth Technologies (India),,,,,,,
GSTK533121,Expleo Solutions,EXPLEOSOL,,,,,,
GSTK532633,Alldigi Tech,ALLDIGI,,,,,,
GSTK500650,Excel Industries,EXCELINDUS,,,,,,
GSTK500078,Oriental Aromatics,OAL,,,,,,
GSTK544134,Platinum Industries,PLATIND,,,,,,
GSTK524470,Syncom Formulations (India),SYNCOMF,,,,,,
GSTK532457,Gulshan Polyols,GULPOLY,,,,,,
GSTK507912,Gyftr,GYFTR,,,,,,
GSTK532719,B L Kashyap & Sons,BLKASHYAP,,,,,,
GSTK539956,TAAL Tech,TAALTECH,,,,,,
GSTK502330,Andhra Paper,ANDHRAPAP,,,,,,
GSTK543517,Hariom Pipe Industries,HARIOMPIPE,,,,,,
GSTK524342,Indo Borax and Chemicals,INDOBORAX,,,,,,
GSTK543254,Antony Waste Handling Cell,AWHCL,,,,,,
GSTK532749,Allcargo Logistics,ALLCARGO,,,,,,
GSTK532684,Everest Kanto Cylinder,EKC,,,,,,
GSTK544235,Orient Technologies,ORIENTTECH,,,,,,
GSTK505526,Dolat Algotech,DOLATALGO,,,,,,
GSTK544339,Laxmi Dental,LAXMIDENTL,,,,,,
GSTK533263,Orient Green Power Company,GREENPOWER,,,,,,
GSTK540692,Apex Frozen Foods,APEX,,,,,,
GSTK501150,Centrum Capital,CENTRUM,,,,,,
GSTK531633,Lincoln Pharmaceuticals,LINCOLN,,,,,,
GSTK506194,Arihant Superstructures,ARIHANTSUP,,,,,,
GSTK544158,SRM Contractors Limited,SRM,,,,,,
GSTK506109,Genesys International Corporation,GENESYS,,,,,,
GSTK539872,Bajaj Healthcare,BAJAJHCARE,,,,,,
GSTK532945,SEPC,SEPC,,,,,,
GSTK530499,AK Capital Serv,AKCAPIT,,,,,,
GSTK506685,Ultramarine & Pigments,ULTRAMAR,,,,,,
GSTK531381,Arihant Foundations & Housing,ARIHANT,,,,,,
GSTK503169,Ruby Mills,RUBYMILLS,,,,,,
GSTK523445,Reliance Industrial Infrastructure,RIIL,,,,,,
GSTK507878,Unitech,UNITECH,,,,,,
GSTK515043,Saint-Gobain Sekurit India,,,,,,,
GSTK509152,GRP,GRPLTD,,,,,,
GSTK500268,Manali Petrochemicals,MANALIPETC,,,,,,
GSTK590062,Andhra Sugars,ANDHRSUGAR,,,,,,
GSTK514448,Jyoti Resins & Adhesives,,,,,,,
GSTK526775,Valiant Communications,,,,,,,
GSTK501298,Industrial & Prudential Investment Co,INDPRUD,,,,,,
GSTK506248,Amines & Plasticizers,AMNPLST,,,,,,
GSTK514330,One Global Service Provider,,,,,,,
GSTK507753,TGV SRAAC,,,,,,,
GSTK539300,Sunrakshakk Industries India,,,,,,,
GSTK531147,Alicon Castalloy,ALICON,,,,,,
GSTK538836,Monte Carlo Fashions,MONTECARLO,,,,,,
GSTK532624,Jindal Photo,JINDALPHOT,,,,,,
GSTK543918,GHCL Textiles Ltd.,GHCLTEXTIL,,,,,,
GSTK524332,BCL Industries,BCLIND,,,,,,
GSTK519105,AVT Natural Products,AVTNPL,,,,,,
GSTK544316,DAM Capital Advisors,DAMCAPITAL,,,,,,
GSTK536773,Jindal Poly Investment & Finance Company,JPOLYINVST,,,,,,
GSTK542669,BMW Industries,,,,,,,
GSTK500439,Vardhman Holdings,VHL,,,,,,
GSTK590134,Madras Fertilizers,MADRASFERT,,,,,,
GSTK532067,3B Blackbio Dx,3BBLACKBIO,,,,,,
GSTK544764,Mangalam Worldwide,MWL,,,,,,
GSTK502180,Shree Digvijay Cement Company,SHREDIGCEM,,,,,,
GSTK511413,Crest Ventures,CREST,,,,,,
GSTK513108,Gandhi Special Tubes,GANDHITUBE,,,,,,
GSTK533316,STEL Holdings,STEL,,,,,,
GSTK544004,IRM Energy,IRMENERGY,,,,,,
GSTK532864,Nelcast,NELCAST,,,,,,
GSTK544419,Arisinfra Solutions,ARIS,,,,,,
GSTK531426,Tamilnadu Newsprint & Papers,TNPL,,,,,,
GSTK544534,Jaro Institute of Technology Management and Research,JARO,,,,,,
GSTK530845,Sunshield Chemicals,,,,,,,
GSTK512025,Asgard Alcobev,,,,,,,
GSTK517059,Salzer Electronics,SALZERELEC,,,,,,
GSTK543929,HMA Agro Industries,HMAAGRO,,,,,,
GSTK524212,Wanbury,WANBURY,,,,,,
GSTK523708,Eimco Elecon India,EIMCOELECO,,,,,,
GSTK543712,Abans Financial Services Limited,AFSL,,,,,,
GSTK540642,Salasar Techno Engineering,SALASAR,,,,,,
GSTK500296,Nahar Spinning Mills,NAHARSPING,,,,,,
GSTK526666,Bhartiya International,BIL,,,,,,
GSTK513532,Pradeep Metals,PRADPME,,,,,,
GSTK532382,Balaji Telefilms,BALAJITELE,,,,,,
GSTK520059,Munjal Auto Industries,MUNJALAU,,,,,,
GSTK537259,Suyog Telematics,SUYOG,,,,,,
GSTK541096,Bharat Parenterals,,,,,,,
GSTK511768,Master Trust,MASTERTR,,,,,,
GSTK540649,Avadh Sugar & Energy,AVADHSUGAR,,,,,,
GSTK509675,BirlaNu,BIRLANU,,,,,,
GSTK544757,Bombay Super Hybrid Seeds,BSHSL,,,,,,
GSTK544666,Gujarat Kidney And Super Speciality,GKSL,,,,,,
GSTK544318,Mamata Machinery,MAMATA,,,,,,
GSTK524648,Indo Amines,INDOAMIN,,,,,,
GSTK524280,Kopran,KOPRAN,,,,,,
GSTK514043,Himatsingka Seide,HIMATSEIDE,,,,,,
GSTK544416,Krishival Foods,KRISHIVAL,,,,,,
GSTK544491,Gem Aromatics,GEMAROMA,,,,,,
GSTK530803,Bhageria Industries,BHAGERIA,,,,,,
GSTK533259,Health X Platform,HEALTHX,,,,,,
GSTK544536,Wealth First Portfolio Managers,WEALTH,,,,,,
GSTK523411,ADC India Communications,,,,,,,
GSTK534742,Zuari Agro Chemicals,ZUARI,,,,,,
GSTK526530,IIRM Holdings India,,,,,,,
GSTK539678,Quick Heal Technologies,QUICKHEAL,,,,,,
GSTK504786,Investment & Precision Castings,INVPRECQ,,,,,,
GSTK531978,Ambika Cotton Mills,AMBIKCO,,,,,,
GSTK539351,Prabhat Dairy,PRABHAT,,,,,,
GSTK532345,Allcargo Gati,,,,,,,
GSTK532850,MIC Electronics,MICEL,,,,,,
GSTK500264,Mafatlal Industries,MAFATIND,,,,,,
GSTK530199,Themis Medicare,THEMISMED,,,,,,
GSTK519031,Shah Foods,,,,,,,
GSTK530643,Eco Recycling,,,,,,,
GSTK522108,Yuken India,YUKEN,,,,,,
GSTK500350,RSWM,RSWM,,,,,,
GSTK524370,Bodal Chemicals,BODALCHEM,,,,,,
GSTK512233,Jaybharat Textiles & Real Estate,,,,,,,
GSTK512014,Sobhaygya Mercantile,,,,,,,
GSTK539984,Hindusthan Insulators & Industries,,,,,,,
GSTK544227,Unicommerce eSolutions,UNIECOM,,,,,,
GSTK531847,Asian Star Co,ASTAR,,,,,,
GSTK543252,Fairchem Organics,FAIRCHEMOR,,,,,,
GSTK522257,Rajoo Engineers,RAJOOENG,,,,,,
GSTK544345,Denta Water And Infra Solutions,DENTA,,,,,,
GSTK500337,Prime Securities,PRIMESECU,,,,,,
GSTK513605,Srikalahasthi Pipes,SRIPIPES,,,,,,
GSTK504605,Uni-Abex Alloy Products,,,,,,,
GSTK541929,Synergy Green Industries,SGIL,,,,,,
GSTK544709,Gaudium IVF and Women Health,GAUDIUMIVF,,,,,,
GSTK544054,Suraj Estate Developers,SURAJEST,,,,,,
GSTK526506,Systematix Corporate Services,SYSTMTXC,,,,,,
GSTK506261,Modison,MODISONLTD,,,,,,
GSTK530929,RRP Defense,,,,,,,
GSTK532993,Sejal Glass,SEJALLTD,,,,,,
GSTK506528,Keltech Energies,,,,,,,
GSTK500136,Ester Industries,ESTER,,,,,,
GSTK522295,Control Print,CONTROLPR,,,,,,
GSTK506597,Amal,,,,,,,
GSTK544258,Western Carriers (India),WCIL,,,,,,
GSTK539843,NINtec Systems,NINSYS,,,,,,
GSTK530759,Sterling Tools,STERTOOLS,,,,,,
GSTK532513,TVS Electronics,TVSELECT,,,,,,
GSTK533193,Kirloskar Electric Company,KECL,,,,,,
GSTK507836,Mac Charles (India),MCCHRLS-B,,,,,,
GSTK507438,IFB Agro Industries,IFBAGRO,,,,,,
GSTK521238,Bharat Global Developers,,,,,,,
GSTK543687,Dharmaj Crop Guard,DHARMAJ,,,,,,
GSTK526935,Kalind,,,,,,,
GSTK523828,Menon Bearings,MENONBE,,,,,,
GSTK543223,Max India,MAXIND,,,,,,
GSTK539785,Pudumjee Paper Products,PDMJEPAPER,,,,,,
GSTK540704,Matrimony.Com,MATRIMONY,,,,,,
GSTK532051,Swelect Energy Systems,SWELECTES,,,,,,
GSTK542851,Gensol Engineering,GENSOL,,,,,,
GSTK544202,Stanley Lifestyles,STANLEY,,,,,,
GSTK516064,Arrow Greentech,ARROWGREEN,,,,,,
GSTK513361,India Homes,,,,,,,
GSTK544617,Excelsoft Technologies,EXCELSOFT,,,,,,
GSTK520086,Sical Logistics,SICALLOG,,,,,,
GSTK534328,Hexa Tradex,HEXATRADEX,,,,,,
GSTK533156,Vascon Engineers,VASCONEQ,,,,,,
GSTK544485,Regaal Resources,REGAAL,,,,,,
GSTK500153,Ganesh Benzoplast,GANESHBE,,,,,,
GSTK544411,Scoda Tubes,SCODATUBES,,,,,,
GSTK500777,Tamilnadu Petroproducts,TNPETRO,,,,,,
GSTK508954,Finkurve Financial Services,FINKURVE,,,,,,
GSTK543240,Likhitha Infrastructure,LIKHITHA,,,,,,
GSTK540311,JITF Infralogistics,JITFINFRA,,,,,,
GSTK532529,New Delhi Television,NDTV,,,,,,
GSTK500119,Dhampur Sugar Mills,DHAMPURSUG,,,,,,
GSTK539986,Commercial Syn Bags,COMSYN,,,,,,
GSTK531092,Om Infra,OMINFRAL,,,,,,
GSTK512296,Bhagyanagar India,BHAGYANGR,,,,,,
GSTK511605,Arihant Capital Markets,ARIHANTCAP,,,,,,
GSTK539436,Coffee Day Enterprises,COFFEEDAY,,,,,,
GSTK544404,Borana Weaves,BORANA,,,,,,
GSTK532741,Kamdhenu,KAMDHENU,,,,,,
GSTK532699,Royal Orchid Hotels,ROHLTD,,,,,,
GSTK531910,JOJO,,,,,,,
GSTK532944,Onmobile Global,ONMOBILE,,,,,,
GSTK532729,Uttam Sugar Mills,UTTAMSUGAR,,,,,,
GSTK511628,Fedders Holding,FEDDERSHOL,,,,,,
GSTK523207,Kokuyo Camlin,KOKUYOCMLN,,,,,,
GSTK540125,Radhika Jeweltech,RADHIKAJWE,,,,,,
GSTK519152,Vadilal Enterprises,,,,,,,
GSTK506390,Sudarshan Colorants India,SUDARCOLOR,,,,,,
GSTK513121,Oricon Enterprises,ORICONENT,,,,,,
GSTK544149,Krystal Integrated Services Limited,KRYSTAL,,,,,,
GSTK523475,Lotus Chocolate Company,,,,,,,
GSTK523736,Dhunseri Ventures,DVL,,,,,,
GSTK532604,SAL Steel,SALSTEEL,,,,,,
GSTK542383,Ritco Logistics,RITCO,,,,,,
GSTK532842,Sree Rayalaseema Hi-Strength Hypo,SRHHYPOLTD,,,,,,
GSTK526885,Sarla Performance Fibers,SARLAPOLY,,,,,,
GSTK544239,Ecos (India) Mobility & Hospitality,ECOSMOBLTY,,,,,,
GSTK507944,Bajaj Steel Industries,BAJAJST,,,,,,
GSTK502168,NCL Industries,NCLIND,,,,,,
GSTK543995,Manoj Vaibhav Gems 'N' Jewellers,MVGJL,,,,,,
GSTK540145,Valiant Organics,VALIANTORG,,,,,,
GSTK530879,Capital India Finance,CIFL,,,,,,
GSTK508906,Everest Industries,EVERESTIND,,,,,,
GSTK540737,Shree Ganesh Remedies,,,,,,,
GSTK516082,NR Agarwal Industries,NRAIL,,,,,,
GSTK544562,Advance Agrolife,ADVANCE,,,,,,
GSTK543389,Sigachi Industries,SIGACHI,,,,,,
GSTK532904,Supreme Infrastructure India,SUPREMEINF,,,,,,
GSTK544756,United Polyfab Gujarat,UNITEDPOLY,,,,,,
GSTK540980,Yamuna Syndicate,,,,,,,
GSTK511333,VLS Finance,VLSFINANCE,,,,,,
GSTK511676,GIC Housing Finance,GICHSGFIN,,,,,,
GSTK544456,RM Drip & Sprinklers Systems,RMDRIP,,,,,,
GSTK506166,Apis India,,,,,,,
GSTK544446,Advent Hotels International,ADVENTHTL,,,,,,
GSTK506260,Anuh Pharma,ANUHPHR,,,,,,
GSTK520119,Automotive Stampings & Assemblies,ASAL,,,,,,
GSTK544492,Mangal Electrical Industries,MEIL,,,,,,
GSTK543986,South West Pinnacle Exploration,SOUTHWEST,,,,,,
GSTK544497,Anlon Healthcare,AHCL,,,,,,
GSTK544328,Indo Farm Equipments,INDOFARM,,,,,,
GSTK539018,Beekay Steel Industries,BEEKAY,,,,,,
GSTK531637,Praveg,PRAVEG,,,,,,
GSTK532721,VISA Chrome,VISASTEEL,,,,,,
GSTK544144,Popular Vehicles and Services Limited,PVSL,,,,,,
GSTK543539,Modi's Navnirman,MODIS,,,,,,
GSTK542684,Prakash Pipes,PPL,,,,,,
GSTK500780,Zuari Industries,ZUARIIND,,,,,,
GSTK502137,Deccan Cements,DECCANCE,,,,,,
GSTK541276,Hardwyn India,HARDWYN,,,,,,
GSTK508807,IST,,,,,,,
GSTK530477,Vikram Thermo India,,,,,,,
GSTK504398,SJ Corporation,,,,,,,
GSTK505232,Veljan Denison,VELJAN,,,,,,
GSTK532974,Aditya Birla Money,BIRLAMONEY,,,,,,
GSTK523329,Eldeco Housing and Industries,ELDEHSG,,,,,,
GSTK539309,Rama Steel Tubes,RAMASTEEL,,,,,,
GSTK532503,Rajapalayam Mills,RAJPALAYAM,,,,,,
GSTK523160,Foseco Crucible (India),,,,,,,
GSTK544487,Patel Retail,PATELRMART,,,,,,
GSTK509960,U. P. Hotels,,,,,,,
GSTK538563,SMT Engineering,,,,,,,
GSTK544364,Indef Manufacturing Limited,BAJAJINDEF,,,,,,
GSTK511702,Yogi,,,,,,,
GSTK519602,Kellton Tech Solutions,KELLTONTEC,,,,,,
GSTK522229,Taneja Aerospace & Aviation,,,,,,,
GSTK526725,Sandesh,SANDESH,,,,,,
GSTK531921,Agarwal Industrial Corporation,AGARIND,,,,,,
GSTK544410,Prostarm Info Systems,PROSTARM,,,,,,
GSTK506642,Sadhana Nitro Chem,SADHNANIQ,,,,,,
GSTK532616,Xchanging Solutions,XCHANGING,,,,,,
GSTK509055,Visaka Industries,VISAKAIND,,,,,,
GSTK532906,Maan Aluminium,MAANALU,,,,,,
GSTK531859,Oriental Rail Infrastructure,,,,,,,
GSTK506808,Tuticorin Alkali Chemicals & Fertilizers,,,,,,,
GSTK543828,Sudarshan Pharma Industries,,,,,,,
GSTK506687,Transpek Industry,TRANSPEK,,,,,,
GSTK514354,Premier Polyfilm,PREMIERPOL,,,,,,
GSTK544465,Laxmi India Finance,LAXMIINDIA,,,,,,
GSTK512531,State Trading Corporation of India,STCINDIA,,,,,,
GSTK532764,GeeCee Ventures,GEECEE,,,,,,
GSTK504132,Permanent Magnets,,,,,,,
GSTK512062,Tandhan Industries,,,,,,,
GSTK542351,Gloster,GLOSTERLTD,,,,,,
GSTK544528,Ganesh Consumer Products,GANESHCP,,,,,,
GSTK532712,Reliance Communications,RCOM,,,,,,
GSTK543266,Heranba Industries,HERANBA,,,,,,
GSTK543898,BEML Land Assets Ltd.,BLAL,,,,,,
GSTK524500,Kilitch Drugs (India),KILITCH,,,,,,
GSTK533006,Birla Cotsyn (India) Ltd.,,,,,,,
GSTK543378,CWD Ltd,,,,,,,
GSTK533208,Emami Paper Mills,EMAMIPAP,,,,,,
GSTK530245,Aryaman Financial Services,,,,,,,
GSTK517166,SPEL Semiconductor,,,,,,,
GSTK532475,Aptech,APTECHT,,,,,,
GSTK540650,Magadh Sugar & Energy,MAGADSUGAR,,,,,,
GSTK523850,Axtel Industries,,,,,,,
GSTK506405,DMCC Speciality Chemicals,DMCC,,,,,,
GSTK517556,PVP Ventures,PVP,,,,,,
GSTK533217,Hindustan Media Ventures,HMVL,,,,,,
GSTK544278,OCCL Ltd.,OCCLLTD,,,,,,
GSTK543233,Chemcon Speciality Chemicals,CHEMCON,,,,,,
GSTK532902,Consolidated Construction Consortium,CCCL,,,,,,
GSTK533252,Welspun Investments and Commercials,WELINV,,,,,,
GSTK532610,Dwarikesh Sugar Industries,DWARKESH,,,,,,
GSTK515147,Haldyn Glass,HALDYNGL,,,,,,
GSTK524330,Jayant Agro-Organics,JAYAGROGN,,,,,,
GSTK544262,Manba Finance,MANBA,,,,,,
GSTK533022,20 Microns,20MICRONS,,,,,,
GSTK532515,TV Today Network,TVTODAY,,,,,,
GSTK532839,Dish TV India,DISHTV,,,,,,
GSTK544135,Mukka Proteins,MUKKA,,,,,,
GSTK532937,Kuantum Papers,KUANTUM,,,,,,
GSTK539660,Best Agrolife,BESTAGRO,,,,,,
GSTK540602,GTPL Hathway,GTPL,,,,,,
GSTK535667,India Finsec,,,,,,,
GSTK502175,Saurashtra Cement,SAURASHCEM,,,,,,
GSTK544558,Fabtech Technologies,FABTECH,,,,,,
GSTK544302,Innovana Thinklabs,INNOVANA,,,,,,
GSTK532737,Emkay Global Financial Services,EMKAY,,,,,,
GSTK531357,Mercury Ev-Tech,MERCURYEV,,,,,,
GSTK543969,Pyramid Technoplast,PYRAMID,,,,,,
GSTK543599,Ksolves India,KSOLVES,,,,,,
GSTK537254,JTL Defence,,,,,,,
GSTK590057,Equippp Social Impact Technologies,EQUIPPP,,,,,,
GSTK523391,Nahar Poly Films,NAHARPOLY,,,,,,
GSTK500429,Uniphos Enterprises,UNIENTER,,,,,,
GSTK533477,Enkei Wheels (India),,,,,,,
GSTK500456,Pasupati Acrylon,PASUPTAC,,,,,,
GSTK532875,Allied Digital Services,ADSL,,,,,,
GSTK543593,Dhampur Bio Organics,DBOL,,,,,,
GSTK517536,Onward Technologies,ONWARDTEC,,,,,,
GSTK511431,Vakrangee Limited,VAKRANGEE,,,,,,
GSTK534425,Speciality Restaurants,SPECIALITY,,,,,,
GSTK530943,Aqylon Nexus,AQYLON,,,,,,
GSTK526817,Cheviot Co,CHEVIOT,,,,,,
GSTK540757,Sheetal Cool Products,SCPL,,,,,,
GSTK514183,Black Rose Industries,BLACKROSE,,,,,,
GSTK540061,Bigbloc Construction,BIGBLOC,,,,,,
GSTK509525,Empire Industries,,,,,,,
GSTK544281,AB Infrabuild,ABINFRA,,,,,,
GSTK544557,Glottis,GLOTTIS,,,,,,
GSTK538635,Snowman Logistics,SNOWMAN,,,,,,
GSTK500240,Kinetic Engineering,,,,,,,
GSTK519397,Sharat Industries,SHINDL,,,,,,
GSTK534675,Prozone Realty,PROZONER,,,,,,
GSTK503031,Peninsula Land,PENINLAND,,,,,,
GSTK524723,Arvaya Healthcare,,,,,,,
GSTK512626,Orbit Exports,ORBTEXP,,,,,,
GSTK522122,Voith Paper Fabrics India,,,,,,,
GSTK509635,Hindustan Composites,HINDCOMPOS,,,,,,
GSTK517344,Mindteck (India),MINDTECK,,,,,,
GSTK519421,KSE,,,,,,,
GSTK532893,VTM,,,,,,,
GSTK539201,Satia Industries,SATIA,,,,,,
GSTK526582,TPL Plastech,TPLPLASTEH,,,,,,
GSTK511634,Axentra Corp,,,,,,,
GSTK532348,Subex,SUBEXLTD,,,,,,
GSTK539400,Mallcom (India),MALLCOM,,,,,,
GSTK532782,Sutlej Textiles & Industries,SUTLEJTEX,,,,,,
GSTK533407,True Green Bio Energy,,,,,,,
GSTK544186,Forbes Precision Tools And Machine Parts,,,,,,,
GSTK519003,Modi Naturals,MODINATUR,,,,,,
GSTK506852,Primo Chemicals,PRIMO,,,,,,
GSTK531771,Towa Sokki,,,,,,,
GSTK531241,Linc,LINC,,,,,,
GSTK541269,Chemfab Alkalis,CHEMFAB,,,,,,
GSTK504028,GEE,,,,,,,
GSTK505163,ZF Steering Gear (India),ZFSTEERING,,,,,,
GSTK543955,Transindia Real Estate,TREL,,,,,,
GSTK532467,Hazoor Multi Projects,,,,,,,
GSTK507155,Jagatjit Industries,,,,,,,
GSTK544060,RBZ Jewellers,RBZJEWEL,,,,,,
GSTK544315,Concord Enviro Systems,CEWATER,,,,,,
GSTK544502,Amanta Healthcare,AMANTA,,,,,,
GSTK590043,Harita Seating Systems,HARITASEAT,,,,,,
GSTK543954,Allcargo Terminals,ATL,,,,,,
GSTK531889,Nurture Well Industries,,,,,,,
GSTK532662,HT Media,HTMEDIA,,,,,,
GSTK532987,Rane Brake Linings,,,,,,,
GSTK513511,Panchmahal Steel,,,,,,,
GSTK505358,Integra Engineering India,,,,,,,
GSTK543917,Sigma Solve,SIGMA,,,,,,
GSTK532760,Deep Energy Resources,DEEPENR,,,,,,
GSTK522134,Artson,,,,,,,
GSTK530129,Nile,NILE,,,,,,
GSTK544187,Kronox Lab Sciences,KRONOX,,,,,,
GSTK541400,Zim Laboratories,ZIMLAB,,,,,,
GSTK509874,Shalimar Paints,SHALPAINTS,,,,,,
GSTK537750,Kiran Vyapar,KIRANVYPAR,,,,,,
GSTK531647,Prabhatam Infra Venture,,,,,,,
GSTK502958,Lakshmi Mills Company,,,,,,,
GSTK505703,Satani Bearings,,,,,,,
GSTK520043,Munjal Showa,MUNJALSHOW,,,,,,
GSTK543974,Vishnu Prakash R Punglia,VPRPL,,,,,,
GSTK517286,RNIT AI Solutions Ltd.,,,,,,,
GSTK532687,Repro India,REPRO,,,,,,
GSTK543636,DC Infotech & Communication,DCI,,,,,,
GSTK539290,Oswal Greentech,OSWALGREEN,,,,,,
GSTK544058,Credo Brands Marketing,MUFTI,,,,,,
GSTK540693,Shish Industries,,,,,,,
GSTK539195,POCL Enterprises,,,,,,,
GSTK505141,Scooters India,,,,,,,
GSTK532740,Lokesh Machines,LOKESHMACH,,,,,,
GSTK505978,Triton Valves,,,,,,,
GSTK524480,Riddhi Siddhi Gluco Biols,,,,,,,
GSTK532934,PPAP Automotive,PPAP,,,,,,
GSTK544361,Covance Softsol,,,,,,,
GSTK533336,Dhunseri Investments,DHUNINV,,,,,,
GSTK514440,Blue Pearl Agriventures,,,,,,,
GSTK509220,PTL Enterprises,PTL,,,,,,
GSTK532310,Shree Rama Multi-Tech,SHREERAMA,,,,,,
GSTK531359,Shriram Asset Management Co,,,,,,,
GSTK505850,Mangal Credit & Fincorp,MANCREDIT,,,,,,
GSTK514215,Binny,,,,,,,
GSTK544136,RK Swamy,RKSWAMY,,,,,,
GSTK524542,Sukhjit Starch & Chemicals,SUKHJITS,,,,,,
GSTK532700,Entertainment Network (India),ENIL,,,,,,
GSTK500173,GFL,GFLLIMITED,,,,,,
GSTK504731,Azad India Mobility,,,,,,,
GSTK507779,Kanpur Plastipack,KANPRPLA,,,,,,
GSTK530023,Investment Trust Of India,THEINVEST,,,,,,
GSTK540735,IRIS RegTech Solutions,IRIS,,,,,,
GSTK523710,Sayaji Hotels,SAYAJIHOTL,,,,,,
GSTK504176,High Energy Batteries (India),,,,,,,
GSTK512453,Shri Jagdamba Polymers,,,,,,,
GSTK500317,Oswal Agro Mills,OSWALAGRO,,,,,,
GSTK533470,Rushil Decor,RUSHIL,,,,,,
GSTK523792,Mazda,MAZDA,,,,,,
GSTK532774,Inspirisys Solutions,INSPIRISYS,,,,,,
GSTK540497,S Chand & Co,SCHAND,,,,,,
GSTK538716,Aryaman Capital Markets,,,,,,,
GSTK544273,Mangalam Global Enterprise,MGEL,,,,,,
GSTK532654,McLeod Russel India,MCLEODRUSS,,,,,,
GSTK517449,Magna Electro Castings,,,,,,,
GSTK504882,National Standard (India),NATIONSTD,,,,,,
GSTK517214,Digispice Technologies,DIGISPICE,,,,,,
GSTK543725,Elin Electronics,ELIN,,,,,,
GSTK533218,Emami Realty,EMAMIREAL,,,,,,
GSTK514336,CCME Global,,,,,,,
GSTK514418,Mangalam Organics,MANORG,,,,,,
GSTK535601,Sreeleathers,SREEL,,,,,,
GSTK543668,B & B Triplewall Containers,BBTCL,,,,,,
GSTK519136,Nahar Industrial Enterprises,NAHARINDUS,,,,,,
GSTK544450,Chembond Chemicals,CHEMBONDCH,,,,,,
GSTK532323,Shiva Cement,,,,,,,
GSTK532794,Zee Media Corporation,ZEEMEDIA,,,,,,
GSTK530521,Virat Industries,,,,,,,
GSTK544543,BMW Ventures,BMWVENTLTD,,,,,,
GSTK534733,Aerpace Industries,,,,,,,
GSTK526668,Kamat Hotels (India),KAMATHOTEL,,,,,,
GSTK530431,Ador Fontech,,,,,,,
GSTK544432,Indogulf Cropsciences,IGCL,,,,,,
GSTK522014,United Drilling Tools,UNIDT,,,,,,
GSTK517172,Pervasive Commodities,,,,,,,
GSTK504879,Orient Ceratech,ORIENTCER,,,,,,
GSTK523648,Plastiblends India,PLASTIBLEN,,,,,,
GSTK539518,Uday Jewellery Industries,,,,,,,
GSTK532011,Vashu Bhagnani Industries,,,,,,,
GSTK520021,Omax Autos,OMAXAUTO,,,,,,
GSTK535693,Brahmaputra Infrastructure,,,,,,,
GSTK541358,Unifinz Capital India,,,,,,,
GSTK530067,CSL Finance,CSLFINANCE,,,,,,
GSTK532628,3i Infotech,3IINFOLTD,,,,,,
GSTK590031,De Nora India,DENORA,,,,,,
GSTK526987,Urja Global,URJA,,,,,,
GSTK539834,Balgopal Commercial,,,,,,,
GSTK524731,Jenburkt Pharmaceuticals,,,,,,,
GSTK533982,Tera Software,TERASOFT,,,,,,
GSTK532329,Danlaw Technologies India,,,,,,,
GSTK509709,International Conveyors,INTLCONV,,,,,,
GSTK523269,Advani Hotels & Resorts (India),ADVANIHOTR,,,,,,
GSTK532173,Cybertech Systems & Software,CYBERTECH,,,,,,
GSTK500089,DIC India,DICIND,,,,,,
GSTK512229,Veritas India,,,,,,,
GSTK538715,Dhabriya Polywood,,,,,,,
GSTK500193,HLV,HLVLTD,,,,,,
GSTK526423,Kriti Industries (India),KRITI,,,,,,
GSTK500060,Birla Cable,BIRLACABLE,,,,,,
GSTK542231,Nila Spaces,NILASPACES,,,,,,
GSTK502742,Sintex Industries,SINTEX,,,,,,
GSTK544346,RDB Real Estate Constructions,,,,,,,
GSTK530365,Orient Bell,ORIENTBELL,,,,,,
GSTK532989,Bafna Pharmaceuticals,BAFNAPH,,,,,,
GSTK890161,Natural Capsules Ltd. - Partly Paid up Equity Shares (Rights Entitlements (REs),,,,,,,
GSTK522650,Bemco Hydraulics,,,,,,,
GSTK540679,Haleos Labs,HALEOSLABS,,,,,,
GSTK526642,Mirza International,MIRZAINT,,,,,,
GSTK543267,Davangere Sugar Company,DAVANGERE,,,,,,
GSTK507794,Khaitan Chemicals & Fertilizers,KHAICHEM,,,,,,
GSTK526217,Hitech Corporation,HITECHCORP,,,,,,
GSTK504220,WS Industries India,WSI,,,,,,
GSTK530363,Ugar Sugar Works,UGARSUGAR,,,,,,
GSTK530627,Vipul Organics,,,,,,,
GSTK538772,Niyogin Fintech,,,,,,,
GSTK524037,Rama Phosphates,RAMAPHO,,,,,,
GSTK544726,Kotyark Industries,KOTYARK,,,,,,
GSTK531225,Xtglobal Infotech,XTGLOBAL,,,,,,
GSTK539044,Manaksia Steels,MANAKSTEEL,,,,,,
GSTK541741,Fratelli Vineyards,,,,,,,
GSTK522017,Fluidomat,,,,,,,
GSTK523105,Cropster Agro,,,,,,,
GSTK500267,Majestic Auto,MAJESAUT,,,,,,
GSTK522217,Gujarat Apollo Industries,GUJAPOLLO,,,,,,
GSTK523371,Mawana Sugars,MAWANASUG,,,,,,
GSTK521194,SIL Investments,SILINV,,,,,,
GSTK524129,Vinyl Chemicals India,VINYLINDIA,,,,,,
GSTK538598,Vishal Fabrics,,,,,,,
GSTK526596,Liberty Shoes,LIBERTSHOE,,,,,,
GSTK534680,SRG Housing Finance,SRGHFL,,,,,,
GSTK526263,Mold-Tek Technologies,MOLDTECH,,,,,,
GSTK533152,MBL Infrastructure,MBLINFRA,,,,,,
GSTK590025,Ginni Filaments,GINNIFILA,,,,,,
GSTK526071,Stellant Securities (India),,,,,,,
GSTK531035,EBIX,,,,,,,
GSTK544191,Purple Finance,,,,,,,
GSTK544522,AB Cotspin India,ABCOTS,,,,,,
GSTK533941,Thomas Scott India,THOMASCOTT,,,,,,
GSTK532935,Aries Agro,ARIES,,,,,,
GSTK532141,Andhra Cements,ACL,,,,,,
GSTK543218,Suratwwala Business Group,SBGLP,,,,,,
GSTK512519,Donear Industries,DONEAR,,,,,,
GSTK539235,Grandeur Products,,,,,,,
GSTK500189,NDL Ventures,NDLVENTURE,,,,,,
GSTK532829,Lehar Footwears,,,,,,,
GSTK533285,RDB Infrastructure And Power,,,,,,,
GSTK506525,Kanoria Chemicals & Industries,KANORICHEM,,,,,,
GSTK543998,Valiant Laboratories,VALIANTLAB,,,,,,
GSTK531191,Filtron Engineers,,,,,,,
GSTK538786,Citizen Solar,,,,,,,
GSTK536974,Captain Polyplast,CPL,,,,,,
GSTK531676,Emrock Corporation,,,,,,,
GSTK500356,Shree Rama Newsprint,RAMANEWS,,,,,,
GSTK503722,Banswara Syntex,BANSWRAS,,,,,,
GSTK543470,SoftTech Engineers,SOFTTECH,,,,,,
GSTK511714,Nimbus Projects,NIMBSPROJ,,,,,,
GSTK539276,Kaya,KAYA,,,,,,
GSTK543910,AVG Logistics,AVG,,,,,,
GSTK543688,Sarveshwar Foods,SARVESHWAR,,,,,,
GSTK538446,Moneyboxx Finance,MONEYBOXX,,,,,,
GSTK523888,Megamont,,,,,,,
GSTK532853,Asahi Songwon Colors Lucky Laminates,ASAHISONG,,,,,,
GSTK526873,Rajasthan Securities,,,,,,,
GSTK513472,Simplex Castings,,,,,,,
GSTK543193,DJ Mediaprint & Logistics,DJML,,,,,,
GSTK533704,Essar Shipping,ESSARSHPNG,,,,,,
GSTK526179,Ludlow Jute & Specialities,,,,,,,
GSTK532952,Nahar Capital & Financial Services,NAHARCAP,,,,,,
GSTK500284,Lords Chloro Alkali,LORDSCHLO,,,,,,
GSTK512393,Shardul Securities,SHARDUL,,,,,,
GSTK531638,Suraj,SURAJLTD,,,,,,
GSTK542933,Universus Photo Imagings,UNIVPHOTO,,,,,,
GSTK543911,Atal Realtech,ATALREAL,,,,,,
GSTK544200,Akme Fintrade (India),AFIL,,,,,,
GSTK544204,Vraj Iron & Steel,VRAJ,,,,,,
GSTK544254,Tolins Tyres,TOLINS,,,,,,
GSTK500012,Andhra Petrochemicals,,,,,,,
GSTK505729,Singer India,SINGERIND,,,,,,
GSTK507552,Foods and Inns,FOODSIN,,,,,,
GSTK544547,Jinkushal Industries,JKIPL,,,,,,
GSTK514238,MKVentures Capital,,,,,,,
GSTK536264,Tiger Logistics India,TIGERLOGS,,,,,,
GSTK526586,Wim Plast,,,,,,,
GSTK540937,Medico Remedies,MEDICO,,,,,,
GSTK530299,Kothari Products,KOTHARIPRO,,,,,,
GSTK540717,Polo Queen Industrial & Fintech,,,,,,,
GSTK500467,Harrisons Malayalam,HARRMALAYA,,,,,,
GSTK539148,Shivalik Rasayan,SHIVALIK,,,,,,
GSTK538685,Shemaroo Entertainment,SHEMAROO,,,,,,
GSTK524075,Albert David,ALBERTDAVD,,,,,,
GSTK517273,S & S Power Switchgear,S&SPOWER,,,,,,
GSTK500166,Goodricke Group,,,,,,,
GSTK532797,Autoline Industries,AUTOIND,,,,,,
GSTK521113,Suditi Industries,,,,,,,
GSTK543364,Markolines Pavement Technologies,MARKOLINES,,,,,,
GSTK532980,Gokul Refoils & Solvent,GOKUL,,,,,,
GSTK502420,Orient Paper & Industries,ORIENTPPR,,,,,,
GSTK543732,Radiant Cash Management Services,RADIANTCMS,,,,,,
GSTK500367,Rubfila International,RUBFILA,,,,,,
GSTK544564,Om Freight Forwarders,OMFREIGHT,,,,,,
GSTK544461,Euro Panel Products,EUROBOND,,,,,,
GSTK511766,Muthoot Capital Services,MUTHOOTCAP,,,,,,
GSTK514316,Raghuvir Synthetics,,,,,,,
GSTK539594,Mishtann Foods,,,,,,,
GSTK522004,Batliboi,BATLIBOI,,,,,,
GSTK505720,Hercules Investments,,,,,,,
GSTK502937,Kesoram Industries,KESORAMIND,,,,,,
GSTK544080,Sayaji Hotels (Indore),,,,,,,
GSTK543416,Zodiac Energy,ZODIAC,,,,,,
GSTK531628,Tejassvi Aaharam,,,,,,,
GSTK531161,ABM Knowledgeware,ABMKNO,,,,,,
GSTK533275,Shah Metacorp,SHAH,,,,,,
GSTK511672,Scan Steels,SCANSTL,,,,,,
GSTK530579,UY Fincorp,UYFINCORP,,,,,,
GSTK540396,Manomay Tex India,MANOMAY,,,,,,
GSTK544499,Career Point Edutech,CPEDU,,,,,,
GSTK504240,Delton Cables,,,,,,,
GSTK539841,Lancer Container Lines,,,,,,,
GSTK500179,HCL Infosystems,HCL-INSYS,,,,,,
GSTK543715,Indiabulls Enterprises,,,,,,,
GSTK523023,Sinclairs Hotels,SINCLAIR,,,,,,
GSTK517246,B C C Fuba India,,,,,,,
GSTK541352,Megastar Foods,MEGASTAR,,,,,,
GSTK539922,Rotographics India,,,,,,,
GSTK532780,Parsvnath Developers,PARSVNATH,,,,,,
GSTK540175,Regency Fincorp,,,,,,,
GSTK500298,Naperol Investments,,,,,,,
GSTK512600,Astal Laboratories,,,,,,,
GSTK500422,Transchem,,,,,,,
GSTK532932,Manaksia,MANAKSIA,,,,,,
GSTK520151,Transworld Shipping Lines,TRANSWORLD,,,,,,
GSTK538476,Capital Trade Links,,,,,,,
GSTK533210,Kriti Nutrients,KRITINUT,,,,,,
GSTK542670,Artemis Electricals and Projects,AEPL,,,,,,
GSTK533207,Jaypee Infratech,JPINFRATEC,,,,,,
GSTK531727,Menon Pistons,MENNPIS,,,,,,
GSTK533192,KCP Sugar & Industries Corporation,KCPSUGIND,,,,,,
GSTK531364,Ekansh Concepts,,,,,,,
GSTK531279,Trishakti Industries,,,,,,,
GSTK500111,Reliance Capital,RELCAPITAL,,,,,,
GSTK543591,Dreamfolks Services,DREAMFOLKS,,,,,,
GSTK531652,UVS Hospitality and Services,,,,,,,
GSTK500013,Ansal Properties & Infrastructure,ANSALAPI,,,,,,
GSTK504959,Stovec Industries,,,,,,,
GSTK521167,Maxgrow India,,,,,,,
GSTK524634,Alufluoride,,,,,,,
GSTK513496,Sizemasters Technology,,,,,,,
GSTK538987,Talbros Engineering,,,,,,,
GSTK542770,Alphalogic Techsys,,,,,,,
GSTK533270,Bedmutha Industries,BEDMUTHA,,,,,,
GSTK509567,Goa Carbon,GOACARBON,,,,,,
GSTK523558,Swiss Military Consumer Goods,,,,,,,
GSTK514286,Ashima,ASHIMASYN,,,,,,
GSTK539546,Agribio Spirits,,,,,,,
GSTK512527,Super Sales India,,,,,,,
GSTK540064,Future Retail,FRETAIL,,,,,,
GSTK512165,Abans Enterprises,ABANSENT,,,,,,
GSTK540425,Shankara Building Products,SHANKARA,,,,,,
GSTK526721,Nicco Parks & Resorts,,,,,,,
GSTK590041,Kavveri Defence & Wireless Technologies,KAVDEFENCE,,,,,,
GSTK532090,Atvo Enterprises,,,,,,,
GSTK543210,Aarti Surfactants,AARTISURF,,,,,,
GSTK516030,Pakka,PAKKA,,,,,,
GSTK523369,DCM Shriram Industries,DCMSRIND,,,,,,
GSTK532641,Nandan Denim,NDL,,,,,,
GSTK539479,GTV Engineering,,,,,,,
GSTK513544,Mardia Samyoung Capillary Tubes Company,,,,,,,
GSTK509077,Pressman Advertising,PRESSMN,,,,,,
GSTK513252,Jay Ushin,,,,,,,
GSTK590072,Sundaram Brake Linings,SUNDRMBRAK,,,,,,
GSTK526159,Nikhil Adhesives,,,,,,,
GSTK532841,Sahyadri Industries,SAHYADRI,,,,,,
GSTK544477,Highway Infrastructure,HILINFRA,,,,,,
GSTK512595,KD Green Industries,,,,,,,
GSTK524622,iStreet Network,,,,,,,
GSTK544205,National Peroxide,,,,,,,
GSTK542233,Trejhara Solutions,TREJHARA,,,,,,
GSTK521034,Soma Textiles & Industries,SOMATEX,,,,,,
GSTK501831,Coastal Corporation,COASTCORP,,,,,,
GSTK543264,Nureca,NURECA,,,,,,
GSTK532707,Dynemic Products,DYNPRO,,,,,,
GSTK524828,BDH Industries,,,,,,,
GSTK543638,Tracxn Technologies,TRACXN,,,,,,
GSTK532731,Rohit Ferro-Tech,ROHITFERRO,,,,,,
GSTK540956,Bhatia Communications & Retail (India),,,,,,,
GSTK544513,Dev Accelerator,DEVX,,,,,,
GSTK532785,Ruchira Papers,RUCHIRA,,,,,,
GSTK505075,Setco Automotive,SETCO,,,,,,
GSTK511644,Omega Interactive Technologies,,,,,,,
GSTK533108,Bhilwara Technical Textiles,BTTL,,,,,,
GSTK514324,Omnitex Industries (India),,,,,,,
GSTK531146,Medicamen Biotech,MEDICAMEQ,,,,,,
GSTK539399,Bella Casa Fashion & Retail,BELLACASA,,,,,,
GSTK500500,Hindustan Motors,,,,,,,
GSTK538537,Pipan Oils,,,,,,,
GSTK511589,Avonmore Capital & Management Services,AVONMORE,,,,,,
GSTK514274,Varvee Global,VGL,,,,,,
GSTK543363,Prevest Denpro,,,,,,,
GSTK539359,Pritika Auto Industries,PRITIKAUTO,,,,,,
GSTK502865,Forbes & Company,,,,,,,
GSTK532890,Take,TAKE,,,,,,
GSTK512026,Vega Jewellers,,,,,,,
GSTK523449,Sharp India,,,,,,,
GSTK532941,Cords Cable Industries,CORDSCABLE,,,,,,
GSTK531281,Marble City India,,,,,,,
GSTK538961,Genus Paper & Boards,GENUSPAPER,,,,,,
GSTK526827,Spice Islands Industries,,,,,,,
GSTK543962,DP Wires,DPWIRES,,,,,,
GSTK500313,Oil Country Tubular,OILCOUNTUB,,,,,,
GSTK500143,PH Capital,,,,,,,
GSTK530197,Fundviser Capital (India),,,,,,,
GSTK530219,Nutricircle,,,,,,,
GSTK539854,Halder Venture,HALDER,,,,,,
GSTK537291,Nath Bio-Genes (I),NATHBIOGEN,,,,,,
GSTK526739,Narmada Gelatines,,,,,,,
GSTK500890,Modi Rubber,MODIRUBBER,,,,,,
GSTK532807,Cineline India,CINELINE,,,,,,
GSTK524790,Everest Organics,,,,,,,
GSTK535916,Alacrity Securities,,,,,,,
GSTK518091,Anjani Portland Cement,APCL,,,,,,
GSTK533284,RPP Infra Projects,RPPINFRA,,,,,,
GSTK539927,Likhami Consulting,,,,,,,
GSTK543433,HP Adhesives,HPAL,,,,,,
GSTK500270,Baroda Rayon Corporation,,,,,,,
GSTK504084,Kaycee Industries,,,,,,,
GSTK532102,SBEC Sugar,,,,,,,
GSTK518029,Gujarat Sidhee Cement,GSCLCEMENT,,,,,,
GSTK542337,Spencer's Retail,SPENCERS,,,,,,
GSTK523754,Mahindra EPC Irrigation,MAHEPC,,,,,,
GSTK530919,Remsons Industries,REMSONSIND,,,,,,
GSTK543901,Robust Hotels,RHL,,,,,,
GSTK530377,Nila Infrastructures,NILAINFRA,,,,,,
GSTK531439,AION-Tech Solutions,GOLDTECH,,,,,,
GSTK526081,SC Agrotech,,,,,,,
GSTK533608,RDB Rasayans,,,,,,,
GSTK540199,Corporate Merchant Bankers,,,,,,,
GSTK542729,DCM Nouvelle,DCMNVL,,,,,,
GSTK532759,Atlantaa,ATLANTAA,,,,,,
GSTK514175,Vardhman Polytex,VARDMNPOLY,,,,,,
GSTK507525,Amrit Corp.,,,,,,,
GSTK532070,Gujjubhai Industries,,,,,,,
GSTK501295,Industrial Investment Trust,IITL,,,,,,
GSTK509470,Bombay Oxygen Investments,,,,,,,
GSTK517258,Precision Electronics,,,,,,,
GSTK524444,Evexia Lifecare,,,,,,,
GSTK542285,Axita Cotton,AXITA,,,,,,
GSTK538942,Mercantile Ventures,MERCANTILE,,,,,,
GSTK532344,Madala Holdings,,,,,,,
GSTK530215,Kings Infra Ventures,,,,,,,
GSTK505712,HIM Teknoforge,,,,,,,
GSTK517393,Vintron Informatics,,,,,,,
GSTK524570,Poddar Pigments,PODDARMENT,,,,,,
GSTK505750,Josts Engineering Company,,,,,,,
GSTK530745,ACS Technologies Ltd.,ACSTECH,,,,,,
GSTK506522,JL Morison (India),,,,,,,
GSTK533292,A2Z Infra Engineering,A2ZINFRA,,,,,,
GSTK539112,SAB Industries,,,,,,,
GSTK507265,Emerald Leisures,,,,,,,
GSTK543737,Aveer Foods,,,,,,,
GSTK532039,Zenotech Laboratories,,,,,,,
GSTK543251,Ravinder Heights,RVHL,,,,,,
GSTK540097,Gamco,,,,,,,
GSTK543327,Exxaro Tiles,EXXARO,,,,,,
GSTK500259,Lyka Labs,LYKALABS,,,,,,
GSTK519606,Integrated Proteins,,,,,,,
GSTK508875,Nitin Castings,,,,,,,
GSTK530145,Kisan Mouldings,,,,,,,
GSTK500009,Ambalal Sarabhai Enterprises,AMBALALSA,,,,,,
GSTK524412,Aarey Drugs & Pharmaceuticals,AAREYDRUGS,,,,,,
GSTK541161,Dharan Infra-EPC,KBCGLOBAL,,,,,,
GSTK531253,India Gelatine & Chemicals,,,,,,,
GSTK544003,Plaza Wires,PLAZACABLE,,,,,,
GSTK500069,Quest Capital Markets,,,,,,,
GSTK540358,RMC Switchgears,RMC,,,,,,
GSTK534796,Jujhar Logistics,,,,,,,
GSTK540404,Prime Fresh,,,,,,,
GSTK511208,IL&FS Investment Managers,IVC,,,,,,
GSTK539331,Veto Switch Gears & Cables,VETO,,,,,,
GSTK523204,Aban Offshore,ABAN,,,,,,
GSTK500074,BPL,BPL,,,,,,
GSTK526073,Galaxy Bearings,,,,,,,
GSTK512381,Starteck Finance,STARTECK,,,,,,
GSTK532649,Nectar Lifesciences,NECLIFE,,,,,,
GSTK544100,Nova Agritech,NOVAAGRI,,,,,,
GSTK512399,Sera Investments & Finance India,,,,,,,
GSTK532460,Ponni Sugars (Erode),PONNIERODE,,,,,,
GSTK543531,Tierra Agrotech,,,,,,,
GSTK507435,Khoday India,,,,,,,
GSTK532666,FCS Software Solutions,FCSSOFT,,,,,,
GSTK531400,Almondz Global Securities,ALMONDZ,,,,,,
GSTK539917,Nagarjuna Fertilizers & Chemicals,NAGAFERT,,,,,,
GSTK538795,Shree Ajit Pulp & Paper,SAPPL,,,,,,
GSTK522273,Ahmedabad Steel Craft,,,,,,,
GSTK509162,Indag Rubber,,,,,,,
GSTK540728,Sayaji Industries,,,,,,,
GSTK530871,Chembond Material Technologies,CHEMBOND,,,,,,
GSTK502015,ASI Industries,,,,,,,
GSTK532673,KM Sugar Mills,KMSUGAR,,,,,,
GSTK532713,Sakuma Exports,SAKUMA,,,,,,
GSTK505681,Bimetal Bearings,BIMETAL,,,,,,
GSTK542332,Hi-Klass Trading & Investment,,,,,,,
GSTK543915,Pavna Industries,PAVNAIND,,,,,,
GSTK542012,A-1,,,,,,,
GSTK500464,UCAL,UCAL,,,,,,
GSTK539141,UFO Moviez India,UFO,,,,,,
GSTK533227,Asian Hotels East,AHLEAST,,,,,,
GSTK505285,Tulive Developers,,,,,,,
GSTK540796,Ratnabhumi Developers,,,,,,,
GSTK512361,Cupid Breweries And Distilleries Ltd.,,,,,,,
GSTK532776,Shivam Autotech,SHIVAMAUTO,,,,,,
GSTK540403,CL Educate,CLEDUCATE,,,,,,
GSTK523100,Cosmo Ferrites,,,,,,,
GSTK544090,Sayaji Hotels (Pune),,,,,,,
GSTK500449,Hindustan Organic Chemicals,,,,,,,
GSTK505854,TRF,TRF,,,,,,
GSTK522091,United Van Der Horst,,,,,,,
GSTK523586,Indian Toners & Developers,,,,,,,
GSTK532767,Gayatri Projects,GAYAPROJ,,,,,,
GSTK533287,Zee Learn,ZEELEARN,,,,,,
GSTK503635,Shree Salasar Investments,,,,,,,
GSTK517530,Surana Telecom & Power,SURANAT&P,,,,,,
GSTK532998,Lotus Eye Hospital & Institute,LOTUSEYE,,,,,,
GSTK504058,Indo National,NIPPOBATRY,,,,,,
GSTK538119,R & B Denims,RNBDENIMS,,,,,,
GSTK532613,VIP Clothing,VIPCLOTHNG,,,,,,
GSTK513043,Remi Edelstahl Tubulars,,,,,,,
GSTK532694,Avio Smart Market Stack,ASMS,,,,,,
GSTK532016,Espire Hospitality,,,,,,,
GSTK511557,Pro Fin Capital Services,,,,,,,
GSTK500223,J C T,JCT,,,,,,
GSTK512103,Nidhi Granites,,,,,,,
GSTK500213,International Travel House,,,,,,,
GSTK526443,Artificial Electronics Intelligent Material,,,,,,,
GSTK544521,VMS TMT,VMSTMT,,,,,,
GSTK531879,Pioneer Distilleries,PIONDIST,,,,,,
GSTK500120,Diamines & Chemicals,DIAMINESQ,,,,,,
GSTK542232,Shankar Lal Rampal Dye-Chem,SRD,,,,,,
GSTK511754,Shalibhadra Finance,SAHLIBHFI,,,,,,
GSTK540829,Chandrima Mercantiles,,,,,,,
GSTK526821,Dai Ichi Karkaria,DAICHI,,,,,,
GSTK526703,Ecoplast,,,,,,,
GSTK504903,Rathi Steel & Power,,,,,,,
GSTK542655,Vikas Lifecare,VIKASLIFE,,,,,,
GSTK539132,Wardwizard Foods and Beverages,,,,,,,
GSTK526407,Hampton Sky Realty,,,,,,,
GSTK516022,Star Paper Mills,STARPAPER,,,,,,
GSTK521018,Maral Overseas,MARALOVER,,,,,,
GSTK526519,Alpine Housing Development Corporation,,,,,,,
GSTK522105,Birla Precision Technologies,BIRLAPREC,,,,,,
GSTK509715,Jay Shree Tea & Industries,JAYSREETEA,,,,,,
GSTK543442,Brand Concepts,BCONCEPTS,,,,,,
GSTK517514,D & H India,,,,,,,
GSTK543284,EKI Energy Services,,,,,,,
GSTK544112,Jasch Gauging Technologies,,,,,,,
GSTK542862,Shahlon Silk Industries,,,,,,,
GSTK523756,SREI Infrastructure Finance,SREINFRA,,,,,,
GSTK532773,Global Vectra Helicorp,GLOBALVECT,,,,,,
GSTK540366,Music Broadcast,RADIOCITY,,,,,,
GSTK532988,Rane Engine Valve,,,,,,,
GSTK532320,Vaarad Ventures,,,,,,,
GSTK532425,Genus Prime Infra,,,,,,,
GSTK539045,Manaksia Aluminium Company,MANAKALUCO,,,,,,
GSTK530585,Swastika Investmart,,,,,,,
GSTK544424,Globe Civil Projects,GLOBECIVIL,,,,,,
GSTK535621,SV Global Mill,,,,,,,
GSTK539407,Generic Engineering Construction & Projects,GENCON,,,,,,
GSTK531525,ACE Software Exports,,,,,,,
GSTK526169,Multibase India,,,,,,,
GSTK544577,Worth Peripherals,WORTHPERI,,,,,,
GSTK532674,Bannari Amman Spinning Mills,BASML,,,,,,
GSTK504351,Empower India,EMPOWER,,,,,,
GSTK543743,Aeroflex Neu,AERONEU,,,,,,
GSTK526747,PG Foils,,,,,,,
GSTK531412,Radix Industries India,,,,,,,
GSTK531216,Comfort Intech,COMFINTE,,,,,,
GSTK544249,Shree Tirupati Balajee Agro Trading Company Ltd,BALAJEE,,,,,,
GSTK890165,Tilak Ventures Partly Paid,,,,,,,
GSTK508941,Panasonic Carbon India Company,,,,,,,
GSTK513509,Kalyani Forge,KALYANIFRG,,,,,,
GSTK538890,MK Exim (India),,,,,,,
GSTK531069,Vijay Solvex,,,,,,,
GSTK543912,Power & Instrumentation (Gujarat),PIGL,,,,,,
GSTK533170,Tamboli Industries,TAMBOLIIN,,,,,,
GSTK507998,Simmonds Marshall,,,,,,,
GSTK544246,Revathi Equipment India,RVTH,,,,,,
GSTK531739,Gennex Laboratories,,,,,,,
GSTK533168,Rossell India,ROSSELLIND,,,,,,
GSTK531041,Competent Automobiles Company,,,,,,,
GSTK514010,Rudra Ecovation,,,,,,,
GSTK540954,Indian Wood Products Co,IWP,,,,,,
GSTK521163,Zodiac Clothing Company,ZODIACLOTH,,,,,,
GSTK542628,Northern Spirits,,,,,,,
GSTK541402,Affordable Robotic & Automation,AFFORDABLE,,,,,,
GSTK526550,Country Club Hospitality & Holidays,CCHHL,,,,,,
GSTK532678,Bombay Rayon Fashions,BRFL,,,,,,
GSTK531082,Alankit,ALANKIT,,,,,,
GSTK544124,Vibhor Steel Tubes,VSTL,,,,,,
GSTK539894,Madhav Infra Projects,MADHAVIPL,,,,,,
GSTK511108,Shiva Texyarn,SHIVATEX,,,,,,
GSTK531550,Jhaveri Credits & Capital,,,,,,,
GSTK544230,Saraswati Saree Depot,SSDL,,,,,,
GSTK543499,Achyut Healthcare,,,,,,,
GSTK540078,Mitsu Chem Plast,,,,,,,
GSTK509546,Graviss Hospitality,GRAVISSHO,,,,,,
GSTK531307,RRIL,RRIL,,,,,,
GSTK505216,Alfred Herbert (India),,,,,,,
GSTK532679,SORIL Infra Resources,SORILINFRA,,,,,,
GSTK501151,Kartik Investments Trust,,,,,,,
GSTK511726,Vipul,VIPULLTD,,,,,,
GSTK542753,Seacoast Shipping Services,,,,,,,
GSTK524506,Coral Laboratories,,,,,,,
GSTK506863,Swadeshi Industries & Leasing,,,,,,,
GSTK530163,Kerala Ayurveda,,,,,,,
GSTK530977,Shri Keshav Cements & Infra,,,,,,,
GSTK505688,Bharat Gears,BHARATGEAR,,,,,,
GSTK543376,Samor Reality,,,,,,,
GSTK531173,Syschem (India),,,,,,,
GSTK500220,Jasch Industries,,,,,,,
GSTK533452,Ebixcash World Money India,DELPHIFX,,,,,,
GSTK526961,Last Mile Enterprises,,,,,,,
GSTK511559,Team India Guaranty,TEAMGTY,,,,,,
GSTK526723,NTC Industries,,,,,,,
GSTK540709,Reliance Home Finance,RHFL,,,,,,
GSTK532543,GP Petroleums,GULFPETRO,,,,,,
GSTK538970,Wardwizard Innovations & Mobility,,,,,,,
GSTK531569,Sanjivani Paranteral,,,,,,,
GSTK507315,Sakthi Sugars,SAKHTISUG,,,,,,
GSTK540775,Khadim India,KHADIM,,,,,,
GSTK532326,Intense Technologies,INTENTECH,,,,,,
GSTK536565,Novelix Pharmaceuticals,,,,,,,
GSTK516108,South India Paper Mills,,,,,,,
GSTK533014,Sicagen India,SICAGEN,,,,,,
GSTK504646,Bhagwati Autocast,,,,,,,
GSTK532362,Nagpur Power & Industries,,,,,,,
GSTK533261,Eros International Media,EROSMEDIA,,,,,,
GSTK512634,Savera Industries,,,,,,,
GSTK512345,Lexora Global,,,,,,,
GSTK500327,PIL ITALICA Lifestyle,PILITA,,,,,,
GSTK524598,Aksharchem (India),AKSHARCHEM,,,,,,
GSTK526717,HCP Plastene Bulkpack,,,,,,,
GSTK512109,Aviva Industries,,,,,,,
GSTK530961,Vikas Ecotech,VIKASECO,,,,,,
GSTK503804,Shri Dinesh Mills,,,,,,,
GSTK522292,Candour Techtex,,,,,,,
GSTK513353,Cochin Minerals & Rutile,,,,,,,
GSTK532411,MPS Infotecnics,VISESHINFO,,,,,,
GSTK509048,Lancor Holdings,LANCORHOL,,,,,,
GSTK508670,Neelamalai Agro Industries,NEAGI,,,,,,
GSTK516016,Shreyans Industries,SHREYANIND,,,,,,
GSTK531373,Byke Hospitality,BYKE,,,,,,
GSTK532022,Filatex Fashions,FILATFASH,,,,,,
GSTK532716,Gillanders Arbuthnot & Co,GILLANDERS,,,,,,
GSTK533543,Brooks Laboratories,BROOKS,,,,,,
GSTK539126,MEP Infrastructure Developers,MEP,,,,,,
GSTK542694,Parshva Enterprises,,,,,,,
GSTK542679,Dhanashree Electronics,,,,,,,
GSTK504258,Lakshmi Electrical Control Systems,,,,,,,
GSTK540401,Maximus International,,,,,,,
GSTK537785,Race Eco Chain,RACE,,,,,,
GSTK526604,Lippi Systems,,,,,,,
GSTK506180,Emergent Industrial Solutions,,,,,,,
GSTK504093,Panasonic Energy India Co,,,,,,,
GSTK530457,GTT Data Solutions,,,,,,,
GSTK539598,AMPL Capital,,,,,,,
GSTK543811,Airan,AIRAN,,,,,,
GSTK543268,DRC Systems India,DRCSYSTEMS,,,,,,
GSTK500231,Umang Dairies,,,,,,,
GSTK532275,Landmarc Leisure Corporation,,,,,,,
GSTK524174,Kesar Petroproducts,,,,,,,
GSTK511571,Crescentis Capital,,,,,,,
GSTK533161,Emmbi Industries,EMMBI,,,,,,
GSTK514318,Jattashankar Industries,,,,,,,
GSTK514470,Winsome Textile Industries,,,,,,,
GSTK524636,Oxygenta Pharmaceutical,,,,,,,
GSTK533167,Coromandel Engineering Company,,,,,,,
GSTK509953,Trade Wings,,,,,,,
GSTK532986,Niraj Cement Structurals,NIRAJ,,,,,,
GSTK515037,Murudeshwar Ceramics,MURUDCERA,,,,,,
GSTK539515,Quint Digital,QUINT,,,,,,
GSTK532334,HB Estate Developers,HBESD,,,,,,
GSTK507785,Tainwala Chemicals & Plastics (India),TAINWALCHM,,,,,,
GSTK517417,Patels Airtemp (India),,,,,,,
GSTK507580,IVP,IVP,,,,,,
GSTK509009,Ausom Enterprise,AUSOMENT,,,,,,
GSTK534615,North Eastern Carrying Corporation,NECCLTD,,,,,,
GSTK535958,Integra Essentia,ESSENTIA,,,,,,
GSTK539115,Alan Scott Enterprises,,,,,,,
GSTK541144,Active Clothing Co,,,,,,,
GSTK507490,Rana Sugars,RANASUG,,,,,,
GSTK511066,Sakthi Finance,,,,,,,
GSTK531694,Rainbow Foundations,,,,,,,
GSTK512149,Avance Technologies,,,,,,,
GSTK540874,7Seas Entertainment,,,,,,,
GSTK540062,Golden Crest Education & Services,,,,,,,
GSTK538714,Sangam Finserv,,,,,,,
GSTK533400,Future Consumer,FCONSUMER,,,,,,
GSTK538896,Kanchi Karpooram,KANCHI,,,,,,
GSTK523660,Waterbase,,,,,,,
GSTK538713,Atishay,,,,,,,
GSTK507621,Milkfood,,,,,,,
GSTK530495,Stratmont Industries,,,,,,,
GSTK530139,Kreon Finnancial Services,,,,,,,
GSTK537839,HBG Hotels,,,,,,,
GSTK523283,Super House,SUPERHOUSE,,,,,,
GSTK539255,Star Delta Transformers,,,,,,,
GSTK538882,Emerald Finance,,,,,,,
GSTK530677,Supreme Holdings & Hospitality (India),SUPREME,,,,,,
GSTK514138,Suryalata Spinning Mills,SURYALA,,,,,,
GSTK526241,Amrapali Industries,,,,,,,
GSTK524592,Jaysynth Orgochem,,,,,,,
GSTK539226,Rudra Global Infra Products,RUDRA,,,,,,
GSTK532372,Virinchi,VIRINCHI,,,,,,
GSTK500282,Modern Threads (India),MODTHREAD,,,,,,
GSTK532894,Indowind Energy,INDOWIND,,,,,,
GSTK533260,CP Capital,CPCAP,,,,,,
GSTK503015,Modern India,,,,,,,
GSTK502820,DCM,DCM,,,,,,
GSTK519216,Ajanta Soya,,,,,,,
GSTK542013,Dolfin Rubbers,,,,,,,
GSTK526614,Expo Engineering And Projects,,,,,,,
GSTK533576,Vaswani Industries,VASWANI,,,,,,
GSTK540198,Osiajee Texfab,,,,,,,
GSTK538546,Bansal Roofing Products,,,,,,,
GSTK505299,KPT Industries,,,,,,,
GSTK532852,Mcdowell Holdings,MCDHOLDING,,,,,,
GSTK519295,Bambino Agro Industries,,,,,,,
GSTK523638,IP Rings,,,,,,,
GSTK533221,Asian Hotels (West),AHLWEST,,,,,,
GSTK506074,Arshiya,ARSHIYA,,,,,,
GSTK543614,Tips Films,TIPSFILMS,,,,,,
GSTK540168,Supra Pacific Financial Services,,,,,,,
GSTK506134,Gourmet Gateway India,,,,,,,
GSTK539227,Loyal Equipments,,,,,,,
GSTK517562,Trigyn Technologies,TRIGYN,,,,,,
GSTK513369,Krishanveer Forge,,,,,,,
GSTK523676,Golkunda Diamonds & Jewellery,,,,,,,
GSTK523248,Machino Plastics,,,,,,,
GSTK513528,Glittek Granites,,,,,,,
GSTK539288,AVI Polymers,,,,,,,
GSTK532376,Umiya Buildcon,UMIYA-MRO,,,,,,
GSTK524218,Resonance Specialties,,,,,,,
GSTK543958,VL E-Governance & IT Solutions,VLEGOV,,,,,,
GSTK541304,Indo US Bio-Tech,INDOUS,,,,,,
GSTK531175,BLS Infotech,,,,,,,
GSTK532994,Archidply Industries,ARCHIDPLY,,,,,,
GSTK543993,ARCL Organics,,,,,,,
GSTK514142,TT,TTL,,,,,,
GSTK532419,Smartlink Holdings,SMARTLINK,,,,,,
GSTK526981,Shri Bajrang Alliance,SHBAJRG,,,,,,
GSTK513502,Baroda Extrusion,,,,,,,
GSTK508136,B&A,BNALTD,,,,,,
GSTK544716,Shree Ram Twistex,SRTL,,,,,,
GSTK512608,Bhandari Hosiery Exports,BHANDARI,,,,,,
GSTK500343,AMJ Land Holdings,AMJLAND,,,,,,
GSTK500159,Metroglobal,METROGLOBL,,,,,,
GSTK505690,Brady & Morris Engineering Co,,,,,,,
GSTK517096,Aplab,,,,,,,
GSTK532992,CHL,,,,,,,
GSTK523874,East India Drums And Barrels Manufacturing,,,,,,,
GSTK506640,ZR2 Bioenergy Ltd.,,,,,,,
GSTK538365,Adhunik Industries,INCREDIBLE,,,,,,
GSTK500083,Century Extrusions,CENTEXT,,,,,,
GSTK509945,Thacker & Company,THACKER,,,,,,
GSTK531399,GG Automotive Gears,,,,,,,
GSTK531306,DHP India,,,,,,,
GSTK543351,NAAPBOOKS Limited,,,,,,,
GSTK539113,Paul Merchants,PML,,,,,,
GSTK543919,MK Proteins,MKPL,,,,,,
GSTK531390,Upsurge Investment & Finance,,,,,,,
GSTK506128,Parnax Lab,,,,,,,
GSTK530393,DB (International) Stock Brokers,DBSTOCKBRO,,,,,,
GSTK532710,Sadbhav Engineering,SADBHAV,,,,,,
GSTK531726,Panchsheel Organics,,,,,,,
GSTK538540,Raama Finance,,,,,,,
GSTK531065,Oswal Overseas,,,,,,,
GSTK512131,Signet Industries,SIGIND,,,,,,
GSTK542803,Vaxfab Enterprises,,,,,,,
GSTK530741,Ovobel Foods,,,,,,,
GSTK540254,Marg Techno-Projects,,,,,,,
GSTK511724,Baid Leasing & Finance Co,BAIDFIN,,,,,,
GSTK532738,Twamev Construction And Infrastructure,TICL,,,,,,
GSTK531841,Indus Finance,,,,,,,
GSTK542580,Aartech Solonics,AARTECH,,,,,,
GSTK543747,Kamdhenu Ventures Ltd.,KAMOPAINTS,,,,,,
GSTK543462,DEV Information Technology,DEVIT,,,,,,
GSTK532357,Mukta Arts,MUKTAARTS,,,,,,
GSTK530313,Kimia Biosciences,,,,,,,
GSTK513418,Smiths & Founders India,,,,,,,
GSTK526971,Dhoot Industrial Finance,,,,,,,
GSTK514450,Mahalaxmi Rubtech,MHLXMIRU,,,,,,
GSTK504746,RRP Electronics India,,,,,,,
GSTK504908,Duncan Engineering,,,,,,,
GSTK524654,Natural Capsules,NATCAPSUQ,,,,,,
GSTK531997,Ikoma Technologies,,,,,,,
GSTK531658,Abate As Industries,,,,,,,
GSTK524582,Tirupati Starch & Chemicals,,,,,,,
GSTK540700,Bharat Road Network,BRNL,,,,,,
GSTK531832,Nagarjuna Agri Tech,,,,,,,
GSTK503663,Tilak Ventures,,,,,,,
GSTK539167,Virat Leasing,,,,,,,
GSTK531971,Popees Baby Care India,,,,,,,
GSTK524238,Gujarat Inject Kerala,,,,,,,
GSTK524324,Seya Industries,SEYAIND,,,,,,
GSTK543645,Hindprakash Industries,HPIL,,,,,,
GSTK543976,Shradha AI Technologies,,,,,,,
GSTK513456,Kanishk Steel Industries,,,,,,,
GSTK539620,Kanoria Energy & Infrastructure,,,,,,,
GSTK517372,Gujarat Intrux,,,,,,,
GSTK539275,Mangalam Seeds,,,,,,,
GSTK504840,Kaira Can Company,,,,,,,
GSTK540952,Lorenzini Apparels,LAL,,,,,,
GSTK533393,TCI Developers,TCIDEVELOP,,,,,,
GSTK543930,Uravi Defence and Technology,URAVIDEF,,,,,,
GSTK503816,Swadeshi Polytex,,,,,,,
GSTK512597,Keynote Financial Services,KEYFINSERV,,,,,,
GSTK544207,Reliable Data Services,RELIABLE,,,,,,
GSTK531260,Refex Renewables & Infrastructure,,,,,,,
GSTK531310,Available Finance,,,,,,,
GSTK523289,Rama Vision,,,,,,,
GSTK530233,Auro Laboratories,,,,,,,
GSTK503639,Apollo Ingredients,,,,,,,
GSTK531746,Prajay Engineers Syndicate,PRAENG,,,,,,
GSTK536493,JK Agri Genetics,,,,,,,
GSTK538837,Jeevan Scientific Technology,,,,,,,
GSTK511473,Indbank Merchant Banking Services,INDBANK,,,,,,
GSTK531109,Ishan Dyes and Chemicals,ISHANCH,,,,,,
GSTK539875,RSD Finance,RSDFIN,,,,,,
GSTK526415,OK Play India,,,,,,,
GSTK540395,Chemcrux Enterprises,,,,,,,
GSTK523732,Ecoboard Industries,,,,,,,
GSTK519260,Sanwaria Consumer,SANWARIA,,,,,,
GSTK526397,Alphageo (India),ALPHAGEO,,,,,,
GSTK538451,Worth Investment & Trading Co,,,,,,,
GSTK533329,Indian Terrain Fashions,INDTERRAIN,,,,,,
GSTK512099,Eyantra Ventures,,,,,,,
GSTK509020,Ruchi Infrastructure,RUCHINFRA,,,,,,
GSTK538817,Captain Pipes,,,,,,,
GSTK505302,Lakshmi Engineering And Warehousing,,,,,,,
GSTK539335,Callista Industries Ltd.,,,,,,,
GSTK505827,SNL Bearings,,,,,,,
GSTK542685,Digicontent,DGCONTENT,,,,,,
GSTK539196,Amba Enterprises,,,,,,,
GSTK539963,Zeal Aqua,,,,,,,
GSTK524824,Bal Pharma,BALPHARMA,,,,,,
GSTK532878,Alpa Laboratories,ALPA,,,,,,
GSTK500388,Shree Krishna Paper Mills & Industries,,,,,,,
GSTK532879,Sir Shadi Lal Enterprises,,,,,,,
GSTK531287,National Plastic Technologies,,,,,,,
GSTK538902,Dhunseri Tea & Industries,DTIL,,,,,,
GSTK543241,Veer Global Infraconstruction,,,,,,,
GSTK538943,Sonal Mercantile,SONAL,,,,,,
GSTK530589,Prima Plastics,,,,,,,
GSTK531556,Coral India Finance & Housing,CORALFINAC,,,,,,
GSTK526853,Bilcare,BI,,,,,,
GSTK540798,Future Supply Chain Solutions,FSC,,,,,,
GSTK531289,National Fittings,,,,,,,
GSTK523309,Shri Gang Industries & Allied Products,,,,,,,
GSTK505693,LA Tim Metal & Industries,,,,,,,
GSTK531127,Mena Mani Industries,,,,,,,
GSTK509692,Indian Card Clothing Company,INDIANCARD,,,,,,
GSTK530427,Choksi Asia,,,,,,,
GSTK540621,Bhagyanagar Properties,BHAGYAPROP,,,,,,
GSTK540653,Sintex Plastics Technology,SPTL,,,,,,
GSTK590056,Salona Cotspin,SALONA,,,,,,
GSTK533181,Intrasoft Technologies,ISFT,,,,,,
GSTK539661,ACE men engg works,,,,,,,
GSTK532896,Magnum Ventures,MAGNUM,,,,,,
GSTK500360,Rapicut Carbides,,,,,,,
GSTK540744,Mideast Integrated Steels,,,,,,,
GSTK532481,Noida Toll Bridge Company,NOIDATOLL,,,,,,
GSTK514428,Hindustan Adhesives,,,,,,,
GSTK539562,Aarnav Fashions,AARNAV,,,,,,
GSTK507645,Polson,,,,,,,
GSTK513436,Shah Alloys,SHAHALLOYS,,,,,,
GSTK524202,Lactose India,,,,,,,
GSTK508905,Nexome Capital Markets,,,,,,,
GSTK533007,LGB Forge,,,,,,,
GSTK532230,Bengal Tea & Fabrics,,,,,,,
GSTK543234,SecMark Consultancy,SECMARK,,,,,,
GSTK512437,Apollo Finvest (India),,,,,,,
GSTK540192,LKP Securities,,,,,,,
GSTK543643,Narmada Agrobase,NARMADA,,,,,,
GSTK534598,Sampann Utpadan India,SAMPANN,,,,,,
GSTK540686,Smruthi Organics,,,,,,,
GSTK501391,W H Brady & Company,,,,,,,
GSTK512493,Garnet International,,,,,,,
GSTK523116,Sanco Trans,,,,,,,
GSTK513723,Himalaya Granites,HIMGRANITE,,,,,,
GSTK511630,Sambhaav Media,SAMBHAAV,,,,,,
GSTK533298,Surana Solar,SURANASOL,,,,,,
GSTK514045,BSL,BSL,,,,,,
GSTK501848,Garware Offshore Services,,,,,,,
GSTK543767,Bodhi Tree Multimedia,BTML,,,,,,
GSTK509486,Caprihans India,,,,,,,
GSTK503127,Raja Bahadur International,,,,,,,
GSTK526211,Suraj Industries,,,,,,,
GSTK505737,International Combustion (India),,,,,,,
GSTK530077,Puretrop Fruits,,,,,,,
GSTK509026,VJTF Eduservices,,,,,,,
GSTK526654,Thakkers Developers,THAKDEV,,,,,,
GSTK500319,Indian Sucrose,,,,,,,
GSTK537326,Chemtech Industrial Valves,,,,,,,
GSTK517477,Elnet Technologies,,,,,,,
GSTK531862,Bharat Agri Fert & Realty,,,,,,,
GSTK532384,Tyche Industries,,,,,,,
GSTK542579,Ashapuri Gold Ornament,,,,,,,
GSTK532869,Tarmat,TARMAT,,,,,,
GSTK526025,Globus Power Generation,,,,,,,
GSTK526731,Bright Brothers,,,,,,,
GSTK531494,Navkar Urbanstructure,NAVKARURB,,,,,,
GSTK533164,Texmo Pipes & Products,TEXMOPIPES,,,,,,
GSTK505368,Semac Construction,SEMAC,,,,,,
GSTK540252,Viram Suvarn,,,,,,,
GSTK523384,Maha Rashtra Apex Corporation,MAHAPEXLTD,,,,,,
GSTK530331,Premco Global,PREMCO,,,,,,
GSTK534060,PMC Fincorp,,,,,,,
GSTK531673,Anka India,,,,,,,
GSTK526861,Rishi Laser,,,,,,,
GSTK532959,Gammon Infrastructure Projects,AJRINFRA,,,,,,
GSTK543861,Udayshivakumar Infra,USK,,,,,,
GSTK535566,KIFS Financial Services,,,,,,,
GSTK538565,Vistar Amar,,,,,,,
GSTK530621,Akar Auto Industries,,,,,,,
GSTK523373,Mini Diamonds (India),,,,,,,
GSTK532391,Opto Circuits (India),OPTOCIRCUI,,,,,,
GSTK519455,Narbada Gems & Jewellery,,,,,,,
GSTK534920,iSERA Lifesciences,,,,,,,
GSTK504076,Jyoti,,,,,,,
GSTK540788,Aspira Pathlab & Diagnostics,,,,,,,
GSTK505893,Hindustan Hardy,,,,,,,
GSTK531080,Shri Krishna Devcon,SHRIKRISH,,,,,,
GSTK539574,Sunshine Capital,,,,,,,
GSTK539252,Shyam Century Ferrous,SHYAMCENT,,,,,,
GSTK531842,Lahoti Overseas,LAHOTIOV,,,,,,
GSTK541702,Ashnisha Industries,,,,,,,
GSTK513693,KIC Metaliks,,,,,,,
GSTK523011,Weizmann Limited,WEIZMANIND,,,,,,
GSTK532056,Trustedge Capital,,,,,,,
GSTK543512,Avro India,AVROIND,,,,,,
GSTK542367,Xelpmoc Design & Tech,XELPMOC,,,,,,
GSTK530055,Harmony Capital Services,,,,,,,
GSTK543829,Global Surfaces,GSLSU,,,,,,
GSTK524640,Archit Organosys,,,,,,,
GSTK532262,TCI Industries,,,,,,,
GSTK532373,WeP Solutions,,,,,,,
GSTK540492,Starlineps Enterprises,,,,,,,
GSTK531537,Jyothi Infraventures,,,,,,,
GSTK520075,Samkrg Pistons & Rings,,,,,,,
GSTK500028,ATV Projects India,,,,,,,
GSTK590075,Lambodhara Textiles,LAMBODHARA,,,,,,
GSTK524518,Krebs Biochemicals & Industries,KREBSBIO,,,,,,
GSTK511260,Iconik Sports And Events,,,,,,,
GSTK538732,Vibrant Global Capital,,,,,,,
GSTK540455,Escorp Asset Management,,,,,,,
GSTK521097,Amarjothi Spinning Mills,,,,,,,
GSTK532806,Ai Champdany Industries,,,,,,,
GSTK542057,BCPL Railway Infrastructure,BCPL,,,,,,
GSTK543671,AAA Technologies,AAATECH,,,,,,
GSTK540901,Praxis Home Retail,PRAXIS,,,,,,
GSTK519383,Anik Industries,ANIKINDS,,,,,,
GSTK516003,Duroply Industries,,,,,,,
GSTK507864,Pioneer Investcorp,PIONRINV,,,,,,
GSTK506530,Kemp & Company,,,,,,,
GSTK536170,Kushal,,,,,,,
GSTK533090,Landsmill Green,LANDSMILL,,,,,,
GSTK500160,GTL,GTL,,,,,,
GSTK541206,OBCL,OBCL,,,,,,
GSTK531234,Scoobee Day Garments (India),,,,,,,
GSTK540809,MRC Agrotech,,,,,,,
GSTK506579,AG Ventures,,,,,,,
GSTK514272,Bhilwara Spinners,,,,,,,
GSTK523054,Binayak Tex Processors,,,,,,,
GSTK519471,Ambar Protein Industries,,,,,,,
GSTK522165,Indsil Hydro Power and Manganese,,,,,,,
GSTK539528,Aayush Wellness,,,,,,,
GSTK521200,Suryalakshmi Cotton Mills,SURYALAXMI,,,,,,
GSTK539742,Simbhaoli Sugars,SIMBHALS,,,,,,
GSTK542932,Birla Tyres,BIRLATYRE,,,,,,
GSTK539346,Sadbhav Infrastructure Projects,SADBHIN,,,,,,
GSTK543941,Ahasolar Technologies,,,,,,,
GSTK542852,Vishwaraj Sugar Industries,VISHWARAJ,,,,,,
GSTK540647,Ganges Securities,GANGESSECU,,,,,,
GSTK500058,Bihar Sponge Iron,,,,,,,
GSTK538875,Sellwin Traders,,,,,,,
GSTK512479,Virya Resources,,,,,,,
GSTK524687,Basant Agro Tech (India),,,,,,,
GSTK533001,Somi Conveyor Beltings,SOMICONVEY,,,,,,
GSTK543860,JA Finance,,,,,,,
GSTK532847,Hilton Metal Forging,HILTON,,,,,,
GSTK524572,Pharmaids Pharmacuticals,,,,,,,
GSTK506910,Jaysynth Dyestuff (India),JAYDYSTUF,,,,,,
GSTK543229,Samrat Forgings,,,,,,,
GSTK543678,Ambo Agritec,,,,,,,
GSTK540467,Parmeshwari Silk Mills,,,,,,,
GSTK500102,Ballarpur Industries,BALLARPUR,,,,,,
GSTK526027,Cubex Tubings,CUBEXTUB,,,,,,
GSTK500389,Silverline Technologies,,,,,,,
GSTK512277,Autoriders International,,,,,,,
GSTK530045,Titan Securities,,,,,,,
GSTK517236,Calcom Vision,,,,,,,
GSTK512553,Zenith Exports,ZENITHEXPO,,,,,,
GSTK530017,Standard Industries,SIL,,,,,,
GSTK530185,Surat Trade and Mercantile,,,,,,,
GSTK530317,Godavari Drugs,,,,,,,
GSTK540027,Prabhat Telecoms (India),,,,,,,
GSTK530601,Jagsonpal Services,,,,,,,
GSTK500234,Kakatiya Cement Sugar & Industries,KAKATCEM,,,,,,
GSTK507968,Jolly Plastic Industries,,,,,,,
GSTK531813,Ganga Papers India,,,,,,,
GSTK539219,Mauria Udyog,,,,,,,
GSTK523537,APM Industries,,,,,,,
GSTK531923,Dhampure Speciality Sugars,,,,,,,
GSTK531911,Galaxy Agrico Exports,,,,,,,
GSTK505576,Goldcrest Corporation,GOLCRESFIN,,,,,,
GSTK532339,Compucom Software,COMPUSOFT,,,,,,
GSTK531888,Rexnord Electronics & Controls,,,,,,,
GSTK533343,Lovable Lingerie,LOVABLE,,,,,,
GSTK543420,Jet Freight Logistics,JETFREIGHT,,,,,,
GSTK531959,Newtime Infrastructure,,,,,,,
GSTK530315,Hindustan Tin Works,,,,,,,
GSTK523574,Future Enterprises,FEL,,,,,,
GSTK543544,Jayant Infratech,,,,,,,
GSTK538926,Naturite Agro Products,,,,,,,
GSTK531119,Ceenik Exports (India),,,,,,,
GSTK538402,SPS Finquest,,,,,,,
GSTK514302,Vippy Spin Pro,,,,,,,
GSTK526381,Patel Integrated Logistics,PATINTLOG,,,,,,
GSTK519528,Norben Tea & Exports,NORBTEAEXP,,,,,,
GSTK532456,Compuage Infocom,COMPINFO,,,,,,
GSTK501343,Motor & General Finance,MOTOGENFIN,,,,,,
GSTK532621,Morarjee Textiles,MORARJEE,,,,,,
GSTK526638,Texel Industries,,,,,,,
GSTK509051,Indian Infotech & Software,,,,,,,
GSTK539277,Alstone Textiles (India),,,,,,,
GSTK531540,Maruti Infrastructure,,,,,,,
GSTK531918,Hindustan Appliances,,,,,,,
GSTK500354,Rajshree Sugars & Chemicals,RAJSREESUG,,,,,,
GSTK514030,Deepak Spinners,,,,,,,
GSTK542911,Assam Entrade,,,,,,,
GSTK533029,Alkali Metals,ALKALI,,,,,,
GSTK514036,Loyal Textile Mills,LOYALTEX,,,,,,
GSTK504080,JSL Industries,,,,,,,
GSTK532459,Faze Three Autofab,,,,,,,
GSTK539979,DIGJAM,DIGJAMLMTD,,,,,,
GSTK590082,Lohia Securities,,,,,,,
GSTK537536,Denis Chem Lab,,,,,,,
GSTK530723,Asit C Mehta Financial Services,,,,,,,
GSTK538860,Panafic Industrials,,,,,,,
GSTK522251,Cenlub Industries,,,,,,,
GSTK500418,Tokyo Plast International,TOKYOPLAST,,,,,,
GSTK538965,Concord Drugs,,,,,,,
GSTK507962,Fynx Capital,,,,,,,
GSTK530881,Arunjyoti Bio Ventures Ltd.,,,,,,,
GSTK532507,BAG Films & Media,BAGFILMS,,,,,,
GSTK530043,Acknit Industries,,,,,,,
GSTK522183,ITL Industries,,,,,,,
GSTK541347,Parvati Sweetners & Power,,,,,,,
GSTK500236,Kanel Industries,,,,,,,
GSTK538964,Mercury Labs,,,,,,,
GSTK511200,Munoth Capital Market,,,,,,,
GSTK511700,Standard Capital Markets,,,,,,,
GSTK538564,James Warren Tea,,,,,,,
GSTK536507,Future Lifestyle Fashions,FLFL,,,,,,
GSTK534674,Ducon Infratechnologies,DUCON,,,,,,
GSTK533506,Inventure Growth & Securities,INVENTURE,,,,,,
GSTK521005,Titan Intech,,,,,,,
GSTK512018,Tomorrow Technologies Global Innovations,,,,,,,
GSTK526727,Garnet Construction,,,,,,,
GSTK523696,Fortis Malar Hospitals,,,,,,,
GSTK504961,Tayo Rolls,TATAYODOGA,,,,,,
GSTK524136,Pee Cee Cosma Sope,,,,,,,
GSTK530449,Rungta Irrigation,,,,,,,
GSTK514360,K & R Rail Engineering,,,,,,,
GSTK532916,Barak Valley Cements,BVCL,,,,,,
GSTK514394,Atlas Jewellery India,,,,,,,
GSTK542910,Valencia Nutrition,,,,,,,
GSTK523483,Pacific Industries,,,,,,,
GSTK500322,Panyam Cements & Mineral Industrties,,,,,,,
GSTK523186,B & A Packaging India,,,,,,,
GSTK523120,Thrive Future Habitats,,,,,,,
GSTK530341,Mukesh Babu Financial Services,,,,,,,
GSTK531237,Dhruva Capital Services,,,,,,,
GSTK503162,Reliance Chemotex Industries,RELCHEMQ,,,,,,
GSTK532160,Gujarat State Financial Corp,,,,,,,
GSTK541152,Goyal Aluminiums,GOYALALUM,,,,,,
GSTK532886,Sel Manufacturing Company,SELMC,,,,,,
GSTK530615,Garg Furnace,,,,,,,
GSTK532351,Aksh Optifibre,AKSHOPTFBR,,,,,,
GSTK531215,RTS Power Corporation,,,,,,,
GSTK531609,KG Petro Chem,,,,,,,
GSTK534064,Alliance Integrated Metaliks,,,,,,,
GSTK506186,Galaxy Supermarket,,,,,,,
GSTK539767,Mega Nirman & Industries,,,,,,,
GSTK502587,Nath Industries,,,,,,,
GSTK519299,Prime Industries,,,,,,,
GSTK539175,Starbeam Ventures,,,,,,,
GSTK531802,Prerna Infrabuild,,,,,,,
GSTK509084,Photon Capital Advisors,,,,,,,
GSTK540393,Sarthak Metals,SMLT,,,,,,
GSTK533632,Onelife Capital Advisors,ONELIFECAP,,,,,,
GSTK507852,Addi Industries,,,,,,,
GSTK537292,Agri-Tech (India),AGRITECH,,,,,,
GSTK532828,AMD Industries,AMDIND,,,,,,
GSTK512379,Cressanda Railway Solutions,,,,,,,
GSTK526325,Orient Press,ORIENTLTD,,,,,,
GSTK530689,Lykis,,,,,,,
GSTK542721,Anand Rayons,,,,,,,
GSTK540519,Meera Industries,,,,,,,
GSTK531723,GACM Technologies,GATECH,,,,,,
GSTK539304,Canopy Finance,,,,,,,
GSTK509472,Cravatex,,,,,,,
GSTK511018,Milgrey Finance & Investments,,,,,,,
GSTK532651,SPL Industries,SPLIL,,,,,,
GSTK531254,Optimus Finance,,,,,,,
GSTK522294,T & I Global,,,,,,,
GSTK539353,Sal Automotive,,,,,,,
GSTK532015,Gravity (India),,,,,,,
GSTK535620,Binny Mills,,,,,,,
GSTK517447,RS Software (India),RSSOFTWARE,,,,,,
GSTK515018,Regency Ceramics,REGENCERAM,,,,,,
GSTK540648,Palash Securities,PALASHSECU,,,,,,
GSTK506919,Makers Laboratories,,,,,,,
GSTK511696,Chartered Capital & Investment,,,,,,,
GSTK519242,Sarda Proteins,,,,,,,
GSTK532324,Cinevista,CINEVISTA,,,,,,
GSTK512559,Kohinoor Foods,KOHINOOR,,,,,,
GSTK526492,Rishiroop,,,,,,,
GSTK524408,Universal Starch Chem Allied,,,,,,,
GSTK540730,Mehai Technology,,,,,,,
GSTK508918,Ironwood Education,,,,,,,
GSTK523628,Poddar Housing & Development,PODDARHOUS,,,,,,
GSTK524652,Ind Swift,,,,,,,
GSTK518017,Bheema Cements,,,,,,,
GSTK530533,Terai Tea Co,,,,,,,
GSTK511523,Veerhealth Care,,,,,,,
GSTK536659,PVV Infra,,,,,,,
GSTK507910,Fiberweb (India),FIBERWEB,,,,,,
GSTK538706,Ultracab (India),,,,,,,
GSTK537800,Mangalam Industrial Finance,,,,,,,
GSTK524336,Shree Hari Chemicals Export,,,,,,,
GSTK513709,Shilp Gravures,,,,,,,
GSTK532933,Porwal Auto Components,,,,,,,
GSTK514280,Sanrhea Technical Textiles,,,,,,,
GSTK526709,BITS,,,,,,,
GSTK526137,Shetron,,,,,,,
GSTK532646,Uniply Industries,UNIPLY,,,,,,
GSTK540654,Globalspace Technologies,,,,,,,
GSTK535458,NRB Industrial Bearings,NIBL,,,,,,
GSTK526546,Choksi Laboratories,,,,,,,
GSTK533012,Landmark Property Development Company,LPDC,,,,,,
GSTK538092,Shri Vasuprada Plantations,,,,,,,
GSTK538401,Maestros Electronics & Telecommunications Systems,,,,,,,
GSTK531688,Prithvi Exchange (India),,,,,,,
GSTK521246,Paras Petrofils,PARASPETRO,,,,,,
GSTK507598,Kovilpatti Lakshmi Roller Flour Mills,,,,,,,
GSTK532410,Transcorp International,,,,,,,
GSTK541778,Deep Polymers,,,,,,,
GSTK524614,IEL,,,,,,,
GSTK531489,CG VAK Software & Exports,,,,,,,
GSTK540786,Sharika Enterprises,,,,,,,
GSTK532290,BLB,BLBLIMITED,,,,,,
GSTK511147,WSFX Global Pay,,,,,,,
GSTK544301,Odigma Consultancy Solutions,ODIGMA,,,,,,
GSTK532435,Sanmit Infra,,,,,,,
GSTK511391,Inter Globe Finance,,,,,,,
GSTK532219,Energy Development Company,ENERGYDEV,,,,,,
GSTK517238,Dynavision,,,,,,,
GSTK544598,Accuracy Shipping,ACCURACY,,,,,,
GSTK513548,Sharda Ispat,,,,,,,
GSTK531273,Radhe Developers (India),,,,,,,
GSTK519287,Modern Dairies,,,,,,,
GSTK517429,Athena Global Technologies,,,,,,,
GSTK570002,Future Enterprises - DVR,FELDVR,,,,,,
GSTK590018,Hisar Metal Industries,HISARMETAL,,,,,,
GSTK515145,Hindusthan National Glass & Industries,,,,,,,
GSTK532413,Cerebra Integrated Technologies,CEREBRAINT,,,,,,
GSTK539773,Advik Capital,,,,,,,
GSTK531994,Auto Pins India,,,,,,,
GSTK502294,Nilachal Refractories,,,,,,,
GSTK530557,NCL Research and Financial Services,,,,,,,
GSTK530545,COSCO India,,,,,,,
GSTK501833,Chowgule Steamships,,,,,,,
GSTK532455,Shalimar Wires Industries,,,,,,,
GSTK539991,Confidence Futuristic Energetech,,,,,,,
GSTK514300,Pioneer Embroideries,PIONEEREMB,,,,,,
GSTK531845,Zenith Steel Pipes & Industries,ZENITHSTL,,,,,,
GSTK517554,NHC Foods,,,,,,,
GSTK539091,Consecutive Commodities,,,,,,,
GSTK500399,Steelco Gujarat,,,,,,,
GSTK539697,Hiliks Technologies,,,,,,,
GSTK506605,Polychem,,,,,,,
GSTK507498,Piccadily Sugar & Allied Industries,,,,,,,
GSTK523232,Continental Petroleums,,,,,,,
GSTK514165,Indian Acrylics,,,,,,,
GSTK526117,Shervani Industrial Syndicate,,,,,,,
GSTK526479,Sky Industries,,,,,,,
GSTK532057,Abhinav Capital Services,,,,,,,
GSTK543513,Uma Exports,UMAEXPORTS,,,,,,
GSTK540360,Leading Leasing Finance And Investment Co,,,,,,,
GSTK511626,RR Financial Consultants,,,,,,,
GSTK543443,Ascensive Educare,,,,,,,
GSTK750668,Bannari Amman Spinning Mills Limited - RE,BASML-RE,,,,,,
GSTK514322,Kamadgiri Fashion,,,,,,,
GSTK519457,Virat Crane Industries,,,,,,,
GSTK531952,Riba Textiles,,,,,,,
GSTK542627,Chandni Machines,,,,,,,
GSTK519238,Saptarishi Agro Industries,,,,,,,
GSTK543625,Secur Credentials,SECURCRED,,,,,,
GSTK530125,Samrat Pharmachem,,,,,,,
GSTK539218,Saumya Consultants,,,,,,,
GSTK526849,Banaras Beads,BANARBEADS,,,,,,
GSTK526899,Himalaya Food International,,,,,,,
GSTK533896,Fervent Synergies,,,,,,,
GSTK521220,Damodar Industries,DAMODARIND,,,,,,
GSTK506979,APT Packaging,,,,,,,
GSTK540614,GG Engineering,,,,,,,
GSTK532053,Wallfort Financial Services,,,,,,,
GSTK522001,Cranex,,,,,,,
GSTK513691,JMT Auto,JMTAUTOLTD,,,,,,
GSTK517494,Accel,,,,,,,
GSTK530883,Super Crop Safe,,,,,,,
GSTK531977,Chartered Logistics,,,,,,,
GSTK535267,Comfort Fincap,,,,,,,
GSTK543236,Atam Valves,ATAM,,,,,,
GSTK530709,Gowra Leasing & Finance,,,,,,,
GSTK540570,Variman Global Enterprises,,,,,,,
GSTK504380,Flomic Global Logistics,,,,,,,
GSTK519566,Simran Farms,,,,,,,
GSTK539527,Creative Castings,,,,,,,
GSTK519307,Vikas WSP,VIKASWSP,,,,,,
GSTK540590,Riddhi Corporate Services,,,,,,,
GSTK511411,Shristi Infrastructure Development Corporation Ltd,,,,,,,
GSTK531398,Source Natural Foods & Herbal Supplements,,,,,,,
GSTK532855,Haryana Capfin,,,,,,,
GSTK532380,Baba Arts,,,,,,,
GSTK523842,Super Tannery,,,,,,,
GSTK512477,Betex India,,,,,,,
GSTK500458,Team24 Consumer Products,,,,,,,
GSTK523019,BN Rathi Securities,,,,,,,
GSTK532332,CURA Technologies,CURAA,,,,,,
GSTK517431,Narmada Macplast Drip Irrigation Systems,,,,,,,
GSTK541228,Taylormade Renewables,,,,,,,
GSTK500421,TPI India,,,,,,,
GSTK519097,Ritesh International,,,,,,,
GSTK540481,Classic Leasing & Finance,,,,,,,
GSTK516078,Jumbo Bag,,,,,,,
GSTK522027,EMA India,,,,,,,
GSTK532656,Facor Alloys,,,,,,,
GSTK507960,Gujarat Hotels,,,,,,,
GSTK533093,Raj Oil Mills,ROML,,,,,,
GSTK507474,Kothari Fermentation & Biochem,,,,,,,
GSTK539522,Grovy India,,,,,,,
GSTK500366,Rolta India,ROLTA,,,,,,
GSTK543298,Vineet Laboratories,VINEETLAB,,,,,,
GSTK533239,Prakash Steelage,PRAKASHSTL,,,,,,
GSTK539659,Vikram Kamats Hospitality,,,,,,,
GSTK531126,Kati Patang Lifestyle,,,,,,,
GSTK500262,Hybrid Financial Services,HYBRIDFIN,,,,,,
GSTK532795,Siti Networks,SITINET,,,,,,
GSTK543453,Alkosign,,,,,,,
GSTK532019,LCC Infotech,LCCINFOTEC,,,,,,
GSTK531663,Yuvraaj Hygiene Products,,,,,,,
GSTK514402,Eco Hotels & Resorts,,,,,,,
GSTK535719,AMPVOLTS,,,,,,,
GSTK537253,Sunil Healthcare,,,,,,,
GSTK540204,Narendra Investments (Delhi),,,,,,,
GSTK544079,Digidrive Distributors,DIGIDRIVE,,,,,,
GSTK531861,Joindre Capital Services,,,,,,,
GSTK541418,Nakoda Group of Industries,NGIL,,,,,,
GSTK543535,We Win,WEWIN,,,,,,
GSTK513005,Chrome Silicon,,,,,,,
GSTK512047,Royal India Corporation,,,,,,,
GSTK532801,Cambridge Technology Enterprises,CTE,,,,,,
GSTK531529,Softrak Venture Investment,,,,,,,
GSTK512297,Shantai Industries,,,,,,,
GSTK526544,SGL Resources,,,,,,,
GSTK531169,SKP Securities,,,,,,,
GSTK514034,JBF Industries,JBFIND,,,,,,
GSTK517170,Edvenswa Enterprises,,,,,,,
GSTK533289,Kesar Terminals & Infrastructure,,,,,,,
GSTK504273,Modulex Construction Technologies,,,,,,,
GSTK539216,Garment Mantra Lifestyle,,,,,,,
GSTK532771,JHS Svendgaard Laboratories,JHS,,,,,,
GSTK526095,Ravileela Granites,,,,,,,
GSTK524663,Bharat Immunologicals & Biologicals Corporation,,,,,,,
GSTK513337,Gujarat Toolroom,,,,,,,
GSTK539198,Capfin India,,,,,,,
GSTK544121,Rudra Gas Enterprise,,,,,,,
GSTK526409,Kkalpana Industries (India),,,,,,,
GSTK542459,Kranti Industries,,,,,,,
GSTK531591,BAMPSL Securities,,,,,,,
GSTK515085,Restile Ceramics,,,,,,,
GSTK507872,Ashnoor Textile Mills,,,,,,,
GSTK506734,Mysore Petro Chemicals,,,,,,,
GSTK526365,Swarnsarita Jewels India,,,,,,,
GSTK533202,Satchmo Holdings,,,,,,,
GSTK542376,SPA Capital Advisors,,,,,,,
GSTK533296,Future Market Networks,FMNL,,,,,,
GSTK505029,Atlas Cycles Haryana,ATLASCYCLE,,,,,,
GSTK539314,Universal Autofoundry,,,,,,,
GSTK543211,Bonlon Industries,BONLON,,,,,,
GSTK544185,Adtech Systems,,,,,,,
GSTK539545,Apoorva Leasing Finance And Investment Company Ltd,,,,,,,
GSTK531667,RR Metalmakers India,,,,,,,
GSTK532761,HandsOn Global Management (HGM),HGM,,,,,,
GSTK541302,Dhruv Consultancy Services,DHRUV,,,,,,
GSTK521109,Nagreeka Exports,NAGREEKEXP,,,,,,
GSTK524204,Teesta Agro Industries,,,,,,,
GSTK517063,Jetking Infotrain,,,,,,,
GSTK517437,Dutron Polymers,,,,,,,
GSTK526931,Hariyana Ship Breakers,,,,,,,
GSTK531278,Elixir Capital,,,,,,,
GSTK509053,Banas Finance,,,,,,,
GSTK523844,Constronics Infra,,,,,,,
GSTK514358,Everlon Financials,,,,,,,
GSTK532870,Ankit Metal & Power,ANKITMETAL,,,,,,
GSTK539552,F Mec International Financial Services,,,,,,,
GSTK526488,Bhudevi Infra Projects,,,,,,,
GSTK538862,MY Money Securities,,,,,,,
GSTK539861,SKIL Infrastructure,SKIL,,,,,,
GSTK532660,Vivimed Labs,VIVIMEDLAB,,,,,,
GSTK590068,Khaitan (India),KHAITANLTD,,,,,,
GSTK532333,HB Portfolio,,,,,,,
GSTK539220,Mishka Exim,,,,,,,
GSTK501430,Bombay Cycle & Motor Agency,,,,,,,
GSTK505650,Skyline Millars,,,,,,,
GSTK540361,Danube Industries,,,,,,,
GSTK517288,Gujarat Poly Electronics,,,,,,,
GSTK530175,Odyssey Technologies,,,,,,,
GSTK504286,Delta Manufacturing,DELTAMAGNT,,,,,,
GSTK520155,Starlog Enterprises,,,,,,,
GSTK523620,Phaarmasia,,,,,,,
GSTK511505,Capital Trust,CAPTRUST,,,,,,
GSTK519331,VSF Projects,,,,,,,
GSTK540405,Oceanic Foods,,,,,,,
GSTK512161,Securekloud Technologies,SECURKLOUD,,,,,,
GSTK505230,Cimmco,CIMMCO,,,,,,
GSTK531677,Aris International,,,,,,,
GSTK516032,Tahmar Enterprises,,,,,,,
GSTK530789,Ceejay Finance,,,,,,,
GSTK532812,Transwarranty Finance,TFL,,,,,,
GSTK538556,Arman Holdings,,,,,,,
GSTK542046,Vivid Mercantile,,,,,,,
GSTK507984,Desi Farms India,,,,,,,
GSTK532975,Telogica,,,,,,,
GSTK530757,Shentracon Chemicals,,,,,,,
GSTK512485,Dhanlaxmi Cotex,,,,,,,
GSTK535387,Lakhotia Polyesters (India),,,,,,,
GSTK500346,Punjab Communications,,,,,,,
GSTK530213,Fortune International,,,,,,,
GSTK526445,Indrayani Biotech,,,,,,,
GSTK532826,Raj Television Network,RAJTV,,,,,,
GSTK526193,Royal Cushion Vinyl Products,,,,,,,
GSTK531979,Hind Aluminium Industries,,,,,,,
GSTK533166,Sundaram Multi Pap,SUNDARAM,,,,,,
GSTK533163,ARSS Infrastructure Projects,ARSSINFRA,,,,,,
GSTK516092,3P Land Holdings,3PLAND,,,,,,
GSTK532931,Burnpur Cement,,,,,,,
GSTK523277,GV Films,,,,,,,
GSTK540738,Shreeji Translogistics,,,,,,,
GSTK523650,Yash Innoventures,,,,,,,
GSTK532820,E-Land Apparel,,,,,,,
GSTK544201,Dindigul Farm Product,,,,,,,
GSTK532164,Minolta Finance,,,,,,,
GSTK542437,Anmol India,ANMOL,,,,,,
GSTK513149,Acrow India,,,,,,,
GSTK524534,Bhaskar Agro Chemicals,,,,,,,
GSTK523672,Flex Foods,,,,,,,
GSTK531592,Genpharmasec,,,,,,,
GSTK526640,Royale Manor Hotels & Industries,,,,,,,
GSTK532183,Gayatri Sugars,,,,,,,
GSTK521216,Dhanalaxmi Roto Spinners,,,,,,,
GSTK523550,Krypton Industries,,,,,,,
GSTK532386,California Software Company,CALSOFT,,,,,,
GSTK508494,Warren Tea,,,,,,,
GSTK530577,Ladderup Finance,,,,,,,
GSTK531417,Mega Corporation,,,,,,,
GSTK531190,Eforu Entertainment,,,,,,,
GSTK511577,Mantra Capital,,,,,,,
GSTK505590,SVP Global Textiles,SVPGLOB,,,,,,
GSTK513629,Tulsyan NEC,,,,,,,
GSTK532271,Cybermate Infotek,ORCHASP,,,,,,
GSTK512093,Cranes Software International,CRANESSOFT,,,,,,
GSTK524322,Aanjaay Industries,,,,,,,
GSTK538634,Vasundhara Rasayans,,,,,,,
GSTK530249,Bridge Securities,,,,,,,
GSTK507180,Kesar Enterprises,,,,,,,
GSTK526235,Mercator,MERCATOR,,,,,,
GSTK513142,Balasore Alloys,ISPATALLOY,,,,,,
GSTK539251,Balkrishna Paper Mills,BALKRISHNA,,,,,,
GSTK540961,Shiva Mills,SHIVAMILLS,,,,,,
GSTK514171,Ceeta Industries,,,,,,,
GSTK539121,Palco Metals,,,,,,,
GSTK524502,Raaj Medisafe India,,,,,,,
GSTK531996,Odyssey Corporation,,,,,,,
GSTK533078,Manjeera Constructions,MANJEERA,,,,,,
GSTK524594,Aeonx Digital Technology,,,,,,,
GSTK532159,Trescon,,,,,,,
GSTK543208,Regis Industries,,,,,,,
GSTK531882,Kwality,KWALITY,,,,,,
GSTK543400,Omnipotent Industries,,,,,,,
GSTK533317,Omkar Speciality Chemicals,OMKARCHEM,,,,,,
GSTK531495,Blue Coast Hotels,BLUECOAST,,,,,,
GSTK532172,Adroit Infotech,ADROITINFO,,,,,,
GSTK532728,Malu Paper Mills,MALUPAPER,,,,,,
GSTK524564,Gayatri Bioorganics,,,,,,,
GSTK539217,Srestha Finvest,,,,,,,
GSTK522231,Conart Engineers,,,,,,,
GSTK512489,Oasis Securities,,,,,,,
GSTK509597,Hardcastle & Waud Manufacturing Co,,,,,,,
GSTK540268,TruCap Finance,TRU,,,,,,
GSTK539398,Vishal Bearings,,,,,,,
GSTK523007,Ansal Buildwell,,,,,,,
GSTK539143,Panth Infinity,,,,,,,
GSTK513216,Uttam Galva Steels,UTTAMSTL,,,,,,
GSTK511736,Ushdev International,USHDEVINT,,,,,,
GSTK543281,Suvidhaa Infoserve,SUVIDHAA,,,,,,
GSTK531822,Rodium Realty,,,,,,,
GSTK526471,Winsome Breweries,,,,,,,
GSTK538833,Kaizen Agro Infrabuild,,,,,,,
GSTK531163,Kemistar Corporation,,,,,,,
GSTK526705,Elegant Marbles & Grani Industries,,,,,,,
GSTK530705,Anirit Ventures,,,,,,,
GSTK532140,Mohite Industries,,,,,,,
GSTK519463,IB Infotech Enterprises,,,,,,,
GSTK538395,Nam Securities,,,,,,,
GSTK511764,Aastamangalam Finance,,,,,,,
GSTK511153,Anjani Foods,,,,,,,
GSTK530461,Saboo Sodium Chloro,,,,,,,
GSTK534623,Jupiter Infomedia,,,,,,,
GSTK511194,ICDS,ICDSLTD,,,,,,
GSTK500211,Insilco,INSILCO,,,,,,
GSTK534312,MT Educare,MTEDUCARE,,,,,,
GSTK502448,Rollatainers,ROLLT,,,,,,
GSTK502901,Jamshri Realty,,,,,,,
GSTK526481,Phoenix International,,,,,,,
GSTK533427,VMS Industries,,,,,,,
GSTK524396,Biofil Chemicals & Pharmaceuticals,BIOFILCHEM,,,,,,
GSTK512048,DhanSafal Finserve,,,,,,,
GSTK527005,Shree Pacetronix,,,,,,,
GSTK526315,Divyashakti,,,,,,,
GSTK531518,Vikas Proppant & Granite,VIKASPROP,,,,,,
GSTK505324,Manugraph India,MANUGRAPH,,,,,,
GSTK503691,Sahara One Media & Entertainment,,,,,,,
GSTK542123,Phosphate Company,,,,,,,
GSTK539939,Yash Chemex,,,,,,,
GSTK530253,Rajasthan Tube Manufacturing Co,,,,,,,
GSTK513642,Axel Polymers,,,,,,,
GSTK523465,Ind Bank Housing,,,,,,,
GSTK522152,Solitaire Machine Tools,,,,,,,
GSTK531472,Cybele Industries,,,,,,,
GSTK503349,The Victoria Mills,,,,,,,
GSTK531454,Polylink Polymers (India),,,,,,,
GSTK532614,Impex Ferro Tech,IMPEXFERRO,,,,,,
GSTK531153,Diligent Industries,,,,,,,
GSTK541546,Gayatri Highways,GAYAHWS,,,,,,
GSTK543670,Vinny Overseas,VINNY,,,,,,
GSTK500342,Prudential Sugar Corporation,PRUDMOULI,,,,,,
GSTK512169,Capricorn Systems Global Solutions,,,,,,,
GSTK538923,SOFCOM Systems,,,,,,,
GSTK530695,Prime Property Development Corp,,,,,,,
GSTK539120,Grameva,,,,,,,
GSTK540694,ANG Lifesciences India,,,,,,,
GSTK521244,MKP Mobility,,,,,,,
GSTK526773,Pressure Sensitive Systems India,,,,,,,
GSTK524288,Aimco Pesticides,,,,,,,
GSTK531205,Spright Agro,,,,,,,
GSTK531624,Country Condo's,COUNCODOS,,,,,,
GSTK531268,B2B Software Technologies,,,,,,,
GSTK530997,Unique Organics,,,,,,,
GSTK512115,Rose Merc,,,,,,,
GSTK526435,Perfectpac,,,,,,,
GSTK540143,Sagarsoft (India),,,,,,,
GSTK511509,Vivo Bio Tech,,,,,,,
GSTK539017,Star Housing Finance,,,,,,,
GSTK531900,CCL International,,,,,,,
GSTK509762,Mapro Industries,,,,,,,
GSTK533294,Ravi Kumar Distilleries,RKDL,,,,,,
GSTK531497,Madhucon Projects,MADHUCON,,,,,,
GSTK539455,Ecofinity Atomix,,,,,,,
GSTK531869,Sacheta Metals,,,,,,,
GSTK512441,Enbee Trade & Finance,,,,,,,
GSTK533048,Teamo Productions HQ,TPHQ,,,,,,
GSTK530617,Sampre Nutritions,,,,,,,
GSTK511355,India Cements Capital,,,,,,,
GSTK522005,Austin Engineering Company,,,,,,,
GSTK517370,Incap,,,,,,,
GSTK534063,Futuristic Solutions,,,,,,,
GSTK540377,IFL Enterprises,,,,,,,
GSTK532212,Archies,ARCHIES,,,,,,
GSTK532521,Palred Technologies,PALREDTEC,,,,,,
GSTK539040,Tirupati Innovar,,,,,,,
GSTK517423,Integra Switchgear,,,,,,,
GSTK532695,Celebrity Fashions,CELEBRITY,,,,,,
GSTK513566,Nova Iron & Steel,,,,,,,
GSTK526965,Gujarat Craft Industries,,,,,,,
GSTK521240,Sambandam Spinning Mills,,,,,,,
GSTK540545,Guru Krupa Gems And Jewellery,,,,,,,
GSTK540135,ARC Finance,,,,,,,
GSTK526335,Shreyas Intermediates,,,,,,,
GSTK533056,Vedavaag Systems,,,,,,,
GSTK532925,Kaushalya Infrastructure Development Corporation,KAUSHALYA,,,,,,
GSTK509040,Netlink Solutions (India),,,,,,,
GSTK507981,Jindal Hotels,,,,,,,
GSTK531280,Pankaj Polymers,,,,,,,
GSTK531616,Starcom Information Technology,,,,,,,
GSTK540080,Dhatre Udyog,,,,,,,
GSTK542724,Murae Organisor,,,,,,,
GSTK544662,Simandhar Impex,,,,,,,
GSTK504988,Welcast Steels,,,,,,,
GSTK521151,Dhanlaxmi Fabrics,,,,,,,
GSTK526237,Morgan Ventures,,,,,,,
GSTK539391,ACME Resources,,,,,,,
GSTK533451,Karma Energy,KARMAENG,,,,,,
GSTK537820,Viji Finance,VIJIFIN,,,,,,
GSTK503837,Shree Rajasthan Syntex,,,,,,,
GSTK530979,India Home Loan,,,,,,,
GSTK512589,Sita Enterprises,,,,,,,
GSTK542019,Shubham Polyspin,,,,,,,
GSTK501370,Walchand Peoplefirst,,,,,,,
GSTK526301,Medinova Diagnostic Services,,,,,,,
GSTK532637,Mangalam Drugs & Organics,MANGALAM,,,,,,
GSTK504392,Krishna Ventures,,,,,,,
GSTK533301,Shekhawati Industries,SHEKHAWATI,,,,,,
GSTK542020,AKI India,AKI,,,,,,
GSTK531176,Mefcom Capital Markets,,,,,,,
GSTK513059,G.S. Auto International,,,,,,,
GSTK500170,GTN Industries,,,,,,,
GSTK532005,Sam Industries,,,,,,,
GSTK524440,Camex,,,,,,,
GSTK526921,21st Century Management Services,21STCENMGM,,,,,,
GSTK523419,Tamilnadu Telecommunication,TNTELE,,,,,,
GSTK523387,Homre,,,,,,,
GSTK541601,Rajnish Wellness,,,,,,,
GSTK530595,TeleCanor Global,,,,,,,
GSTK514442,Sri KPR Industries,,,,,,,
GSTK514260,Surbhi Industries,,,,,,,
GSTK532335,Ambica Agarbathies Aroma & Industries,AMBICAAGAR,,,,,,
GSTK526231,Standard Surfactants,,,,,,,
GSTK522235,Minal Industries,,,,,,,
GSTK519234,Superior Industrial Enterprises,,,,,,,
GSTK539947,Jindal Leasefin,,,,,,,
GSTK539762,Modern Converters,,,,,,,
GSTK507948,Key Corp,,,,,,,
GSTK502873,HP Cotton Textile Mills,,,,,,,
GSTK511359,AD-Manum Finance,,,,,,,
GSTK532355,Picturehouse Media,,,,,,,
GSTK543194,Nirmitee Robotics India,,,,,,,
GSTK503229,Simplex Realty,,,,,,,
GSTK508922,MSR Copper,,,,,,,
GSTK512587,Zodiac-JRD-MKJ,,,,,,,
GSTK531982,Spectrum Foods,,,,,,,
GSTK526851,Arex Industries,,,,,,,
GSTK534732,Caspian Corporate Services,,,,,,,
GSTK539246,Atma Industries,,,,,,,
GSTK539222,Growington Ventures India,,,,,,,
GSTK540904,Tirupati Foam,,,,,,,
GSTK524711,Vista Pharmaceuticals,,,,,,,
GSTK544013,KK Shah Hospitals,,,,,,,
GSTK531259,Esha Media Research,,,,,,,
GSTK517415,Lee & Nee Softwares (Exports),,,,,,,
GSTK531931,Sai Capital,,,,,,,
GSTK501622,Amalgamated Electricity Company,,,,,,,
GSTK530053,Real Eco Energy,,,,,,,
GSTK532081,KSS,KSERASERA,,,,,,
GSTK532946,Bang Overseas,BANG,,,,,,
GSTK531337,Winpro Industries,WINPRO,,,,,,
GSTK507828,Ansal Housing,,,,,,,
GSTK517119,PCS Technology,,,,,,,
GSTK507946,Kiduja India,,,,,,,
GSTK538868,Continental Securities,,,,,,,
GSTK526841,Shakti Press,,,,,,,
GSTK514087,PBM Polytex,,,,,,,
GSTK543231,Archidply Decor,ADL,,,,,,
GSTK531810,Metal Coatings (India),,,,,,,
GSTK538607,Toyam Sports,,,,,,,
GSTK530217,Swojas Foods,,,,,,,
GSTK511740,Ruparel Food Products,,,,,,,
GSTK540359,Parmax Pharma,,,,,,,
GSTK530991,Roopa Industries,,,,,,,
GSTK532402,USG Tech Solutions,,,,,,,
GSTK502250,Lerthai Finance,,,,,,,
GSTK511654,Sugal & Damani Share Brokers,,,,,,,
GSTK521178,Sri Ramakrishna Mills (Coimbatore),,,,,,,
GSTK540181,Salem Erode Investments,,,,,,,
GSTK526957,Uniply Decor,,,,,,,
GSTK507442,Dharani Sugars & Chemicals,DHARSUGAR,,,,,,
GSTK530433,Shiva Global Agro Industries,,,,,,,
GSTK530265,Sainik Finance & Industries,,,,,,,
GSTK511609,ISL Consulting,,,,,,,
GSTK531297,Artefact Projects,,,,,,,
GSTK530897,NG Industries,,,,,,,
GSTK540726,Trident Texofab,,,,,,,
GSTK514412,Sarup Industries,,,,,,,
GSTK526616,National Plastic Industries,,,,,,,
GSTK512217,Prism Medico & Pharmacy,,,,,,,
GSTK526269,Crestchem,,,,,,,
GSTK514223,Ramgopal Polytex,,,,,,,
GSTK526161,Spenta International,,,,,,,
GSTK507690,Orient Beverages,,,,,,,
GSTK524703,Sandu Pharmaceuticals,,,,,,,
GSTK511658,Nettlinx,,,,,,,
GSTK530109,Anupam Finserv,,,,,,,
GSTK513729,Aro Granite Industries,AROGRANITE,,,,,,
GSTK531144,E L Forge,,,,,,,
GSTK536846,Yuranus Infrastructure,,,,,,,
GSTK530169,Mohit Paper Mills,,,,,,,
GSTK531233,Rasi Electrodes,,,,,,,
GSTK532817,Oriental Trimex,ORIENTALTL,,,,,,
GSTK531156,Alfavision Overseas (India),,,,,,,
GSTK532957,Gokak Textiles,,,,,,,
GSTK524602,Bandaram Pharma Packtech,,,,,,,
GSTK538778,Kalyan Capitals,,,,,,,
GSTK531471,Duke Offshore,,,,,,,
GSTK532404,Saven Technologies,,,,,,,
GSTK502589,Vapi Enterprise,,,,,,,
GSTK507817,Wires & Fabriks (SA),,,,,,,
GSTK539669,RGF Capital Markets,,,,,,,
GSTK530951,Raminfo,,,,,,,
GSTK531533,Accedere,,,,,,,
GSTK524675,Kabsons Industries,,,,,,,
GSTK500239,KG Denim,,,,,,,
GSTK523260,Pearl Polymers,PEARLPOLY,,,,,,
GSTK532640,Cyber Media India,CYBERMEDIA,,,,,,
GSTK533101,Suryaamba Spinning Mills,,,,,,,
GSTK530959,Diana Tea Co,,,,,,,
GSTK522207,Rasandik Engineering Industries India,,,,,,,
GSTK539122,Bodhtree Consulting,,,,,,,
GSTK530525,Rajnish Retail,,,,,,,
GSTK542667,White Organic Retail,,,,,,,
GSTK540923,Ashoka Metcast,ASHOKAMET,,,,,,
GSTK521036,Source Industries (India),,,,,,,
GSTK526490,Pratik Panels,,,,,,,
GSTK531950,VERTEX Securities,,,,,,,
GSTK511525,Pan India Corp,,,,,,,
GSTK539760,Relicab Cable Manufacturing,,,,,,,
GSTK532123,BSEL Algo,,,,,,,
GSTK503776,Modipon,,,,,,,
GSTK530853,Hipolin,,,,,,,
GSTK530787,Inland Printers,,,,,,,
GSTK538834,JMJ Fintech,,,,,,,
GSTK509196,MM Rubber Company,,,,,,,
GSTK511710,Cubical Financial Services,,,,,,,
GSTK500212,Integrated Financial Services,,,,,,,
GSTK530855,GDL Leasing & Finance,,,,,,,
GSTK514221,K-Lifestyle & Industries,SHREEKRPOL,,,,,,
GSTK533482,Kridhan Infra,KRIDHANINF,,,,,,
GSTK517546,Alfa Transformers,,,,,,,
GSTK532216,HB Stockholdings,HBSL,,,,,,
GSTK520123,ABC India,,,,,,,
GSTK517264,Fine-Line Circuits,,,,,,,
GSTK511000,MSL Global,,,,,,,
GSTK524488,SVC Industries,,,,,,,
GSTK540702,Lasa Supergenerics,LASA,,,,,,
GSTK530309,Chandra Prabhu International,,,,,,,
GSTK521228,Tatia Global Vennture,,,,,,,
GSTK511692,Ajcon Global Services,,,,,,,
GSTK512301,Chambal Breweries & Distilleries,,,,,,,
GSTK519359,Poona Dal & Oil Industries,,,,,,,
GSTK511539,Supra Trends,,,,,,,
GSTK542802,Galactico Corporate Services,,,,,,,
GSTK530231,Subhash Silk Mills,,,,,,,
GSTK500155,Garden Silk Mills Ltd,GARDENSILK,,,,,,
GSTK531172,Pranavaditya Spinning Mills,,,,,,,
GSTK519494,NK Industries,NKIND,,,,,,
GSTK540789,Diligent Media Corporation,DNAMEDIA,,,,,,
GSTK524013,Hindustan Fluoro Carbons,,,,,,,
GSTK531780,Kaiser Corporation,,,,,,,
GSTK531199,Glance Finance,,,,,,,
GSTK538521,Yaan Enterprises,,,,,,,
GSTK524156,TCM,,,,,,,
GSTK502133,Hemadri Cements,,,,,,,
GSTK531168,Associated Ceramics,,,,,,,
GSTK524818,Dynamic Industries,,,,,,,
GSTK506858,Gujarat Petrosynthese,,,,,,,
GSTK531328,Kretto Syscon,,,,,,,
GSTK531223,Anjani Synthetics,,,,,,,
GSTK523144,MediCaps,,,,,,,
GSTK507300,Ravalgaon Sugar Farm,,,,,,,
GSTK531067,Contil India,,,,,,,
GSTK531840,IEC Education,,,,,,,
GSTK530609,Carnation Industries,,,,,,,
GSTK510245,Swasti Vinayaka Synthetics,,,,,,,
GSTK511012,Yamini Investments Company,,,,,,,
GSTK540006,East West Freight Carriers,,,,,,,
GSTK514312,Jaihind Industries,,,,,,,
GSTK504810,Informed Technologies India,,,,,,,
GSTK543914,Swati Projects,,,,,,,
GSTK505250,G.G. Dandekar Properties,,,,,,,
GSTK531557,Amit Securities,,,,,,,
GSTK533203,Tarapur Transformers,TARAPUR,,,,,,
GSTK532951,GSS Infotech,GSS,,,,,,
GSTK512036,Skybiotech Healthcare,,,,,,,
GSTK531453,Mohit Industries,MOHITIND,,,,,,
GSTK512257,Swasti Vinayaka Art & Heritage Corporation,,,,,,,
GSTK511447,Sylph Industries,,,,,,,
GSTK524548,Sharma East India Hospitals & Medical Research Ltd,,,,,,,
GSTK530711,Jagan Lamps,,,,,,,
GSTK531301,Tusaldah,,,,,,,
GSTK516007,Mangalam Timber Products,MANGTIMBER,,,,,,
GSTK530815,Refnol Resins & Chemicals,,,,,,,
GSTK514348,Winsome Yarns,WINSOME,,,,,,
GSTK541303,Akshar Spintex,AKSHAR,,,,,,
GSTK515093,Madhav Marbles & Granites,MADHAV,,,,,,
GSTK531744,Gini Silk Mills,,,,,,,
GSTK505515,Shyamkamal Investments,,,,,,,
GSTK511116,Quadrant Televentures,,,,,,,
GSTK530289,SP Capital Financing,,,,,,,
GSTK530255,Kay Power & Paper,,,,,,,
GSTK526355,Duro Pack,,,,,,,
GSTK511712,Relic Technologies,,,,,,,
GSTK512425,Nirav Commercials,,,,,,,
GSTK532918,Rathi Bars,,,,,,,
GSTK530973,Alfa Ica India,,,,,,,
GSTK542248,Deccan Health Care,,,,,,,
GSTK524080,Haryana Leather Chemicals,,,,,,,
GSTK530037,Sparkle Gold Rock,,,,,,,
GSTK524516,Bacil Pharma,,,,,,,
GSTK532914,Arcotech,ARCOTECH,,,,,,
GSTK513179,National Steel & Agro Industries,NATNLSTEEL,,,,,,
GSTK541338,UH Zaveri,,,,,,,
GSTK534612,Advance Metering Technology,,,,,,,
GSTK518011,Keerthi Industries,,,,,,,
GSTK502445,Citadel Realty & Developers,,,,,,,
GSTK538743,Mudunuru,,,,,,,
GSTK508664,Best Eastern Hotels,,,,,,,
GSTK533100,Premier Energy & Infrastructure,,,,,,,
GSTK500371,Samtel India,,,,,,,
GSTK504340,Longspur International Ventures,,,,,,,
GSTK517201,Switching Technologies Gunther,,,,,,,
GSTK519224,Williamson Magor & Co,WILLAMAGOR,,,,,,
GSTK531752,Biogen Pharmachem Industries,,,,,,,
GSTK526345,Panjon,,,,,,,
GSTK503092,Pasupati Spinning & Weaving Mills,,,,,,,
GSTK532911,Parle Industries,,,,,,,
GSTK523840,Innovative Tech Pack,,,,,,,
GSTK540310,Classic Filaments,,,,,,,
GSTK530747,Challani Capital,,,,,,,
GSTK533212,GKB Ophthalmics,,,,,,,
GSTK526677,DSJ Communications,KEEPLEARN,,,,,,
GSTK523021,Rishi Techtex,,,,,,,
GSTK539559,Deep Health AI India,,,,,,,
GSTK524314,Gujarat Terce Laboratories,,,,,,,
GSTK500206,Margo Finance,,,,,,,
GSTK539013,Gita Renewable Energy,,,,,,,
GSTK526711,Adarsh Plant Protect,,,,,,,
GSTK526945,Tyroon Tea Company,,,,,,,
GSTK543341,Sharpline Broadcast,,,,,,,
GSTK531635,Silver Oak (India),,,,,,,
GSTK539561,Supha Pharmachem,,,,,,,
GSTK501242,TCI Finance,TCIFINANCE,,,,,,
GSTK500059,BIL Vyapar,BILVYAPAR,,,,,,
GSTK521180,Super Spinning Mills,SUPERSPIN,,,,,,
GSTK532895,Nagreeka Capital & Infrastructure,NAGREEKCAP,,,,,,
GSTK506184,Kanani Industries,KANANIIND,,,,,,
GSTK511169,RKD Agri & Retail,,,,,,,
GSTK539798,Umiya Tubes,,,,,,,
GSTK531797,Scan Projects,,,,,,,
GSTK518053,Sri Chakra Cement,,,,,,,
GSTK539519,Sattva Sukun Lifecare,,,,,,,
GSTK539761,Vantage Knowledge Academy,,,,,,,
GSTK524661,Welcure Drugs & Pharmaceuticals,,,,,,,
GSTK538812,Aanchal Ispat,,,,,,,
GSTK502933,Katare Spinning Mills,,,,,,,
GSTK539011,Chennai Ferrous Industries,,,,,,,
GSTK530179,RSC International,,,,,,,
GSTK523652,Kkalpana Plastick,,,,,,,
GSTK526901,Sonal Adhesives,,,,,,,
GSTK531003,Swarna Securities,,,,,,,
GSTK537069,Arnold Holdings,,,,,,,
GSTK532387,Pritish Nandy Communications,PNC,,,,,,
GSTK530291,PAOS Industries Ltd,,,,,,,
GSTK531600,Gogia Capital Growth,,,,,,,
GSTK526847,Ashirwad Steels & Industries,,,,,,,
GSTK539176,Hawa Engineers,,,,,,,
GSTK509887,Sinnar Bidi Udyog,,,,,,,
GSTK538646,QGO Finance,,,,,,,
GSTK530419,Sumedha Fiscal Services,,,,,,,
GSTK533605,Setubandhan Infrastructure,SETUINFRA,,,,,,
GSTK512215,Stephanotis Finance,,,,,,,
GSTK511730,BYLD Capital Finance,,,,,,,
GSTK523467,Jai Mata Glass,,,,,,,
GSTK531814,Tirupati Sarjan,,,,,,,
GSTK526871,Intec Capital,,,,,,,
GSTK539354,Polyspin Exports,,,,,,,
GSTK507813,National Oxygen,,,,,,,
GSTK538777,Asia Capital,,,,,,,
GSTK533540,Tree House Education & Accessories,TREEHOUSE,,,,,,
GSTK531892,Khandwala Securities,KHANDSE,,,,,,
GSTK531340,Bervin Investment & Leasing,,,,,,,
GSTK530235,KJMC Financial Services,,,,,,,
GSTK538838,Indo Cotspin,,,,,,,
GSTK530825,Daikaffil Chemicals India,,,,,,,
GSTK531960,June Industries,,,,,,,
GSTK511549,Morarka Finance,,,,,,,
GSTK511533,Sahara Housingfina Corporation,,,,,,,
GSTK531626,Orosil Smiths India,,,,,,,
GSTK519612,Lake Shore Realty,,,,,,,
GSTK530459,Valson Industries,,,,,,,
GSTK531380,Centenial Surgical Suture,,,,,,,
GSTK532284,TCFC Finance,,,,,,,
GSTK532416,Next Mediaworks,NEXTMEDIA,,,,,,
GSTK532845,TGB Banquets & Hotels,TGBHOTELS,,,,,,
GSTK505336,Harshil Agrotech,,,,,,,
GSTK540079,Sprayking,,,,,,,
GSTK505212,Jainex Aamcol,,,,,,,
GSTK506105,Stanrose Mafatlal Investments & Finance,,,,,,,
GSTK530407,EPIC Energy,,,,,,,
GSTK532124,Reliable Ventures India,,,,,,,
GSTK530909,ERP Soft Systems,,,,,,,
GSTK530133,Amco India,,,,,,,
GSTK530267,Arigato Universe,,,,,,,
GSTK532730,STL Global,SGL,,,,,,
GSTK539428,Tejnaksh Healthcare,,,,,,,
GSTK531137,Gemstone Investments,,,,,,,
GSTK503685,Mediaone Global Entertainment,,,,,,,
GSTK512499,Shalimar Productions,,,,,,,
GSTK519475,Chordia Food Products,,,,,,,
GSTK530925,Ramsons Projects,,,,,,,
GSTK539310,Thinkink Picturez,,,,,,,
GSTK526043,Polymechplast Machines,,,,,,,
GSTK522036,Miven Machine Tools,,,,,,,
GSTK521141,Aditya Spinners,,,,,,,
GSTK509895,Hindoostan Mills,,,,,,,
GSTK511716,Invigorated Business Consulting,,,,,,,
GSTK531651,National General Industries Limited,,,,,,,
GSTK531608,Gorani Industries,,,,,,,
GSTK501314,Prismx Global Ventures,,,,,,,
GSTK500016,Aruna Hotels,,,,,,,
GSTK526554,Salguti Industries,,,,,,,
GSTK523489,Chennai Meenakshi Multispeciality Hospital,,,,,,,
GSTK540190,Franklin Industries,,,,,,,
GSTK511593,Libord Finance,,,,,,,
GSTK508969,Sulabh Engineers & Services,,,,,,,
GSTK538180,Gold Line International Finvest,,,,,,,
GSTK509069,Infomedia Press,INFOMEDIA,,,,,,
GSTK533008,OCL Iron and Steel,OISL,,,,,,
GSTK533411,Sanghvi Forging & Engineering,SANGHVIFOR,,,,,,
GSTK532997,KSK Energy Ventures,KSK,,,,,,
GSTK532154,Johnson Pharmacare,,,,,,,
GSTK500370,Salora International,,,,,,,
GSTK514386,Gujarat Cotex,,,,,,,
GSTK539938,Medico Intercontinental,,,,,,,
GSTK531968,IITL Projects,,,,,,,
GSTK541005,Kanco Tea & Industries,,,,,,,
GSTK538382,West Leisure Resorts,,,,,,,
GSTK543934,Machhar Industries,,,,,,,
GSTK539012,Megri Soft,,,,,,,
GSTK530953,Sunil Agro Foods,,,,,,,
GSTK531212,Nalin Lease Finance,,,,,,,
GSTK523752,Trans India House Impex Ltd,,,,,,,
GSTK511543,GSB Finance,,,,,,,
GSTK511176,Parshwanath Corporation,,,,,,,
GSTK539267,Samsrita Labs,,,,,,,
GSTK539435,Richfield Financial Services,,,,,,,
GSTK508961,Shricon Industries,,,,,,,
GSTK540063,ECS Biztech,,,,,,,
GSTK538935,Abhishek Finlease,,,,,,,
GSTK532007,Shreevatsaa Finance & Leasing,,,,,,,
GSTK512247,Ashirwad Capital,,,,,,,
GSTK539378,Soni Medicare,,,,,,,
GSTK508571,The Cochin Malabar Estates and Industries,,,,,,,
GSTK501700,IndiaNivesh,,,,,,,
GSTK506981,Blue Chip Tex Industries,,,,,,,
GSTK514128,Konark Synthetic,,,,,,,
GSTK540953,Kenvi Jewels,,,,,,,
GSTK504648,Bombay Wire Ropes,,,,,,,
GSTK531416,Narendra Properties,,,,,,,
GSTK531227,Deco-mica,,,,,,,
GSTK539681,Dynamic Archistructures,,,,,,,
GSTK540066,AMS Polymers,,,,,,,
GSTK538647,Purshottam Investofin,,,,,,,
GSTK534741,Virtual Global Education,,,,,,,
GSTK531503,Maris Spinners,,,,,,,
GSTK532097,Mukand Engineers,MUKANDENGG,,,,,,
GSTK505343,Monotype India,,,,,,,
GSTK526687,Polo Hotels,,,,,,,
GSTK514484,Thambbi Modern Spinning Mills,,,,,,,
GSTK539230,Chemiesynth (Vapi),,,,,,,
GSTK533638,Flexituff Ventures International,FLEXITUFF,,,,,,
GSTK500246,Envair Electrodyne,,,,,,,
GSTK539409,Neeraj Paper Marketing,,,,,,,
GSTK524727,Span Divergent,,,,,,,
GSTK531870,Popular Estate Management,,,,,,,
GSTK535730,Khoobsurat,,,,,,,
GSTK530401,Vinyoflex,,,,,,,
GSTK530361,Prabhhans Industries,,,,,,,
GSTK531930,Sarthak Industries,,,,,,,
GSTK521149,Prime Urban Development India,,,,,,,
GSTK531437,Prakash Woollen & Synthetic Mills,,,,,,,
GSTK524522,Laffans Petrochemicals,,,,,,,
GSTK539494,Smart Finsec,,,,,,,
GSTK521131,Shree Bhavya Fabrics Ltd,,,,,,,
GSTK504180,Standard Batteries,,,,,,,
GSTK531324,Roselabs Finance,,,,,,,
GSTK506003,Sudal Industries,,,,,,,
GSTK500358,Rama Petrochemicals,,,,,,,
GSTK531583,Rap Corp,,,,,,,
GSTK530095,Pradhin,,,,,,,
GSTK514177,Impera Worldwide,,,,,,,
GSTK526139,Transgene Biotek,,,,,,,
GSTK542682,Harish Textile Engineers,,,,,,,
GSTK500450,MPIL Corporation,,,,,,,
GSTK519532,Asian Tea & Exports,,,,,,,
GSTK538918,Vani Commercials,,,,,,,
GSTK531402,LWS Knitwear,,,,,,,
GSTK524434,Asian Petro Products and Exports,,,,,,,
GSTK511092,JMD Ventures,,,,,,,
GSTK508867,New Markets Avenue,,,,,,,
GSTK531819,Nuway Organic Naturals India,,,,,,,
GSTK532035,Unistar Multimedia,,,,,,,
GSTK531255,Paragon Finance,,,,,,,
GSTK524400,Ishita Drugs & Industries,,,,,,,
GSTK531821,Munoth Financial Services,,,,,,,
GSTK513422,Bloom Industries,,,,,,,
GSTK531502,Esaar (India),,,,,,,
GSTK523566,Martin Burn,,,,,,,
GSTK507966,Ras Resorts & Apart Hotels,,,,,,,
GSTK505840,Jaipan Industries,,,,,,,
GSTK507486,Caprolactam Chemicals,,,,,,,
GSTK532114,Alchemist Realty,,,,,,,
GSTK540824,Astron Paper & Board Mill,ASTRON,,,,,,
GSTK530907,SI Capital & Financial Services,,,,,,,
GSTK541503,Unick Fix-A-Form & Printers,,,,,,,
GSTK513498,Southern Magnesium & Chemicals,,,,,,,
GSTK530405,Jindal Capital,,,,,,,
GSTK514326,Patspin India,,,,,,,
GSTK539884,Darshan Orna,,,,,,,
GSTK520127,Balurghat Technologies,,,,,,,
GSTK539470,Shree Ganesh BioTech India,,,,,,,
GSTK530821,SSPDL,,,,,,,
GSTK511016,Premier Capital Services,,,,,,,
GSTK511131,Kamanwala Housing Construction,,,,,,,
GSTK543540,Pearl Green Clubs And Resorts,,,,,,,
GSTK523836,Gujarat Raffia Industries,GUJRAFFIA,,,,,,
GSTK524210,Pentokey Organy (India),,,,,,,
GSTK539599,Kotia Enterprises,,,,,,,
GSTK522245,Iykot Hitech Toolroom,,,,,,,
GSTK532304,KJMC Corporate Advisors (India),,,,,,,
GSTK511758,Mansi Finance (Chennai),,,,,,,
GSTK517411,Shyam Telecom,SHYAMTEL,,,,,,
GSTK533602,Lesha Industries,,,,,,,
GSTK539174,Helpage Finlease,,,,,,,
GSTK531980,Senthil Infotek,,,,,,,
GSTK526755,Velan Hotels,,,,,,,
GSTK532001,Inducto Steels,,,,,,,
GSTK514266,Zenith Fibres,,,,,,,
GSTK517360,SBEC Systems (India),,,,,,,
GSTK523222,SRM Energy,,,,,,,
GSTK541735,Vivanta Industries,,,,,,,
GSTK514332,Neo Infracon,,,,,,,
GSTK531962,Shree Metalloys,,,,,,,
GSTK534338,Max Heights Infrastructure,,,,,,,
GSTK509046,Triliance Polymers,,,,,,,
GSTK526576,TechIndia Nirman,TECHIN,,,,,,
GSTK531262,Surya Industrial Corporation,,,,,,,
GSTK505320,Lynx Machinery & Commercials,,,,,,,
GSTK540597,Containerway International,,,,,,,
GSTK532723,MPDL,,,,,,,
GSTK531553,Disha Resources,,,,,,,
GSTK526251,Mideast Portfolio Management,,,,,,,
GSTK531322,Sri Havisha Hospitality & Infrastructure,HAVISHA,,,,,,
GSTK543595,EP Biocomposites,,,,,,,
GSTK539900,Dalmia Industrial Development,,,,,,,
GSTK531395,Padam Cotton Yarns,,,,,,,
GSTK544233,Mahalaxmi Fabric Mills,MFML,,,,,,
GSTK500051,Bhagawati Gas Ltd.,,,,,,,
GSTK502460,Solid Containers,,,,,,,
GSTK530537,Manraj Housing Finance,,,,,,,
GSTK517330,CMI,CMICABLES,,,,,,
GSTK517320,Magnus Steel And Infra,,,,,,,
GSTK513295,IMEC Services,,,,,,,
GSTK542906,Easun Capital Markets,,,,,,,
GSTK522267,Veejay Lakshmi Engineering Works,,,,,,,
GSTK531319,Maruti Global Industries,,,,,,,
GSTK530259,Interstate Oil Carrier,,,,,,,
GSTK515059,Madhusudan Industries,,,,,,,
GSTK523832,Mukat Pipes,,,,,,,
GSTK538597,TTI Enterprise,,,,,,,
GSTK500357,Rama Paper Mills,,,,,,,
GSTK531784,KCL Infra Projects,,,,,,,
GSTK500014,Utique Enterprises,,,,,,,
GSTK532217,Siel Financial Services,,,,,,,
GSTK531512,Orient Tradelink,,,,,,,
GSTK538568,Fruition Venture,,,,,,,
GSTK526373,Cindrella Hotels,,,,,,,
GSTK516096,Sangal Papers,,,,,,,
GSTK534755,Trio Mercantile & Trading,,,,,,,
GSTK512175,VAMA Industries,,,,,,,
GSTK505523,Maharashtra Corporation,,,,,,,
GSTK513575,Sterling Powergensys,,,,,,,
GSTK538788,Gilada Finance & Investments,,,,,,,
GSTK540821,Crystal Business System,,,,,,,
GSTK531015,Venmax Drugs & Pharmaceuticals,,,,,,,
GSTK540023,Colorchips New Media,,,,,,,
GSTK512591,Pulsar International,,,,,,,
GSTK506680,Tecil Chemicals and Hydro Power,TECILCHEM,,,,,,
GSTK538610,Unison Metals,,,,,,,
GSTK530675,York Exports,,,,,,,
GSTK531025,Visagar Financial Services,,,,,,,
GSTK531157,Organic Coatings,,,,,,,
GSTK530697,Zenlabs Ethica,,,,,,,
GSTK530369,Vamshi Rubber,,,,,,,
GSTK513303,Modern Steel,,,,,,,
GSTK507970,Paramount Cosmetics (India),,,,,,,
GSTK503657,Veer Energy & Infrastructure,,,,,,,
GSTK513335,Metalyst Forgings,METALFORGE,,,,,,
GSTK540083,TV Vision,TVVISION,,,,,,
GSTK530263,Global Capital Markets,,,,,,,
GSTK530829,CIL Securities,,,,,,,
GSTK526761,Howard Hotels,,,,,,,
GSTK526508,Shahi Shipping,,,,,,,
GSTK531099,Centuple Global,,,,,,,
GSTK531436,Saffron Industries,,,,,,,
GSTK531539,Rishabh Digha Steel & Allied Products,,,,,,,
GSTK522289,NMS Global,,,,,,,
GSTK531902,Gallops Enterprise,,,,,,,
GSTK530779,Dynamic Portfolio Management & Services,,,,,,,
GSTK531246,Prima Industries,,,,,,,
GSTK539946,Bazel International,,,,,,,
GSTK540147,Shashijit Infraprojects,,,,,,,
GSTK521210,Cityman,,,,,,,
GSTK512024,ND Metal Industries,,,,,,,
GSTK541865,Add-Shop E-Retail,,,,,,,
GSTK521048,Advance Lifestyles,,,,,,,
GSTK531737,Greencrest Financial Services,,,,,,,
GSTK521226,Uniroyal Industries,,,,,,,
GSTK540386,Ontic Finserve,,,,,,,
GSTK531582,Beryl Securities,,,,,,,
GSTK530713,Ajel,,,,,,,
GSTK516098,Ventura Textiles,,,,,,,
GSTK532145,HS India,,,,,,,
GSTK512565,Neelkanth,,,,,,,
GSTK512624,Regent Enterprises,,,,,,,
GSTK531360,Golechha Global Finance,,,,,,,
GSTK521105,Olympia Industries,,,,,,,
GSTK530805,Onesource Industries And Ventures,,,,,,,
GSTK519574,Hindustan Agrigentics,,,,,,,
GSTK540727,Poojawestern Metaliks,,,,,,,
GSTK530665,Zenith Healthcare,,,,,,,
GSTK531893,Sawaca Enterprises,,,,,,,
GSTK511493,Shrydus Industries,,,,,,,
GSTK506520,Jayshree Chemicals,,,,,,,
GSTK524038,Venlon Enterprises,,,,,,,
GSTK530469,GSL Securities,,,,,,,
GSTK530151,Vijay Textiles,,,,,,,
GSTK511535,NDA Securities,,,,,,,
GSTK514060,Newtrac Foods & Beverages,,,,,,,
GSTK539679,Kapil Raj Finance,,,,,,,
GSTK508980,Frontier Capital,,,,,,,
GSTK590070,Radaan Media Works India,RADAAN,,,,,,
GSTK521014,Eurotex Industries & Exports,EUROTEXIND,,,,,,
GSTK531887,Tacent Projects,,,,,,,
GSTK539584,Sharanam Infraproject & Trading,,,,,,,
GSTK524576,Vivid Global Industries,,,,,,,
GSTK500029,Autolite (India),AUTOLITIND,,,,,,
GSTK533157,Syncom Healthcare,SYNCOM,,,,,,
GSTK531572,Ranjit Securities,,,,,,,
GSTK500174,Gujarat Lease Financing,GLFL,,,,,,
GSTK540615,7NR Retail,,,,,,,
GSTK532167,Omkar Pharmachem,,,,,,,
GSTK531346,Eastern Treads,,,,,,,
GSTK537985,Infronics Systems,,,,,,,
GSTK536709,Ind Renewable Energy,,,,,,,
GSTK531178,Hemang Resources,,,,,,,
GSTK503626,Manglam Global Corporations,,,,,,,
GSTK513401,Ashiana Ispat,,,,,,,
GSTK538975,Shree Securities,,,,,,,
GSTK526477,South Asian Enterprises,,,,,,,
GSTK521242,Kandagiri Spinning Millis,,,,,,,
GSTK531552,RTCL,,,,,,,
GSTK531129,Inani Marbles & Industries,,,,,,,
GSTK511601,Yash Management & Satellite,,,,,,,
GSTK532042,Frontline Corporation,,,,,,,
GSTK526891,Market Creators,,,,,,,
GSTK538922,COSYN,,,,,,,
GSTK532676,PBA Infrastructure,,,,,,,
GSTK511246,Bombay Talkies,,,,,,,
GSTK513173,Steel Strips Infrastructures,,,,,,,
GSTK511501,Bharat Bhushan Finance & Commodity Brokers,,,,,,,
GSTK526532,Square Four Projects India,,,,,,,
GSTK530141,Gyan Developers & Builders,,,,,,,
GSTK539291,Vasudhagama Enterprises,,,,,,,
GSTK523062,JJ Finance Corporation,,,,,,,
GSTK542654,VR Films & Studios,,,,,,,
GSTK523896,AVI Products India,,,,,,,
GSTK538609,Gajanan Securities Services,,,,,,,
GSTK531409,Alchemist Corporation,,,,,,,
GSTK501351,Rapid Investments,,,,,,,
GSTK513430,Maitri Enterprises,,,,,,,
GSTK532092,Epuja Spiritech,,,,,,,
GSTK507938,Manipal Finance Corp,,,,,,,
GSTK539225,Jiya Eco-Products,JIYAECO,,,,,,
GSTK500540,Premier,PREMIER,,,,,,
GSTK531088,Tulip Star Hotels,,,,,,,
GSTK526075,Rekvina Laboratories,,,,,,,
GSTK531936,Blue Chip India,BLUECHIP,,,,,,
GSTK506146,Visagar Polytex,VIVIDHA,,,,,,
GSTK505685,Taparia Tools,,,,,,,
GSTK531341,Ashtasidhhi Industries,,,,,,,
GSTK538539,Annvrridhhi Ventures,,,,,,,
GSTK536073,Julien Agro Infratech,,,,,,,
GSTK514028,Rajkamal Synthetics,,,,,,,
GSTK539287,Ortin Global,ORTINGLOBE,,,,,,
GSTK541444,PALM Jewels,,,,,,,
GSTK531228,Rander Corporation,,,,,,,
GSTK523594,Kunststofe Industries,,,,,,,
GSTK542034,SM Gold,,,,,,,
GSTK514454,Southern Latex,,,,,,,
GSTK530357,KBS India,,,,,,,
GSTK509015,Thakral Services (India),,,,,,,
GSTK531509,Step Two Corporation,,,,,,,
GSTK540210,Mandhana Retail Ventures,HEADSUP,,,,,,
GSTK538273,Response Informatics,,,,,,,
GSTK519483,Tai Industries,,,,,,,
GSTK516110,Family Care Hospitals,,,,,,,
GSTK541771,Amin Tannery,,,,,,,
GSTK542918,Gian Life Care,,,,,,,
GSTK533018,Simplex Mills Company,,,,,,,
GSTK531505,Indergiri Finance,,,,,,,
GSTK539189,Adhbhut Infrastructure,,,,,,,
GSTK531413,Kiran Print Pack,,,,,,,
GSTK533790,KGN Enterprises,,,,,,,
GSTK517571,IMP Powers,INDLMETER,,,,,,
GSTK512289,Shirpur Gold Refinery,SHIRPUR-G,,,,,,
GSTK531192,Midas Infra Trade,,,,,,,
GSTK531033,Regal Entertainement and Consultants,,,,,,,
GSTK532692,Radha Madhav Corporation,RMCL,,,,,,
GSTK532398,Usha Martin Education & Solutions,UMESLTD,,,,,,
GSTK533629,Tijaria Polypipes,TIJARIA,,,,,,
GSTK531274,Kinetic Trust,,,,,,,
GSTK543282,NIKS Technology,,,,,,,
GSTK514113,Adinath Textiles,,,,,,,
GSTK517356,ACI Infocom,,,,,,,
GSTK530899,Asia Pack,,,,,,,
GSTK530167,Moongipa Capital Finance,,,,,,,
GSTK539814,Le Lavoir,,,,,,,
GSTK511377,Mehta Integrated Finance,,,,,,,
GSTK540703,Provestment Services,,,,,,,
GSTK523826,Sovereign Diamonds,,,,,,,
GSTK530839,Clio Infotech,,,,,,,
GSTK531091,United Credit,,,,,,,
GSTK539384,Krishna Capital & Securities,,,,,,,
GSTK503659,SW Investments,,,,,,,
GSTK539016,Neil Industries,,,,,,,
GSTK506947,Advance Petrochemicals,,,,,,,
GSTK544197,JHS Svendgaard Retail Ventures,RETAIL,,,,,,
GSTK540243,New Light Industries,,,,,,,
GSTK544234,Globale Tessile,GLOBALE,,,,,,
GSTK513403,PM Telelinks,,,,,,,
GSTK534691,Comfort Commotrade,,,,,,,
GSTK503669,KK Fincorp,,,,,,,
GSTK519500,BKV Industries,,,,,,,
GSTK524414,Norris Medicines,,,,,,,
GSTK521222,Sanblue Corporation,,,,,,,
GSTK530119,Natraj Proteins,,,,,,,
GSTK530025,Samyak International,,,,,,,
GSTK533321,BIL Energy Systems,BILENERGY,,,,,,
GSTK524689,Parenteral Drugs (India),PDPL,,,,,,
GSTK532282,Castex Technologies,,,,,,,
GSTK513151,STI India,STINDIA,,,,,,
GSTK540823,Vitesse Agro,,,,,,,
GSTK503622,SV Trading & Agencies,,,,,,,
GSTK506178,Velox Industries,,,,,,,
GSTK539149,Integrated Capital Services,,,,,,,
GSTK513699,Solid Stone Co,,,,,,,
GSTK539190,Decillion Finance,,,,,,,
GSTK531834,Natura Hue Chem,,,,,,,
GSTK523151,OTCO International,,,,,,,
GSTK531411,Tuni Textile Mills,,,,,,,
GSTK530171,Daulat Securities,,,,,,,
GSTK539124,Sarvottam Finvest,,,,,,,
GSTK539097,UR Sugar Industries,,,,,,,
GSTK534532,Aurus Gem Corporation,AURUS,,,,,,
GSTK531506,Shukra Bullions,,,,,,,
GSTK516106,Shree Karthik Papers,,,,,,,
GSTK526662,Rajdarshan Industries,ARENTERP,,,,,,
GSTK531778,Kachchh Minerals,,,,,,,
GSTK538928,Karnavati Finance,,,,,,,
GSTK508956,HB Leasing & Finance Company,,,,,,,
GSTK501477,Muller & Phipps (India),,,,,,,
GSTK542938,Octavius Plantations,,,,,,,
GSTK519191,Jolly Merchants,,,,,,,
GSTK500142,FGP,,,,,,,
GSTK532100,Indo-City Infotech,,,,,,,
GSTK535431,GCM Securities,,,,,,,
GSTK531574,Vas Infrastructure,,,,,,,
GSTK500192,Prag Bosimi Synthetics,,,,,,,
GSTK542865,Anuroop Packaging,,,,,,,
GSTK531240,Shamrock Industrial Company,,,,,,,
GSTK503641,Zodiac Ventures,,,,,,,
GSTK506935,Continental Chemicals,,,,,,,
GSTK513063,Trans Freight Containers,,,,,,,
GSTK519604,Suryo Foods & Industries,,,,,,,
GSTK538452,Quasar India,,,,,,,
GSTK500178,Harig Crankshafts,,,,,,,
GSTK531685,Frontline Financial Services,,,,,,,
GSTK539468,Typhoon Financial Services,,,,,,,
GSTK500329,Pentamedia Graphics,PENTSFWARE,,,,,,
GSTK526093,Sathavahana Ispat,SATHAISPAT,,,,,,
GSTK539253,Surya India,,,,,,,
GSTK509024,Golden Legand Leasing & Finance,,,,,,,
GSTK516062,National Plywood Industries,,,,,,,
GSTK508996,Satra Properties (India),,,,,,,
GSTK538520,Shivamshree Businesses,,,,,,,
GSTK517077,Ind Agiv Commerce,,,,,,,
GSTK532392,Creative Eye,CREATIVEYE,,,,,,
GSTK531203,Tradewell Holdings,,,,,,,
GSTK542677,Mahesh Developers,,,,,,,
GSTK530993,Sarthak Global,,,,,,,
GSTK526675,Tirth Plastic,,,,,,,
GSTK531644,Tokyo Finance,,,,,,,
GSTK526869,Kumbhat Financial Services,,,,,,,
GSTK532131,Triumph International Finance India,,,,,,,
GSTK511636,DJS Stock & Shares,,,,,,,
GSTK524055,Panther Industrial Products,,,,,,,
GSTK504697,Galada Power & Telecommunication,,,,,,,
GSTK538742,Panabyte Technologies,,,,,,,
GSTK543256,Rita Finance & Leasing,,,,,,,
GSTK540026,Ladam Affordable Housing,,,,,,,
GSTK513713,White Organic Agro,,,,,,,
GSTK524768,Emmessar Biotech & Nutrition,,,,,,,
GSTK530127,NPR Finance,,,,,,,
GSTK514264,Seasons Textiles,,,,,,,
GSTK531758,GK Consultants,,,,,,,
GSTK538881,Galada Finance,,,,,,,
GSTK541634,RAW Edge Industrial Solutions,,,,,,,
GSTK542666,GKP Printing & Packaging,,,,,,,
GSTK530035,Santosh Fine Fab,,,,,,,
GSTK538857,Scintilla Commercial & Credit,,,,,,,
GSTK537766,BC Power Controls,,,,,,,
GSTK532359,Hit Kit Global Solutions,,,,,,,
GSTK511185,Rajvi Logitrade,,,,,,,
GSTK539224,HCKK Ventures,,,,,,,
GSTK509563,Garware Marine Industries,,,,,,,
GSTK538787,Goenka Business & Finance,,,,,,,
GSTK539526,Suncare Traders,,,,,,,
GSTK530201,Kallam Textiles,,,,,,,
GSTK530111,Raj Packaging Industries,,,,,,,
GSTK521062,Perfect-Octave Media Projects,,,,,,,
GSTK532745,Inditrade Capital,,,,,,,
GSTK520141,Sibar Auto Parts,,,,,,,
GSTK519064,Khandelwal Extractions,,,,,,,
GSTK540936,Gautam Gems,,,,,,,
GSTK501148,Dalal Street Investments,,,,,,,
GSTK526622,MFL India,,,,,,,
GSTK514197,S & T Corporation,,,,,,,
GSTK530047,Mohota Industries,MOHOTAIND,,,,,,
GSTK540266,Globe Commercials,,,,,,,
GSTK507508,Riga Sugar Co,,,,,,,
GSTK519285,Tarai Foods,,,,,,,
GSTK511611,DCM Financial Services,DCMFINSERV,,,,,,
GSTK519439,Pioneer Agro Extracts,,,,,,,
GSTK530715,Alps Industries,ALPSINDUS,,,,,,
GSTK531235,Citi Port Financial Services,,,,,,,
GSTK539492,Garbi Finvest,,,,,,,
GSTK531265,Progrex Ventures,,,,,,,
GSTK506365,Starsource Multitrade,,,,,,,
GSTK511563,Sanchay Finvest,,,,,,,
GSTK530445,Sumeru Industries,,,,,,,
GSTK531613,Meyer Apparel,,,,,,,
GSTK543207,Natural Biocon (India),,,,,,,
GSTK523782,Mitshi India,,,,,,,
GSTK502893,United Interactive,,,,,,,
GSTK531594,Incon Engineers,,,,,,,
GSTK512064,Vishvprabha Ventures,,,,,,,
GSTK524748,Link Pharma Chem Limited,,,,,,,
GSTK521206,Samtex Fashions,,,,,,,
GSTK521234,Sri Nachammai Cotton Mills,,,,,,,
GSTK526001,Jauss Polymers,,,,,,,
GSTK538422,Jackson Investments,,,,,,,
GSTK509423,Sanathnagar Enterprises,,,,,,,
GSTK538708,Econo Trade (India),,,,,,,
GSTK531762,Unjha Formulations,,,,,,,
GSTK502281,Triveni Glass,,,,,,,
GSTK532315,Groarc Industries India,,,,,,,
GSTK540259,Shangar Decor,,,,,,,
GSTK506906,Saptak Chem & Business,,,,,,,
GSTK523712,JMG Corporation,,,,,,,
GSTK539110,Northlink Fiscal & Capital Services,,,,,,,
GSTK506122,Kairosoft Ai Solutions,,,,,,,
GSTK526504,Dolphin Medical Services,,,,,,,
GSTK522209,Yogi Infra Projects,,,,,,,
GSTK539228,Gala Global Products,,,,,,,
GSTK536672,VCU Data Management,,,,,,,
GSTK538596,Cemantic Infra-Tech,,,,,,,
GSTK526473,Elegant Floriculture & Agrotech (India),,,,,,,
GSTK543927,Asian Warehousing,,,,,,,
GSTK514400,Garware Synthetics,,,,,,,
GSTK522237,Shivagrico Implements,,,,,,,
GSTK503624,Svaraj Trading & Agencies,,,,,,,
GSTK533200,Talwalkars Better Value Fitness,TALWALKARS,,,,,,
GSTK538611,Real Touch Finance,,,,,,,
GSTK513305,Terrascope Ventures,,,,,,,
GSTK538919,Skyline Ventures India,,,,,,,
GSTK513343,Grand Foundry,GFSTEELS,,,,,,
GSTK531441,Lyons Corporate Market,,,,,,,
GSTK531286,Adhata Global Ltd.,,,,,,,
GSTK531680,Mayur Leather Products,,,,,,,
GSTK531198,Dhanada Corporation,,,,,,,
GSTK532972,Sankhya Infotech,,,,,,,
GSTK543247,Net Pix Shorts Digital Media,,,,,,,
GSTK570005,GACM Technologies Ltd. - (DVR),GATECHDVR,,,,,,
GSTK519230,Kisaan Parivar Industries,,,,,,,
GSTK512405,I Power Solutions India,,,,,,,
GSTK540221,Shashank Traders,,,,,,,
GSTK540955,Tasty Dairy Specialities,,,,,,,
GSTK539005,Jayatma Enterprises,,,,,,,
GSTK540174,Southern Infoconsultants,,,,,,,
GSTK524606,Beryl Drugs,,,,,,,
GSTK511760,Seven Hill Industries,,,,,,,
GSTK538874,Nexus Surgical & Medicare,,,,,,,
GSTK530797,Shree Ganesh Elastoplast,,,,,,,
GSTK539090,Rajputana Investment & Finance,,,,,,,
GSTK500277,Mid India Industries,,,,,,,
GSTK531158,Catvision,,,,,,,
GSTK540132,Sabrimala Industries India,,,,,,,
GSTK504397,Ganesh Holdings,,,,,,,
GSTK513488,Shree Steel Wire Ropes,,,,,,,
GSTK517397,Pan Electronics India,,,,,,,
GSTK531210,Colinz Laboratories,,,,,,,
GSTK509760,Modern Shares & Stockbrokers,,,,,,,
GSTK539123,VB Industries,,,,,,,
GSTK526799,Union Quality Plastics,,,,,,,
GSTK538707,Rajasthan Cylinders & Containers,,,,,,,
GSTK531397,Polycon International,,,,,,,
GSTK521161,Sri Lakshmi Saraswathi Textiles (Arni),,,,,,,
GSTK526431,Welterman International,,,,,,,
GSTK538895,Mihika Industries,,,,,,,
GSTK530281,Quantum Digital Vision (India),,,,,,,
GSTK530065,Lords Ishwar Hotels,,,,,,,
GSTK531909,Croissance Ltd,,,,,,,
GSTK538894,Octal Credit Capital,,,,,,,
GSTK539506,Adcon Capital Services,,,,,,,
GSTK539770,Darjeeling Industriies,,,,,,,
GSTK532072,Interworld Digital,,,,,,,
GSTK532744,GTN Textiles,,,,,,,
GSTK530669,Ace Engitech,,,,,,,
GSTK531972,Trident Tools,,,,,,,
GSTK504335,Pazel International,,,,,,,
GSTK543310,Times Green Energy (India),,,,,,,
GSTK531300,Amit International,,,,,,,
GSTK534734,Ram Minerals & Chemicals,,,,,,,
GSTK539410,Muzali Arts,,,,,,,
GSTK542864,Mount Housing & Infrastructure,,,,,,,
GSTK526959,Woodsvilla,,,,,,,
GSTK536868,Integra Telecommunication & Software,,,,,,,
GSTK532078,Monind,,,,,,,
GSTK534422,Looks Health Services,,,,,,,
GSTK500202,India Lease Development,,,,,,,
GSTK531672,Inani Securities,,,,,,,
GSTK511110,VB Desai Financial Services,,,,,,,
GSTK539117,Sujala Trading & Holdings,,,,,,,
GSTK540696,KCD Industries India,,,,,,,
GSTK530429,Ashish Polyplast,,,,,,,
GSTK530295,Shree Rajiv Lochan Oil Extraction,,,,,,,
GSTK531043,Dhanvantri Jeevan Rekha,,,,,,,
GSTK509073,Hathway Bhawani Cabletel & Datacom,,,,,,,
GSTK531878,Anjani Finance,,,,,,,
GSTK531027,Libord Securities,,,,,,,
GSTK514240,Kush Industries,,,,,,,
GSTK530799,Anna Infrastructures,,,,,,,
GSTK531017,Arihant's Securities,,,,,,,
GSTK526113,Uniroyal Marine Exports,,,,,,,
GSTK512618,RLF,,,,,,,
GSTK538770,Crane Infrastructure,,,,,,,
GSTK523519,Universal Office Automation,,,,,,,
GSTK507917,East Buildtech,,,,,,,
GSTK507833,Computer Point,,,,,,,
GSTK531406,ANS Industries,,,,,,,
GSTK526500,Sterling Greenwoods,,,,,,,
GSTK530421,Kuwer Industries,,,,,,,
GSTK523722,Svam Software,,,,,,,
GSTK540914,SRU Steels,,,,,,,
GSTK537840,Raunaq lnternational,,,,,,,
GSTK511688,Mathew Easow Research Securities,,,,,,,
GSTK511122,First Custodian Fund (India),,,,,,,
GSTK503863,Shree Manufacturing Co,,,,,,,
GSTK530809,BNR Udyog,,,,,,,
GSTK531560,Aroma Enterprises (India),,,,,,,
GSTK890155,Texel Industries Ltd. - Partly Paidup (TEXELINPP),,,,,,,
GSTK533176,DQ Entertainment (International),DQE,,,,,,
GSTK538667,Sirohia & Sons,,,,,,,
GSTK537524,Viaan Industries,,,,,,,
GSTK512271,Tashi India,,,,,,,
GSTK538963,Pact Industries,,,,,,,
GSTK531825,RCC Cements,,,,,,,
GSTK543171,RO Jewels,,,,,,,
GSTK524642,Sikozy Realtors,,,,,,,
GSTK507515,CJ Gelatine Products,,,,,,,
GSTK530027,Aadi Industries,,,,,,,
GSTK526441,Vision Cinemas,,,,,,,
GSTK533149,Yunik Managing Advisors,,,,,,,
GSTK521080,Pasari Spinning Mills,,,,,,,
GSTK531578,KMF Builders & Developers,,,,,,,
GSTK524590,Hemo Organic,,,,,,,
GSTK531257,Vellora Impact,,,,,,,
GSTK531338,Milestone Global,,,,,,,
GSTK520121,Arcee Industries,,,,,,,
GSTK531846,Trinity League India,,,,,,,
GSTK514140,Suryavanshi Spinning Mills,,,,,,,
GSTK524624,Gagan Gases,,,,,,,
GSTK513117,Amforge Industries,,,,,,,
GSTK530063,Yashraj Containeurs,,,,,,,
GSTK502271,Raasi Refractories,,,,,,,
GSTK531928,Golden Carpets,,,,,,,
GSTK509449,Bhagawati Oxygen,,,,,,,
GSTK511664,BGIL Films & Technologies,,,,,,,
GSTK539206,Genomic Valley Biotech,,,,,,,
GSTK505797,Mipco Seamless Rings Gujarat,,,,,,,
GSTK539408,Kuber Udyog,,,,,,,
GSTK530187,Atharv Enterprises,,,,,,,
GSTK539014,Kalpa Commercial,,,,,,,
GSTK540189,Unipro Technologies,,,,,,,
GSTK538212,Sharp Investments,,,,,,,
GSTK512443,Ganon Products,,,,,,,
GSTK538081,Haria Apparels,,,,,,,
GSTK526751,Gratex Industries,,,,,,,
GSTK540134,Ishaan Infrastructures & Shelters,,,,,,,
GSTK511507,Ushakiran Finance,,,,,,,
GSTK539621,BCL Enterprises,,,,,,,
GSTK532397,Konndor Industries,,,,,,,
GSTK530177,VK Global Industries,,,,,,,
GSTK539111,Sheshadri Industries,,,,,,,
GSTK530735,Super Bakers,,,,,,,
GSTK531661,Hittco Tools,,,,,,,
GSTK524808,Phyto Chem India,,,,,,,
GSTK531304,Nutech Global,,,,,,,
GSTK517044,International Data Management,,,,,,,
GSTK526588,Photoquip (India),,,,,,,
GSTK531585,Devine Impex,,,,,,,
GSTK511187,Millennium Online Solutions (India),,,,,,,
GSTK539692,Interactive Financial Services,,,,,,,
GSTK507759,Lime Chemicals,,,,,,,
GSTK539197,Devhari Exports (India),,,,,,,
GSTK539525,Navketan Merchants,,,,,,,
GSTK533216,Technofab Engineering,TECHNOFAB,,,,,,
GSTK524764,Nutraplus India,,,,,,,
GSTK530191,Chromatic India,CHROMATIC,,,,,,
GSTK538863,Sri Amarnath Finance,,,,,,,
GSTK539393,Kabra Commercial,,,,,,,
GSTK526683,Univa Foods,UNIVAFOODS,,,,,,
GSTK530611,Sturdy Industries,,,,,,,
GSTK526887,Indo Credit Capital,,,,,,,
GSTK531944,Lexoraa Industries,,,,,,,
GSTK523425,Sunraj Diamond Exports,,,,,,,
GSTK531323,Jayatma Industries,,,,,,,
GSTK539593,Shivansh Finserve,,,,,,,
GSTK532379,First Fintec,,,,,,,
GSTK531221,Mayur Floorings,,,,,,,
GSTK531779,Padmanabh Alloys & Polymers,,,,,,,
GSTK524458,Indo Euro Indchem,,,,,,,
GSTK519262,Prima Agro,,,,,,,
GSTK526143,MPL Plastics,,,,,,,
GSTK530765,Agarwal Fortune India,,,,,,,
GSTK526568,Longview Tea Co,,,,,,,
GSTK511463,Alexander Stamps & Coin,,,,,,,
GSTK530571,Explicit Finance,,,,,,,
GSTK530057,Vivanza Biosciences,,,,,,,
GSTK526468,Euro-Leder Fashion,,,,,,,
GSTK538351,AF Enterprises,,,,,,,
GSTK539449,IGC Industries,,,,,,,
GSTK539032,Fraser & Company,,,,,,,
GSTK532825,Jagjanani Textiles,,,,,,,
GSTK535205,Mystic Electronics,,,,,,,
GSTK524580,Priya,,,,,,,
GSTK531352,Peeti Securities,,,,,,,
GSTK531460,Continental Controls,,,,,,,
GSTK511738,Mehta Securities,,,,,,,
GSTK532041,Hindustan Bio Sciences,,,,,,,
GSTK509835,Premier Synthetics,,,,,,,
GSTK536128,VKJ Infra Developers,,,,,,,
GSTK531486,Filmcity Media,,,,,,,
GSTK519479,Omega AG Seeds Punjab,,,,,,,
GSTK505502,PS IT Infrastructure & Services,,,,,,,
GSTK531463,Global Infratech & Finance,,,,,,,
GSTK531404,Zicom Electronic Security Systems,ZICOM,,,,,,
GSTK539043,BKM Industries,BKMINDST,,,,,,
GSTK541545,Talwalkars Healthclubs,TALWGYM,,,,,,
GSTK531682,Cat Technologies,,,,,,,
GSTK539632,AAR Commercial Co,,,,,,,
GSTK539433,Indo-Global Enterprises,,,,,,,
GSTK512415,Mercury Trade Links,,,,,,,
GSTK513721,MFS Intercorp,,,,,,,
GSTK540081,SAB Events & Governance Now Media,SABEVENTS,,,,,,
GSTK531989,Deccan Polypacks,,,,,,,
GSTK535514,Prime Capital Market,,,,,,,
GSTK538897,Shri Niwas Leasing & Finance,,,,,,,
GSTK539119,Jain Marmo Industries,,,,,,,
GSTK542524,Ambassador Intra Holdings,,,,,,,
GSTK530985,JPT Securities,,,,,,,
GSTK512153,M Lakhamsi Industries,,,,,,,
GSTK531456,Minaxi Textiles,,,,,,,
GSTK519214,Williamson Financial Services,,,,,,,
GSTK524752,Decipher Labs,,,,,,,
GSTK521137,Eureka Industries,,,,,,,
GSTK531671,Karnawati Innovation,,,,,,,
GSTK530173,Oscar Global,,,,,,,
GSTK543500,EVOQ Remedies,,,,,,,
GSTK537707,Laddu Gopal Online Services,,,,,,,
GSTK535910,Money Masters Leasing & Finance,,,,,,,
GSTK541890,Space Incubatrics Technologies,,,,,,,
GSTK530251,Risa International,,,,,,,
GSTK519367,Transglobe Foods,,,,,,,
GSTK511441,Gujarat Credit Corporation,,,,,,,
GSTK530565,Koiya International,,,,,,,
GSTK526859,ISF,,,,,,,
GSTK535204,Mukta Agriculture,,,,,,,
GSTK531314,Integra Capital,,,,,,,
GSTK501311,Jayabharat Credit,,,,,,,
GSTK504378,Nyssa Corporation,,,,,,,
GSTK531991,Amraworld Agrico,,,,,,,
GSTK535657,Objectone Information Systems,,,,,,,
GSTK531681,Amerise Biosciences,,,,,,,
GSTK531155,Epsom Properties,,,,,,,
GSTK530771,KLG Capital Services,,,,,,,
GSTK526187,Ashram Online Com,,,,,,,
GSTK514460,Oswal Yarns,,,,,,,
GSTK512359,Sword-Edge Commercials,,,,,,,
GSTK531432,Systematix Securities,,,,,,,
GSTK534639,Vinayak Polycon International,,,,,,,
GSTK526525,Worldwide Aluminium,,,,,,,
GSTK531913,Castora Agri Commodities,,,,,,,
GSTK530207,Brawn Biotech,,,,,,,
GSTK512604,Haria Exports,,,,,,,
GSTK543289,Kuberan Global Edu Solutions,,,,,,,
GSTK537709,Shree Hanuman Sugar & Industries,,,,,,,
GSTK539406,Swagtam Trading & Services,,,,,,,
GSTK538464,Thirani Projects,,,,,,,
GSTK530271,Rich Universe Network,,,,,,,
GSTK519014,Prashant India,,,,,,,
GSTK507609,Olympic Oil Industries,,,,,,,
GSTK511660,Premium Capital Market & Investment,,,,,,,
GSTK526115,Manor Estates & Industries,,,,,,,
GSTK531272,Nikki Global Finance,,,,,,,
GSTK524628,Parker Agro Chem Exports,,,,,,,
GSTK531083,Nihar Info Global,,,,,,,
GSTK540267,Flora Corporation,,,,,,,
GSTK539662,BFL Asset Finvest,,,,,,,
GSTK536965,B P Capital,,,,,,,
GSTK526689,Fenoplast,,,,,,,
GSTK512487,Remi Elektrotechnik,,,,,,,
GSTK530807,Regaliaa Realty,,,,,,,
GSTK539311,Nishtha Finance and Investment (India),,,,,,,
GSTK533178,Pradip Overseas,PRADIP,,,,,,
GSTK513558,Real Strips,,,,,,,
GSTK517224,Sujana Universal Industries,SUJANAUNI,,,,,,
GSTK511734,Pasupati Fincap,,,,,,,
GSTK539363,Sri Krishna Constructions (India),,,,,,,
GSTK533016,Greenearth Resources & Projects,,,,,,,
GSTK531049,Neelkanth Rock-Minerals,,,,,,,
GSTK539223,Ambition Mica,,,,,,,
GSTK539402,Naksh Precious Metals,,,,,,,
GSTK532378,Universal Arts,,,,,,,
GSTK531433,Sungold Capital,,,,,,,
GSTK512344,Aravali Securities & Finance,,,,,,,
GSTK532113,Brijlaxmi Leasing & Finance,,,,,,,
GSTK526494,Promact Plastics,,,,,,,
GSTK526574,Enterprise International,,,,,,,
GSTK531334,Vikalp Securities,,,,,,,
GSTK531387,Hasti Finance,,,,,,,
GSTK530443,Kiran Syntex,,,,,,,
GSTK539835,Superior Finlease,,,,,,,
GSTK526905,Padmanabh Industries,,,,,,,
GSTK538952,Abhinav Leasing & Finance,,,,,,,
GSTK526439,Ambitious Plastomac Company,,,,,,,
GSTK515127,Ramasigns Industries,,,,,,,
GSTK542765,Transpact Enterprises,,,,,,,
GSTK533110,Shree Precoated Steels,,,,,,,
GSTK543436,Wherrelz IT Solutions,,,,,,,
GSTK532340,Omni AxS Software,,,,,,,
GSTK526877,Siddheswari Garments,,,,,,,
GSTK511451,Dharani Finance,,,,,,,
GSTK503772,Modella Woollens,,,,,,,
GSTK512097,Saianand Commercial,,,,,,,
GSTK500426,UTL Industries,,,,,,,
GSTK530931,Stanpacks India,,,,,,,
GSTK538993,Purohit Construction,,,,,,,
GSTK514378,Yarn Syndicate,,,,,,,
GSTK516020,Agio Paper & Industries,,,,,,,
GSTK542923,Tranway21 Technologies,,,,,,,
GSTK519174,Ashiana Agro Industries,,,,,,,
GSTK531515,Mahan Industries,,,,,,,
GSTK526883,Shikhar Consultants,,,,,,,
GSTK531794,Seshachal Technologies Limited,,,,,,,
GSTK543269,Adjia Technologies,,,,,,,
GSTK539982,Advance Syntex,,,,,,,
GSTK540515,Kanungo Financiers,,,,,,,
GSTK503675,Wagend Infra Venture,,,,,,,
GSTK521054,Kakatiya Textiles,,,,,,,
GSTK531051,Vintage Securities,,,,,,,
GSTK526839,Shelter Infra Projects,,,,,,,
GSTK526133,Supertex Industries,,,,,,,
GSTK526813,Raghunath International,,,,,,,
GSTK538569,Triveni Enterprises,,,,,,,
GSTK534190,Olympic Cards,,,,,,,
GSTK542176,Aryan Share & Stock Brokers,,,,,,,
GSTK509038,Voltaire Leasing & Finance,,,,,,,
GSTK539596,Delta Industrial Resources,,,,,,,
GSTK531288,Lead Financial Services,,,,,,,
GSTK531496,Omkar Overseas,,,,,,,
GSTK539278,Symbiox Investment & Trading Co,,,,,,,
GSTK512481,Polytex India,,,,,,,
GSTK540211,Sparkling (India) Finshares,,,,,,,
GSTK526538,Maximaa Systems,,,,,,,
GSTK531429,Adharshila Capital,,,,,,,
GSTK542641,Cox & Kings Financial Service,CKFSL,,,,,,
GSTK538019,Oceanaa Biotek Industries,,,,,,,
GSTK526707,Alchemist,ALCHEM,,,,,,
GSTK539833,Shivom Investment & Consultancy,,,,,,,
GSTK543222,Trekkingtoescom,,,,,,,
GSTK532441,Rainbow Denim,,,,,,,
GSTK505032,Automobile Products Of India Ltd.,,,,,,,
GSTK530777,Infra Industries,,,,,,,
GSTK535694,Edynamics Solutions,,,,,,,
GSTK517548,Starlite Components,,,,,,,
GSTK531881,Gujarat Metallic Coal & Coke,,,,,,,
GSTK507530,Thakkers Group,,,,,,,
GSTK539800,CHD Chemicals,,,,,,,
GSTK542377,AAR Shyam India Investment Co,,,,,,,
GSTK531465,Nouveau Global Ventures,,,,,,,
GSTK531370,Sparc Electrex,,,,,,,
GSTK540159,Purple Agrotech Industries,,,,,,,
GSTK521188,United Textiles,,,,,,,
GSTK531812,SGN Telecoms,,,,,,,
GSTK538465,Amarnath Securities,,,,,,,
GSTK531444,Vardhman Concrete,,,,,,,
GSTK530663,Goyal Associates,,,,,,,
GSTK530439,Siddha Ventures,,,,,,,
GSTK530581,Ekam Leasing & Finance Co,,,,,,,
GSTK511728,KZ Leasing & Finance,,,,,,,
GSTK539096,Aananda Lakshmi Spinning Mills,,,,,,,
GSTK531283,Cindrella Financial Services,,,,,,,
GSTK530755,Coral Newsprints,,,,,,,
GSTK531668,Vision Corporation,,,,,,,
GSTK539544,Abhishek Infraventures,,,,,,,
GSTK511401,Munoth Communication,,,,,,,
GSTK526865,Jainco Projects (India),,,,,,,
GSTK526225,Bloom Dekor,,,,,,,
GSTK504356,Multipurpose Trading and Agencies,,,,,,,
GSTK539495,Rajkot Investment Trust,,,,,,,
GSTK531867,Unitech International,,,,,,,
GSTK539405,Decorous Investment & Trading Co,,,,,,,
GSTK523113,Futuristic Securities,,,,,,,
GSTK501144,People's Investment,,,,,,,
GSTK517399,VXL Instruments,,,,,,,
GSTK506543,MP Agro Industries,,,,,,,
GSTK513513,Aditya Ispat,,,,,,,
GSTK504369,Grandma Trading & Agencies,,,,,,,
GSTK530889,Audroc,,,,,,,
GSTK539200,Noble Polymers Ltd.,,,,,,,
GSTK531420,BMB Music & Magnetics,,,,,,,
GSTK538542,Goldcoin Health Foods,,,,,,,
GSTK537092,Modex International Securities,,,,,,,
GSTK511706,Action Financial Services (India),,,,,,,
GSTK531336,Auroma Coke,,,,,,,
GSTK538541,Inceptum Enterprises,,,,,,,
GSTK539114,Hind Securities and Credits Ltd,,,,,,,
GSTK532166,Alka Securities,,,,,,,
GSTK521182,Seasons Furnishings,,,,,,,
GSTK543366,SBL Infratech,,,,,,,
GSTK516086,Shree Rajeshwaranand Paper Mills,,,,,,,
GSTK507894,Schablona India,,,,,,,
GSTK533109,Euro Multivision,EUROMULTI,,,,,,
GSTK533204,GB Global,GBGLOBAL,,,,,,
GSTK531206,Kwality Credit & Leasing,,,,,,,
GSTK539962,Quest Financial Services,,,,,,,
GSTK539637,Blueblood Ventures,,,,,,,
GSTK523164,SIP Industries,,,,,,,
GSTK511149,Remi Securities,,,,,,,
GSTK534731,Bronze Infra-Tech,,,,,,,
GSTK517403,Sun Source (India),,,,,,,
GSTK531621,Centerac Technologies,,,,,,,
GSTK542117,Netripples Software,,,,,,,
GSTK505711,Gajra Bevel Gears,,,,,,,
GSTK532083,Shri Kalyan Holdings,,,,,,,
GSTK537838,Negotium International Trade,,,,,,,
GSTK540385,KD Leisures,,,,,,,
GSTK538423,Alps Motor Finance,,,,,,,
GSTK539434,Brilliant Portfolios,,,,,,,
GSTK539383,Mahaveer Infoway,,,,,,,
GSTK532766,Richa Industries,,,,,,,
GSTK532350,Padmalaya Telefilms,PADMALAYAT,,,,,,
GSTK531458,Boston Commerce,,,,,,,
GSTK524504,Revati Media Ltd.,,,,,,,
GSTK501945,Dhenu Buildcon Infra,,,,,,,
GSTK530915,J R Foods,,,,,,,
GSTK502850,Gaekwar Mills,,,,,,,
GSTK541627,Gujarat Winding Systems,,,,,,,
GSTK539910,Kome-on Communication,,,,,,,
GSTK531692,Khyati Multimedia Entertainment,,,,,,,
GSTK531686,MPS Pharmaa,,,,,,,
GSTK514144,Uniworth,WOOLWORTH,,,,,,
GSTK540108,Tiaan Consumer,,,,,,,
GSTK531039,Swadha Nature,,,,,,,
GSTK532354,Virgo Global,,,,,,,
GSTK531568,Tridev Infraestates,,,,,,,
GSTK526967,Heera Ispat,,,,,,,
GSTK514414,Oxford Industries,,,,,,,
GSTK533268,Sea TV Network,,,,,,,
GSTK539486,Geetanjali Credit & Capital,,,,,,,
GSTK531716,Tricom Fruit Products,,,,,,,
GSTK530733,Encode Packaging India,,,,,,,
GSTK538733,Starlit Power Systems,,,,,,,
GSTK531775,Cistro Telelink,,,,,,,
GSTK532303,Integrated Hitech,,,,,,,
GSTK522171,TMT (India),,,,,,,
GSTK532444,T Spiritual World,,,,,,,
GSTK513397,Vallabh Steels,,,,,,,
GSTK513309,Golkonda Aluminium Extrusions,,,,,,,
GSTK530795,Suncity Synthetics,,,,,,,
GSTK530547,Ken Financial Services,,,,,,,
GSTK533019,Simplex Papers,,,,,,,
GSTK531925,SHANTANU SHEOREY AQUAKULT LTD.,,,,,,,
GSTK531396,Pagaria Energy,,,,,,,
GSTK500248,Krishna Filament Industries,,,,,,,
GSTK531929,Innocorp,,,,,,,
GSTK511585,Regency Trust,,,,,,,
GSTK532645,Beeyu Overseas,,,,,,,
GSTK513452,Elango Industries,,,,,,,
GSTK542206,Nivaka Fashions,,,,,,,
GSTK513687,Spectra Industries,,,,,,,
GSTK526195,Neogem India,,,,,,,
GSTK508306,Ledo Tea Company,,,,,,,
GSTK538432,Divinus Fabrics,,,,,,,
GSTK532038,Emmsons International,,,,,,,
GSTK511064,Aplaya Creations,,,,,,,
GSTK504673,Universal Prime Aluminium,,,,,,,
GSTK506313,Sashwat Technocrats,,,,,,,
GSTK539009,GBL Industries,,,,,,,
GSTK531904,Globus Corporation,KARUNACAB,,,,,,
GSTK511632,Olympic Management & Financial Services,,,,,,,
GSTK531648,Mahavir Industries,,,,,,,
GSTK541999,Genera Agri Corp,,,,,,,
GSTK531343,India Infraspace,,,,,,,
GSTK523209,Nicco Uco Alliance Credit,,,,,,,
GSTK512221,SPV Global Trading,,,,,,,
GSTK506027,Bhoruka Aluminium,,,,,,,
GSTK539819,Mudra Financial Services,,,,,,,
GSTK532307,Melstar Information Technologies,MELSTAR,,,,,,
GSTK512279,N2N Technologies,,,,,,,
GSTK513039,Hindusthan Udyog,,,,,,,
GSTK526737,Corporate Courier & Cargo,,,,,,,
GSTK513515,SR Industries,,,,,,,
GSTK531252,Aneri Fincap,,,,,,,
GSTK532403,Fourth Generation Information Systems,,,,,,,
GSTK501630,Anand Projects,,,,,,,
GSTK532139,G-Tech Info Training,,,,,,,
GSTK524031,Patidar Buildcon,,,,,,,
GSTK517463,Linaks Micro Electronics,,,,,,,
GSTK526823,Rajeswari Infrastructure,,,,,,,
GSTK539266,Concrete Credit,,,,,,,
GSTK539911,Svarnim Trade Udyog,,,,,,,
GSTK505520,HEM Holdings & Trading,,,,,,,
GSTK531769,PFL Infotech,,,,,,,
GSTK519279,Madhur Industries,,,,,,,
GSTK531327,Charms Industries,,,,,,,
GSTK531207,Cresanto Global,,,,,,,
GSTK508860,Diamant Infrastructure,,,,,,,
GSTK538557,Sai Baba Investment and Commercial Enterprises,,,,,,,
GSTK513291,Primuss Pipes & Tubes,,,,,,,
GSTK504375,IDream Film Infrastructure Company,,,,,,,
GSTK540024,Ashari Agencies,,,,,,,
GSTK538653,Ejecta Marketing,,,,,,,
GSTK530783,Trans Asia Corporation,,,,,,,
GSTK519319,Jatalia Global Ventures,,,,,,,
GSTK511640,Sanghi Corporate Services,,,,,,,
GSTK530699,Raj Rayon Industries,RAJRAYON,,,,,,
GSTK530403,Vallabh Poly-Plast International,,,,,,,
GSTK511597,Palsoft Infosystems,,,,,,,
GSTK538652,Hind Commerce,,,,,,,
GSTK507886,Dhruv Estates,,,,,,,
GSTK531447,Rockon Enterprises Ltd,,,,,,,
GSTK538433,Classic Global Finance & Capital,,,,,,,
GSTK511254,Sagar Systech,,,,,,,
GSTK540253,Shree Nidhi Trading Co,,,,,,,
GSTK531196,Gagan Polycot India,,,,,,,
GSTK536751,Five X Tradecom,,,,,,,
GSTK534707,Aditri Gems & Jewels Industries,,,,,,,
GSTK506190,Sarvamangal Marcantile Company,,,,,,,
GSTK512341,CES,,,,,,,
GSTK511367,Meglon infra-Real (India),,,,,,,
GSTK540697,A & M Febcon,,,,,,,
GSTK507663,Signature Green Corporation,,,,,,,
GSTK512091,Global Defence Industries,,,,,,,
GSTK532336,Baron Infotech,,,,,,,
GSTK531499,Sybly Industries,,,,,,,
GSTK505100,India Radiators,,,,,,,
GSTK531597,Midland Polymers,,,,,,,
GSTK509917,Technojet Consultants,,,,,,,
GSTK517230,Aurique,,,,,,,
GSTK530859,Cosboard Industries,,,,,,,
GSTK504360,Remi Sales and Engineering,,,,,,,
GSTK505506,Axon Ventures Ltd,,,,,,,
GSTK538575,Solis Marketing,,,,,,,
GSTK534757,Focus Industrial Resources,,,,,,,
GSTK512105,Proaim Enterprises Ltd,,,,,,,
GSTK523415,Coventry Coil-O-Matic (Haryana),,,,,,,
GSTK511276,Vishvas Projects,,,,,,,
GSTK513359,Parab Infra,,,,,,,
GSTK500151,Golden Tobacco,GOLDENTOBC,,,,,,
GSTK543522,Nanavati Ventures,,,,,,,
GSTK543536,Silver Pearl Hospitality & Luxury Spaces,,,,,,,
GSTK531738,Silicon Valley Infotech,,,,,,,
GSTK539169,Funny Software,,,,,,,
GSTK509003,Megh Mayur Infra,,,,,,,
GSTK512431,Whitehall Commercial Company,,,,,,,
GSTK506867,Master Chemicals,,,,,,,
GSTK504365,Ridhi Synthetics,,,,,,,
GSTK501270,Antariksh Industries,,,,,,,
GSTK512511,Varun Mercantile,,,,,,,
GSTK501110,Sunrise Industrial Traders,,,,,,,
GSTK501111,Gold Rock Investments,,,,,,,
GSTK509870,Shaw Construction,,,,,,,
GSTK512197,Silveroak Commercials,,,,,,,
GSTK503671,Unijolly Investments Company,,,,,,,
GSTK509650,Hindustan Housing Company,,,,,,,
GSTK512377,Magnanimous Trade & Finance,,,,,,,
GSTK501386,E & E Enterprises,,,,,,,
GSTK544101,Brisk Technovision,,,,,,,
GSTK526009,Procal Electronics India,,,,,,,
GSTK508963,Trustwave Securities,,,,,,,
GSTK532470,MPF Systems,,,,,,,
GSTK506042,Prabhu Steel Industries,,,,,,,
GSTK511038,Arco Leasing,,,,,,,
GSTK506196,Viksit Engineering,,,,,,,
GSTK523315,Purity Flexpack,,,,,,,
